date,equipment_id,etape,heures_operees,disponible
2024-01-01,FOR-01,forage,19.52,1
2024-01-01,FOR-02,forage,19.5,1
2024-01-01,FOR-03,forage,15.33,1
2024-01-01,FOR-04,forage,16.6,1
2024-01-01,PEL-01,chargement,19.56,1
2024-01-01,PEL-02,chargement,16.07,1
2024-01-01,PEL-03,chargement,16.02,1
2024-01-01,PEL-04,chargement,23.15,1
2024-01-01,PEL-05,chargement,16.14,1
2024-01-01,CAM-01,transport,15.78,1
2024-01-01,CAM-02,transport,19.9,1
2024-01-01,CAM-03,transport,18.75,1
2024-01-01,CAM-04,transport,16.44,1
2024-01-01,CAM-05,transport,21.66,1
2024-01-01,CAM-06,transport,19.28,1
2024-01-01,CAM-07,transport,13.53,1
2024-01-01,CAM-08,transport,11.96,1
2024-01-01,CAM-09,transport,17.04,1
2024-01-01,CAM-10,transport,19.49,1
2024-01-01,CAM-11,transport,17.81,1
2024-01-01,CAM-12,transport,20.01,1
2024-01-01,GEN-01,energie,23.89,1
2024-01-01,GEN-02,energie,22.24,1
2024-01-01,GEN-03,energie,19.4,1
2024-01-02,FOR-01,forage,16.64,1
2024-01-02,FOR-02,forage,14.21,1
2024-01-02,FOR-03,forage,21.87,1
2024-01-02,FOR-04,forage,11.9,1
2024-01-02,PEL-01,chargement,22.33,1
2024-01-02,PEL-02,chargement,19.74,1
2024-01-02,PEL-03,chargement,19.07,1
2024-01-02,PEL-04,chargement,15.79,1
2024-01-02,PEL-05,chargement,21.31,1
2024-01-02,CAM-01,transport,18.47,1
2024-01-02,CAM-02,transport,22.78,1
2024-01-02,CAM-03,transport,19.86,1
2024-01-02,CAM-04,transport,13.3,1
2024-01-02,CAM-05,transport,21.85,1
2024-01-02,CAM-06,transport,12.08,1
2024-01-02,CAM-07,transport,16.1,1
2024-01-02,CAM-08,transport,17.45,1
2024-01-02,CAM-09,transport,21.06,1
2024-01-02,CAM-10,transport,19.66,1
2024-01-02,CAM-11,transport,17.55,1
2024-01-02,CAM-12,transport,18.36,1
2024-01-02,GEN-01,energie,24.0,1
2024-01-02,GEN-02,energie,24.0,1
2024-01-02,GEN-03,energie,22.05,1
2024-01-03,FOR-01,forage,22.4,1
2024-01-03,FOR-02,forage,16.67,1
2024-01-03,FOR-03,forage,17.55,1
2024-01-03,FOR-04,forage,17.11,1
2024-01-03,PEL-01,chargement,21.78,1
2024-01-03,PEL-02,chargement,14.2,1
2024-01-03,PEL-03,chargement,21.39,1
2024-01-03,PEL-04,chargement,20.58,1
2024-01-03,PEL-05,chargement,18.46,1
2024-01-03,CAM-01,transport,19.73,1
2024-01-03,CAM-02,transport,19.72,1
2024-01-03,CAM-03,transport,18.0,1
2024-01-03,CAM-04,transport,24.0,1
2024-01-03,CAM-05,transport,18.97,1
2024-01-03,CAM-06,transport,17.96,1
2024-01-03,CAM-07,transport,20.77,1
2024-01-03,CAM-08,transport,23.51,1
2024-01-03,CAM-09,transport,10.31,1
2024-01-03,CAM-10,transport,19.2,1
2024-01-03,CAM-11,transport,18.72,1
2024-01-03,CAM-12,transport,18.85,1
2024-01-03,GEN-01,energie,20.96,1
2024-01-03,GEN-02,energie,20.89,1
2024-01-03,GEN-03,energie,21.8,1
2024-01-04,FOR-01,forage,0.0,0
2024-01-04,FOR-02,forage,23.93,1
2024-01-04,FOR-03,forage,17.19,1
2024-01-04,FOR-04,forage,16.79,1
2024-01-04,PEL-01,chargement,19.35,1
2024-01-04,PEL-02,chargement,18.49,1
2024-01-04,PEL-03,chargement,15.36,1
2024-01-04,PEL-04,chargement,23.84,1
2024-01-04,PEL-05,chargement,17.44,1
2024-01-04,CAM-01,transport,17.86,1
2024-01-04,CAM-02,transport,15.85,1
2024-01-04,CAM-03,transport,18.7,1
2024-01-04,CAM-04,transport,18.13,1
2024-01-04,CAM-05,transport,15.35,1
2024-01-04,CAM-06,transport,10.97,1
2024-01-04,CAM-07,transport,24.0,1
2024-01-04,CAM-08,transport,17.44,1
2024-01-04,CAM-09,transport,18.29,1
2024-01-04,CAM-10,transport,19.96,1
2024-01-04,CAM-11,transport,22.66,1
2024-01-04,CAM-12,transport,14.63,1
2024-01-04,GEN-01,energie,22.26,1
2024-01-04,GEN-02,energie,21.2,1
2024-01-04,GEN-03,energie,22.67,1
2024-01-05,FOR-01,forage,13.11,1
2024-01-05,FOR-02,forage,18.66,1
2024-01-05,FOR-03,forage,15.38,1
2024-01-05,FOR-04,forage,15.59,1
2024-01-05,PEL-01,chargement,19.85,1
2024-01-05,PEL-02,chargement,18.75,1
2024-01-05,PEL-03,chargement,19.37,1
2024-01-05,PEL-04,chargement,18.59,1
2024-01-05,PEL-05,chargement,16.42,1
2024-01-05,CAM-01,transport,16.47,1
2024-01-05,CAM-02,transport,15.67,1
2024-01-05,CAM-03,transport,24.0,1
2024-01-05,CAM-04,transport,18.71,1
2024-01-05,CAM-05,transport,20.93,1
2024-01-05,CAM-06,transport,16.7,1
2024-01-05,CAM-07,transport,18.55,1
2024-01-05,CAM-08,transport,20.22,1
2024-01-05,CAM-09,transport,16.01,1
2024-01-05,CAM-10,transport,16.8,1
2024-01-05,CAM-11,transport,20.37,1
2024-01-05,CAM-12,transport,16.5,1
2024-01-05,GEN-01,energie,23.72,1
2024-01-05,GEN-02,energie,20.82,1
2024-01-05,GEN-03,energie,19.61,1
2024-01-06,FOR-01,forage,0.0,0
2024-01-06,FOR-02,forage,17.27,1
2024-01-06,FOR-03,forage,23.37,1
2024-01-06,FOR-04,forage,18.13,1
2024-01-06,PEL-01,chargement,17.41,1
2024-01-06,PEL-02,chargement,14.22,1
2024-01-06,PEL-03,chargement,13.06,1
2024-01-06,PEL-04,chargement,16.21,1
2024-01-06,PEL-05,chargement,18.02,1
2024-01-06,CAM-01,transport,20.42,1
2024-01-06,CAM-02,transport,13.31,1
2024-01-06,CAM-03,transport,16.08,1
2024-01-06,CAM-04,transport,15.29,1
2024-01-06,CAM-05,transport,15.69,1
2024-01-06,CAM-06,transport,14.46,1
2024-01-06,CAM-07,transport,19.09,1
2024-01-06,CAM-08,transport,16.08,1
2024-01-06,CAM-09,transport,12.17,1
2024-01-06,CAM-10,transport,11.31,1
2024-01-06,CAM-11,transport,15.37,1
2024-01-06,CAM-12,transport,20.34,1
2024-01-06,GEN-01,energie,23.5,1
2024-01-06,GEN-02,energie,24.0,1
2024-01-06,GEN-03,energie,23.32,1
2024-01-07,FOR-01,forage,20.69,1
2024-01-07,FOR-02,forage,21.93,1
2024-01-07,FOR-03,forage,23.82,1
2024-01-07,FOR-04,forage,12.73,1
2024-01-07,PEL-01,chargement,15.22,1
2024-01-07,PEL-02,chargement,20.07,1
2024-01-07,PEL-03,chargement,19.68,1
2024-01-07,PEL-04,chargement,20.71,1
2024-01-07,PEL-05,chargement,18.88,1
2024-01-07,CAM-01,transport,20.48,1
2024-01-07,CAM-02,transport,0.0,0
2024-01-07,CAM-03,transport,17.47,1
2024-01-07,CAM-04,transport,18.21,1
2024-01-07,CAM-05,transport,16.91,1
2024-01-07,CAM-06,transport,17.92,1
2024-01-07,CAM-07,transport,19.39,1
2024-01-07,CAM-08,transport,17.75,1
2024-01-07,CAM-09,transport,18.43,1
2024-01-07,CAM-10,transport,15.66,1
2024-01-07,CAM-11,transport,22.71,1
2024-01-07,CAM-12,transport,15.07,1
2024-01-07,GEN-01,energie,24.0,1
2024-01-07,GEN-02,energie,20.74,1
2024-01-07,GEN-03,energie,24.0,1
2024-01-08,FOR-01,forage,19.62,1
2024-01-08,FOR-02,forage,21.94,1
2024-01-08,FOR-03,forage,16.39,1
2024-01-08,FOR-04,forage,18.69,1
2024-01-08,PEL-01,chargement,17.13,1
2024-01-08,PEL-02,chargement,15.98,1
2024-01-08,PEL-03,chargement,21.23,1
2024-01-08,PEL-04,chargement,20.53,1
2024-01-08,PEL-05,chargement,20.66,1
2024-01-08,CAM-01,transport,18.51,1
2024-01-08,CAM-02,transport,18.82,1
2024-01-08,CAM-03,transport,16.28,1
2024-01-08,CAM-04,transport,22.77,1
2024-01-08,CAM-05,transport,19.21,1
2024-01-08,CAM-06,transport,0.0,0
2024-01-08,CAM-07,transport,20.49,1
2024-01-08,CAM-08,transport,0.0,0
2024-01-08,CAM-09,transport,16.15,1
2024-01-08,CAM-10,transport,17.39,1
2024-01-08,CAM-11,transport,22.35,1
2024-01-08,CAM-12,transport,21.43,1
2024-01-08,GEN-01,energie,23.01,1
2024-01-08,GEN-02,energie,20.28,1
2024-01-08,GEN-03,energie,23.82,1
2024-01-09,FOR-01,forage,17.7,1
2024-01-09,FOR-02,forage,15.99,1
2024-01-09,FOR-03,forage,15.7,1
2024-01-09,FOR-04,forage,18.79,1
2024-01-09,PEL-01,chargement,18.84,1
2024-01-09,PEL-02,chargement,18.65,1
2024-01-09,PEL-03,chargement,19.08,1
2024-01-09,PEL-04,chargement,16.83,1
2024-01-09,PEL-05,chargement,15.86,1
2024-01-09,CAM-01,transport,16.3,1
2024-01-09,CAM-02,transport,18.44,1
2024-01-09,CAM-03,transport,24.0,1
2024-01-09,CAM-04,transport,16.09,1
2024-01-09,CAM-05,transport,20.52,1
2024-01-09,CAM-06,transport,17.45,1
2024-01-09,CAM-07,transport,0.0,0
2024-01-09,CAM-08,transport,14.5,1
2024-01-09,CAM-09,transport,18.56,1
2024-01-09,CAM-10,transport,20.35,1
2024-01-09,CAM-11,transport,18.07,1
2024-01-09,CAM-12,transport,18.62,1
2024-01-09,GEN-01,energie,22.11,1
2024-01-09,GEN-02,energie,19.89,1
2024-01-09,GEN-03,energie,20.74,1
2024-01-10,FOR-01,forage,16.69,1
2024-01-10,FOR-02,forage,11.97,1
2024-01-10,FOR-03,forage,19.7,1
2024-01-10,FOR-04,forage,17.84,1
2024-01-10,PEL-01,chargement,23.48,1
2024-01-10,PEL-02,chargement,19.55,1
2024-01-10,PEL-03,chargement,17.44,1
2024-01-10,PEL-04,chargement,12.54,1
2024-01-10,PEL-05,chargement,12.31,1
2024-01-10,CAM-01,transport,17.84,1
2024-01-10,CAM-02,transport,12.52,1
2024-01-10,CAM-03,transport,14.8,1
2024-01-10,CAM-04,transport,18.09,1
2024-01-10,CAM-05,transport,18.75,1
2024-01-10,CAM-06,transport,22.51,1
2024-01-10,CAM-07,transport,21.49,1
2024-01-10,CAM-08,transport,14.82,1
2024-01-10,CAM-09,transport,14.77,1
2024-01-10,CAM-10,transport,0.0,0
2024-01-10,CAM-11,transport,17.96,1
2024-01-10,CAM-12,transport,14.45,1
2024-01-10,GEN-01,energie,24.0,1
2024-01-10,GEN-02,energie,23.32,1
2024-01-10,GEN-03,energie,21.68,1
2024-01-11,FOR-01,forage,22.83,1
2024-01-11,FOR-02,forage,21.46,1
2024-01-11,FOR-03,forage,17.47,1
2024-01-11,FOR-04,forage,15.93,1
2024-01-11,PEL-01,chargement,13.32,1
2024-01-11,PEL-02,chargement,19.5,1
2024-01-11,PEL-03,chargement,18.79,1
2024-01-11,PEL-04,chargement,16.7,1
2024-01-11,PEL-05,chargement,0.0,0
2024-01-11,CAM-01,transport,21.66,1
2024-01-11,CAM-02,transport,15.83,1
2024-01-11,CAM-03,transport,13.94,1
2024-01-11,CAM-04,transport,14.66,1
2024-01-11,CAM-05,transport,17.65,1
2024-01-11,CAM-06,transport,19.57,1
2024-01-11,CAM-07,transport,16.76,1
2024-01-11,CAM-08,transport,21.31,1
2024-01-11,CAM-09,transport,18.36,1
2024-01-11,CAM-10,transport,15.75,1
2024-01-11,CAM-11,transport,18.74,1
2024-01-11,CAM-12,transport,18.97,1
2024-01-11,GEN-01,energie,24.0,1
2024-01-11,GEN-02,energie,23.02,1
2024-01-11,GEN-03,energie,21.69,1
2024-01-12,FOR-01,forage,21.54,1
2024-01-12,FOR-02,forage,14.95,1
2024-01-12,FOR-03,forage,17.33,1
2024-01-12,FOR-04,forage,0.0,0
2024-01-12,PEL-01,chargement,18.06,1
2024-01-12,PEL-02,chargement,17.47,1
2024-01-12,PEL-03,chargement,19.56,1
2024-01-12,PEL-04,chargement,18.1,1
2024-01-12,PEL-05,chargement,17.85,1
2024-01-12,CAM-01,transport,22.99,1
2024-01-12,CAM-02,transport,22.69,1
2024-01-12,CAM-03,transport,17.28,1
2024-01-12,CAM-04,transport,20.8,1
2024-01-12,CAM-05,transport,15.6,1
2024-01-12,CAM-06,transport,16.49,1
2024-01-12,CAM-07,transport,19.33,1
2024-01-12,CAM-08,transport,18.41,1
2024-01-12,CAM-09,transport,20.09,1
2024-01-12,CAM-10,transport,17.11,1
2024-01-12,CAM-11,transport,19.07,1
2024-01-12,CAM-12,transport,20.7,1
2024-01-12,GEN-01,energie,23.07,1
2024-01-12,GEN-02,energie,19.39,1
2024-01-12,GEN-03,energie,18.96,1
2024-01-13,FOR-01,forage,16.54,1
2024-01-13,FOR-02,forage,13.22,1
2024-01-13,FOR-03,forage,19.52,1
2024-01-13,FOR-04,forage,24.0,1
2024-01-13,PEL-01,chargement,20.08,1
2024-01-13,PEL-02,chargement,16.6,1
2024-01-13,PEL-03,chargement,20.1,1
2024-01-13,PEL-04,chargement,17.72,1
2024-01-13,PEL-05,chargement,22.37,1
2024-01-13,CAM-01,transport,16.57,1
2024-01-13,CAM-02,transport,19.12,1
2024-01-13,CAM-03,transport,20.92,1
2024-01-13,CAM-04,transport,16.04,1
2024-01-13,CAM-05,transport,21.28,1
2024-01-13,CAM-06,transport,17.93,1
2024-01-13,CAM-07,transport,20.31,1
2024-01-13,CAM-08,transport,19.48,1
2024-01-13,CAM-09,transport,17.8,1
2024-01-13,CAM-10,transport,21.89,1
2024-01-13,CAM-11,transport,15.35,1
2024-01-13,CAM-12,transport,19.62,1
2024-01-13,GEN-01,energie,21.62,1
2024-01-13,GEN-02,energie,22.61,1
2024-01-13,GEN-03,energie,23.66,1
2024-01-14,FOR-01,forage,20.52,1
2024-01-14,FOR-02,forage,18.51,1
2024-01-14,FOR-03,forage,20.33,1
2024-01-14,FOR-04,forage,10.98,1
2024-01-14,PEL-01,chargement,20.48,1
2024-01-14,PEL-02,chargement,18.76,1
2024-01-14,PEL-03,chargement,18.1,1
2024-01-14,PEL-04,chargement,14.07,1
2024-01-14,PEL-05,chargement,0.0,0
2024-01-14,CAM-01,transport,18.67,1
2024-01-14,CAM-02,transport,20.7,1
2024-01-14,CAM-03,transport,12.75,1
2024-01-14,CAM-04,transport,19.35,1
2024-01-14,CAM-05,transport,19.1,1
2024-01-14,CAM-06,transport,22.48,1
2024-01-14,CAM-07,transport,16.28,1
2024-01-14,CAM-08,transport,14.34,1
2024-01-14,CAM-09,transport,19.01,1
2024-01-14,CAM-10,transport,18.74,1
2024-01-14,CAM-11,transport,24.0,1
2024-01-14,CAM-12,transport,19.59,1
2024-01-14,GEN-01,energie,23.1,1
2024-01-14,GEN-02,energie,22.58,1
2024-01-14,GEN-03,energie,22.49,1
2024-01-15,FOR-01,forage,16.37,1
2024-01-15,FOR-02,forage,19.38,1
2024-01-15,FOR-03,forage,0.0,0
2024-01-15,FOR-04,forage,10.65,1
2024-01-15,PEL-01,chargement,19.85,1
2024-01-15,PEL-02,chargement,15.83,1
2024-01-15,PEL-03,chargement,18.34,1
2024-01-15,PEL-04,chargement,17.28,1
2024-01-15,PEL-05,chargement,0.0,0
2024-01-15,CAM-01,transport,15.53,1
2024-01-15,CAM-02,transport,15.97,1
2024-01-15,CAM-03,transport,19.11,1
2024-01-15,CAM-04,transport,18.11,1
2024-01-15,CAM-05,transport,18.78,1
2024-01-15,CAM-06,transport,17.18,1
2024-01-15,CAM-07,transport,16.18,1
2024-01-15,CAM-08,transport,15.97,1
2024-01-15,CAM-09,transport,17.94,1
2024-01-15,CAM-10,transport,18.93,1
2024-01-15,CAM-11,transport,16.03,1
2024-01-15,CAM-12,transport,15.94,1
2024-01-15,GEN-01,energie,24.0,1
2024-01-15,GEN-02,energie,22.35,1
2024-01-15,GEN-03,energie,24.0,1
2024-01-16,FOR-01,forage,19.82,1
2024-01-16,FOR-02,forage,20.39,1
2024-01-16,FOR-03,forage,18.61,1
2024-01-16,FOR-04,forage,18.76,1
2024-01-16,PEL-01,chargement,22.99,1
2024-01-16,PEL-02,chargement,14.29,1
2024-01-16,PEL-03,chargement,20.44,1
2024-01-16,PEL-04,chargement,16.88,1
2024-01-16,PEL-05,chargement,17.98,1
2024-01-16,CAM-01,transport,17.24,1
2024-01-16,CAM-02,transport,16.11,1
2024-01-16,CAM-03,transport,19.92,1
2024-01-16,CAM-04,transport,0.0,0
2024-01-16,CAM-05,transport,13.54,1
2024-01-16,CAM-06,transport,24.0,1
2024-01-16,CAM-07,transport,18.75,1
2024-01-16,CAM-08,transport,20.72,1
2024-01-16,CAM-09,transport,17.13,1
2024-01-16,CAM-10,transport,18.39,1
2024-01-16,CAM-11,transport,19.72,1
2024-01-16,CAM-12,transport,17.05,1
2024-01-16,GEN-01,energie,24.0,1
2024-01-16,GEN-02,energie,22.39,1
2024-01-16,GEN-03,energie,22.52,1
2024-01-17,FOR-01,forage,18.2,1
2024-01-17,FOR-02,forage,17.78,1
2024-01-17,FOR-03,forage,22.97,1
2024-01-17,FOR-04,forage,16.95,1
2024-01-17,PEL-01,chargement,24.0,1
2024-01-17,PEL-02,chargement,17.46,1
2024-01-17,PEL-03,chargement,15.44,1
2024-01-17,PEL-04,chargement,0.0,0
2024-01-17,PEL-05,chargement,21.68,1
2024-01-17,CAM-01,transport,15.87,1
2024-01-17,CAM-02,transport,0.0,0
2024-01-17,CAM-03,transport,10.57,1
2024-01-17,CAM-04,transport,19.17,1
2024-01-17,CAM-05,transport,17.98,1
2024-01-17,CAM-06,transport,21.18,1
2024-01-17,CAM-07,transport,20.21,1
2024-01-17,CAM-08,transport,22.93,1
2024-01-17,CAM-09,transport,18.59,1
2024-01-17,CAM-10,transport,13.94,1
2024-01-17,CAM-11,transport,14.61,1
2024-01-17,CAM-12,transport,22.0,1
2024-01-17,GEN-01,energie,22.03,1
2024-01-17,GEN-02,energie,20.49,1
2024-01-17,GEN-03,energie,20.32,1
2024-01-18,FOR-01,forage,17.14,1
2024-01-18,FOR-02,forage,20.35,1
2024-01-18,FOR-03,forage,17.82,1
2024-01-18,FOR-04,forage,13.28,1
2024-01-18,PEL-01,chargement,18.05,1
2024-01-18,PEL-02,chargement,14.38,1
2024-01-18,PEL-03,chargement,20.08,1
2024-01-18,PEL-04,chargement,20.54,1
2024-01-18,PEL-05,chargement,14.36,1
2024-01-18,CAM-01,transport,16.95,1
2024-01-18,CAM-02,transport,21.73,1
2024-01-18,CAM-03,transport,18.71,1
2024-01-18,CAM-04,transport,20.15,1
2024-01-18,CAM-05,transport,20.94,1
2024-01-18,CAM-06,transport,15.38,1
2024-01-18,CAM-07,transport,21.57,1
2024-01-18,CAM-08,transport,17.83,1
2024-01-18,CAM-09,transport,12.75,1
2024-01-18,CAM-10,transport,10.44,1
2024-01-18,CAM-11,transport,20.42,1
2024-01-18,CAM-12,transport,12.78,1
2024-01-18,GEN-01,energie,21.73,1
2024-01-18,GEN-02,energie,22.97,1
2024-01-18,GEN-03,energie,18.0,1
2024-01-19,FOR-01,forage,14.54,1
2024-01-19,FOR-02,forage,15.79,1
2024-01-19,FOR-03,forage,18.73,1
2024-01-19,FOR-04,forage,21.18,1
2024-01-19,PEL-01,chargement,20.49,1
2024-01-19,PEL-02,chargement,16.88,1
2024-01-19,PEL-03,chargement,19.22,1
2024-01-19,PEL-04,chargement,14.47,1
2024-01-19,PEL-05,chargement,15.45,1
2024-01-19,CAM-01,transport,0.0,0
2024-01-19,CAM-02,transport,17.16,1
2024-01-19,CAM-03,transport,16.27,1
2024-01-19,CAM-04,transport,19.06,1
2024-01-19,CAM-05,transport,14.37,1
2024-01-19,CAM-06,transport,15.0,1
2024-01-19,CAM-07,transport,20.32,1
2024-01-19,CAM-08,transport,20.39,1
2024-01-19,CAM-09,transport,21.96,1
2024-01-19,CAM-10,transport,15.37,1
2024-01-19,CAM-11,transport,24.0,1
2024-01-19,CAM-12,transport,16.06,1
2024-01-19,GEN-01,energie,23.62,1
2024-01-19,GEN-02,energie,21.13,1
2024-01-19,GEN-03,energie,23.0,1
2024-01-20,FOR-01,forage,24.0,1
2024-01-20,FOR-02,forage,18.24,1
2024-01-20,FOR-03,forage,12.84,1
2024-01-20,FOR-04,forage,21.45,1
2024-01-20,PEL-01,chargement,21.78,1
2024-01-20,PEL-02,chargement,18.35,1
2024-01-20,PEL-03,chargement,21.55,1
2024-01-20,PEL-04,chargement,20.22,1
2024-01-20,PEL-05,chargement,19.49,1
2024-01-20,CAM-01,transport,19.94,1
2024-01-20,CAM-02,transport,20.7,1
2024-01-20,CAM-03,transport,20.2,1
2024-01-20,CAM-04,transport,18.51,1
2024-01-20,CAM-05,transport,19.48,1
2024-01-20,CAM-06,transport,17.01,1
2024-01-20,CAM-07,transport,18.11,1
2024-01-20,CAM-08,transport,21.44,1
2024-01-20,CAM-09,transport,15.64,1
2024-01-20,CAM-10,transport,18.47,1
2024-01-20,CAM-11,transport,15.93,1
2024-01-20,CAM-12,transport,18.91,1
2024-01-20,GEN-01,energie,20.88,1
2024-01-20,GEN-02,energie,20.05,1
2024-01-20,GEN-03,energie,21.78,1
2024-01-21,FOR-01,forage,16.99,1
2024-01-21,FOR-02,forage,0.0,0
2024-01-21,FOR-03,forage,11.68,1
2024-01-21,FOR-04,forage,23.56,1
2024-01-21,PEL-01,chargement,19.36,1
2024-01-21,PEL-02,chargement,13.99,1
2024-01-21,PEL-03,chargement,16.7,1
2024-01-21,PEL-04,chargement,15.26,1
2024-01-21,PEL-05,chargement,16.43,1
2024-01-21,CAM-01,transport,17.4,1
2024-01-21,CAM-02,transport,18.25,1
2024-01-21,CAM-03,transport,18.47,1
2024-01-21,CAM-04,transport,23.07,1
2024-01-21,CAM-05,transport,19.45,1
2024-01-21,CAM-06,transport,21.07,1
2024-01-21,CAM-07,transport,16.81,1
2024-01-21,CAM-08,transport,18.56,1
2024-01-21,CAM-09,transport,22.13,1
2024-01-21,CAM-10,transport,19.08,1
2024-01-21,CAM-11,transport,18.62,1
2024-01-21,CAM-12,transport,14.46,1
2024-01-21,GEN-01,energie,18.47,1
2024-01-21,GEN-02,energie,24.0,1
2024-01-21,GEN-03,energie,24.0,1
2024-01-22,FOR-01,forage,17.88,1
2024-01-22,FOR-02,forage,21.47,1
2024-01-22,FOR-03,forage,17.6,1
2024-01-22,FOR-04,forage,20.69,1
2024-01-22,PEL-01,chargement,22.55,1
2024-01-22,PEL-02,chargement,15.01,1
2024-01-22,PEL-03,chargement,22.06,1
2024-01-22,PEL-04,chargement,17.14,1
2024-01-22,PEL-05,chargement,23.45,1
2024-01-22,CAM-01,transport,19.8,1
2024-01-22,CAM-02,transport,17.01,1
2024-01-22,CAM-03,transport,17.65,1
2024-01-22,CAM-04,transport,18.75,1
2024-01-22,CAM-05,transport,22.17,1
2024-01-22,CAM-06,transport,16.24,1
2024-01-22,CAM-07,transport,18.32,1
2024-01-22,CAM-08,transport,16.55,1
2024-01-22,CAM-09,transport,14.12,1
2024-01-22,CAM-10,transport,22.7,1
2024-01-22,CAM-11,transport,19.04,1
2024-01-22,CAM-12,transport,17.05,1
2024-01-22,GEN-01,energie,19.19,1
2024-01-22,GEN-02,energie,24.0,1
2024-01-22,GEN-03,energie,20.33,1
2024-01-23,FOR-01,forage,16.68,1
2024-01-23,FOR-02,forage,20.2,1
2024-01-23,FOR-03,forage,22.43,1
2024-01-23,FOR-04,forage,17.9,1
2024-01-23,PEL-01,chargement,22.28,1
2024-01-23,PEL-02,chargement,16.66,1
2024-01-23,PEL-03,chargement,0.0,0
2024-01-23,PEL-04,chargement,0.0,0
2024-01-23,PEL-05,chargement,15.77,1
2024-01-23,CAM-01,transport,14.72,1
2024-01-23,CAM-02,transport,19.49,1
2024-01-23,CAM-03,transport,18.62,1
2024-01-23,CAM-04,transport,0.0,0
2024-01-23,CAM-05,transport,0.0,0
2024-01-23,CAM-06,transport,22.32,1
2024-01-23,CAM-07,transport,16.67,1
2024-01-23,CAM-08,transport,19.67,1
2024-01-23,CAM-09,transport,19.19,1
2024-01-23,CAM-10,transport,22.02,1
2024-01-23,CAM-11,transport,20.07,1
2024-01-23,CAM-12,transport,17.13,1
2024-01-23,GEN-01,energie,19.38,1
2024-01-23,GEN-02,energie,18.91,1
2024-01-23,GEN-03,energie,21.97,1
2024-01-24,FOR-01,forage,18.45,1
2024-01-24,FOR-02,forage,15.45,1
2024-01-24,FOR-03,forage,21.49,1
2024-01-24,FOR-04,forage,17.77,1
2024-01-24,PEL-01,chargement,15.74,1
2024-01-24,PEL-02,chargement,15.0,1
2024-01-24,PEL-03,chargement,17.4,1
2024-01-24,PEL-04,chargement,18.09,1
2024-01-24,PEL-05,chargement,17.53,1
2024-01-24,CAM-01,transport,19.25,1
2024-01-24,CAM-02,transport,19.56,1
2024-01-24,CAM-03,transport,14.54,1
2024-01-24,CAM-04,transport,13.73,1
2024-01-24,CAM-05,transport,17.71,1
2024-01-24,CAM-06,transport,18.9,1
2024-01-24,CAM-07,transport,17.93,1
2024-01-24,CAM-08,transport,17.67,1
2024-01-24,CAM-09,transport,13.18,1
2024-01-24,CAM-10,transport,19.07,1
2024-01-24,CAM-11,transport,19.72,1
2024-01-24,CAM-12,transport,19.34,1
2024-01-24,GEN-01,energie,21.99,1
2024-01-24,GEN-02,energie,18.92,1
2024-01-24,GEN-03,energie,21.75,1
2024-01-25,FOR-01,forage,21.79,1
2024-01-25,FOR-02,forage,15.67,1
2024-01-25,FOR-03,forage,17.66,1
2024-01-25,FOR-04,forage,19.27,1
2024-01-25,PEL-01,chargement,0.0,0
2024-01-25,PEL-02,chargement,24.0,1
2024-01-25,PEL-03,chargement,17.72,1
2024-01-25,PEL-04,chargement,10.79,1
2024-01-25,PEL-05,chargement,19.95,1
2024-01-25,CAM-01,transport,16.17,1
2024-01-25,CAM-02,transport,14.86,1
2024-01-25,CAM-03,transport,14.63,1
2024-01-25,CAM-04,transport,12.36,1
2024-01-25,CAM-05,transport,19.09,1
2024-01-25,CAM-06,transport,13.55,1
2024-01-25,CAM-07,transport,19.85,1
2024-01-25,CAM-08,transport,18.99,1
2024-01-25,CAM-09,transport,22.07,1
2024-01-25,CAM-10,transport,18.43,1
2024-01-25,CAM-11,transport,18.55,1
2024-01-25,CAM-12,transport,17.07,1
2024-01-25,GEN-01,energie,22.92,1
2024-01-25,GEN-02,energie,21.0,1
2024-01-25,GEN-03,energie,19.35,1
2024-01-26,FOR-01,forage,21.67,1
2024-01-26,FOR-02,forage,19.61,1
2024-01-26,FOR-03,forage,20.68,1
2024-01-26,FOR-04,forage,12.27,1
2024-01-26,PEL-01,chargement,24.0,1
2024-01-26,PEL-02,chargement,14.31,1
2024-01-26,PEL-03,chargement,18.61,1
2024-01-26,PEL-04,chargement,18.51,1
2024-01-26,PEL-05,chargement,14.27,1
2024-01-26,CAM-01,transport,13.82,1
2024-01-26,CAM-02,transport,19.1,1
2024-01-26,CAM-03,transport,18.8,1
2024-01-26,CAM-04,transport,16.67,1
2024-01-26,CAM-05,transport,0.0,0
2024-01-26,CAM-06,transport,20.86,1
2024-01-26,CAM-07,transport,17.39,1
2024-01-26,CAM-08,transport,15.19,1
2024-01-26,CAM-09,transport,12.14,1
2024-01-26,CAM-10,transport,17.86,1
2024-01-26,CAM-11,transport,0.0,0
2024-01-26,CAM-12,transport,13.24,1
2024-01-26,GEN-01,energie,23.34,1
2024-01-26,GEN-02,energie,20.64,1
2024-01-26,GEN-03,energie,21.67,1
2024-01-27,FOR-01,forage,18.78,1
2024-01-27,FOR-02,forage,0.0,0
2024-01-27,FOR-03,forage,16.34,1
2024-01-27,FOR-04,forage,18.28,1
2024-01-27,PEL-01,chargement,17.96,1
2024-01-27,PEL-02,chargement,18.56,1
2024-01-27,PEL-03,chargement,16.17,1
2024-01-27,PEL-04,chargement,19.15,1
2024-01-27,PEL-05,chargement,15.97,1
2024-01-27,CAM-01,transport,19.02,1
2024-01-27,CAM-02,transport,22.54,1
2024-01-27,CAM-03,transport,17.19,1
2024-01-27,CAM-04,transport,17.07,1
2024-01-27,CAM-05,transport,18.97,1
2024-01-27,CAM-06,transport,13.89,1
2024-01-27,CAM-07,transport,13.03,1
2024-01-27,CAM-08,transport,21.88,1
2024-01-27,CAM-09,transport,20.01,1
2024-01-27,CAM-10,transport,18.32,1
2024-01-27,CAM-11,transport,15.07,1
2024-01-27,CAM-12,transport,17.98,1
2024-01-27,GEN-01,energie,19.61,1
2024-01-27,GEN-02,energie,22.6,1
2024-01-27,GEN-03,energie,20.88,1
2024-01-28,FOR-01,forage,15.79,1
2024-01-28,FOR-02,forage,20.44,1
2024-01-28,FOR-03,forage,14.32,1
2024-01-28,FOR-04,forage,13.21,1
2024-01-28,PEL-01,chargement,19.94,1
2024-01-28,PEL-02,chargement,11.94,1
2024-01-28,PEL-03,chargement,19.48,1
2024-01-28,PEL-04,chargement,16.51,1
2024-01-28,PEL-05,chargement,22.43,1
2024-01-28,CAM-01,transport,19.26,1
2024-01-28,CAM-02,transport,19.88,1
2024-01-28,CAM-03,transport,19.42,1
2024-01-28,CAM-04,transport,20.27,1
2024-01-28,CAM-05,transport,17.81,1
2024-01-28,CAM-06,transport,16.62,1
2024-01-28,CAM-07,transport,11.56,1
2024-01-28,CAM-08,transport,23.73,1
2024-01-28,CAM-09,transport,16.18,1
2024-01-28,CAM-10,transport,18.79,1
2024-01-28,CAM-11,transport,18.8,1
2024-01-28,CAM-12,transport,0.0,0
2024-01-28,GEN-01,energie,23.91,1
2024-01-28,GEN-02,energie,21.18,1
2024-01-28,GEN-03,energie,19.79,1
2024-01-29,FOR-01,forage,20.57,1
2024-01-29,FOR-02,forage,21.17,1
2024-01-29,FOR-03,forage,20.66,1
2024-01-29,FOR-04,forage,16.26,1
2024-01-29,PEL-01,chargement,16.1,1
2024-01-29,PEL-02,chargement,19.03,1
2024-01-29,PEL-03,chargement,18.7,1
2024-01-29,PEL-04,chargement,13.4,1
2024-01-29,PEL-05,chargement,15.92,1
2024-01-29,CAM-01,transport,15.44,1
2024-01-29,CAM-02,transport,20.56,1
2024-01-29,CAM-03,transport,19.81,1
2024-01-29,CAM-04,transport,16.44,1
2024-01-29,CAM-05,transport,16.34,1
2024-01-29,CAM-06,transport,15.78,1
2024-01-29,CAM-07,transport,15.87,1
2024-01-29,CAM-08,transport,19.79,1
2024-01-29,CAM-09,transport,21.99,1
2024-01-29,CAM-10,transport,9.88,1
2024-01-29,CAM-11,transport,18.52,1
2024-01-29,CAM-12,transport,20.78,1
2024-01-29,GEN-01,energie,24.0,1
2024-01-29,GEN-02,energie,24.0,1
2024-01-29,GEN-03,energie,23.55,1
2024-01-30,FOR-01,forage,13.73,1
2024-01-30,FOR-02,forage,17.67,1
2024-01-30,FOR-03,forage,11.83,1
2024-01-30,FOR-04,forage,21.9,1
2024-01-30,PEL-01,chargement,14.03,1
2024-01-30,PEL-02,chargement,21.18,1
2024-01-30,PEL-03,chargement,17.37,1
2024-01-30,PEL-04,chargement,18.81,1
2024-01-30,PEL-05,chargement,21.11,1
2024-01-30,CAM-01,transport,18.26,1
2024-01-30,CAM-02,transport,16.59,1
2024-01-30,CAM-03,transport,19.89,1
2024-01-30,CAM-04,transport,21.41,1
2024-01-30,CAM-05,transport,16.65,1
2024-01-30,CAM-06,transport,16.39,1
2024-01-30,CAM-07,transport,19.3,1
2024-01-30,CAM-08,transport,19.56,1
2024-01-30,CAM-09,transport,14.04,1
2024-01-30,CAM-10,transport,19.16,1
2024-01-30,CAM-11,transport,24.0,1
2024-01-30,CAM-12,transport,20.31,1
2024-01-30,GEN-01,energie,18.66,1
2024-01-30,GEN-02,energie,21.01,1
2024-01-30,GEN-03,energie,21.69,1
2024-01-31,FOR-01,forage,19.4,1
2024-01-31,FOR-02,forage,16.09,1
2024-01-31,FOR-03,forage,16.28,1
2024-01-31,FOR-04,forage,0.0,0
2024-01-31,PEL-01,chargement,18.86,1
2024-01-31,PEL-02,chargement,18.08,1
2024-01-31,PEL-03,chargement,20.54,1
2024-01-31,PEL-04,chargement,15.14,1
2024-01-31,PEL-05,chargement,14.66,1
2024-01-31,CAM-01,transport,18.63,1
2024-01-31,CAM-02,transport,17.19,1
2024-01-31,CAM-03,transport,18.35,1
2024-01-31,CAM-04,transport,16.39,1
2024-01-31,CAM-05,transport,18.45,1
2024-01-31,CAM-06,transport,18.04,1
2024-01-31,CAM-07,transport,18.0,1
2024-01-31,CAM-08,transport,19.39,1
2024-01-31,CAM-09,transport,18.46,1
2024-01-31,CAM-10,transport,15.27,1
2024-01-31,CAM-11,transport,18.47,1
2024-01-31,CAM-12,transport,16.24,1
2024-01-31,GEN-01,energie,22.58,1
2024-01-31,GEN-02,energie,19.09,1
2024-01-31,GEN-03,energie,22.7,1
2024-02-01,FOR-01,forage,16.31,1
2024-02-01,FOR-02,forage,17.84,1
2024-02-01,FOR-03,forage,14.78,1
2024-02-01,FOR-04,forage,17.8,1
2024-02-01,PEL-01,chargement,20.18,1
2024-02-01,PEL-02,chargement,21.14,1
2024-02-01,PEL-03,chargement,19.21,1
2024-02-01,PEL-04,chargement,14.26,1
2024-02-01,PEL-05,chargement,18.04,1
2024-02-01,CAM-01,transport,0.0,0
2024-02-01,CAM-02,transport,14.22,1
2024-02-01,CAM-03,transport,18.77,1
2024-02-01,CAM-04,transport,15.79,1
2024-02-01,CAM-05,transport,20.21,1
2024-02-01,CAM-06,transport,15.22,1
2024-02-01,CAM-07,transport,0.0,0
2024-02-01,CAM-08,transport,14.76,1
2024-02-01,CAM-09,transport,20.44,1
2024-02-01,CAM-10,transport,16.88,1
2024-02-01,CAM-11,transport,11.63,1
2024-02-01,CAM-12,transport,0.0,0
2024-02-01,GEN-01,energie,22.41,1
2024-02-01,GEN-02,energie,19.9,1
2024-02-01,GEN-03,energie,24.0,1
2024-02-02,FOR-01,forage,12.92,1
2024-02-02,FOR-02,forage,17.18,1
2024-02-02,FOR-03,forage,14.63,1
2024-02-02,FOR-04,forage,19.79,1
2024-02-02,PEL-01,chargement,19.43,1
2024-02-02,PEL-02,chargement,15.31,1
2024-02-02,PEL-03,chargement,9.86,1
2024-02-02,PEL-04,chargement,17.67,1
2024-02-02,PEL-05,chargement,16.72,1
2024-02-02,CAM-01,transport,20.29,1
2024-02-02,CAM-02,transport,14.52,1
2024-02-02,CAM-03,transport,14.06,1
2024-02-02,CAM-04,transport,20.84,1
2024-02-02,CAM-05,transport,15.52,1
2024-02-02,CAM-06,transport,19.95,1
2024-02-02,CAM-07,transport,18.08,1
2024-02-02,CAM-08,transport,15.11,1
2024-02-02,CAM-09,transport,13.57,1
2024-02-02,CAM-10,transport,14.87,1
2024-02-02,CAM-11,transport,15.18,1
2024-02-02,CAM-12,transport,17.13,1
2024-02-02,GEN-01,energie,20.75,1
2024-02-02,GEN-02,energie,22.07,1
2024-02-02,GEN-03,energie,21.08,1
2024-02-03,FOR-01,forage,0.0,0
2024-02-03,FOR-02,forage,21.76,1
2024-02-03,FOR-03,forage,15.75,1
2024-02-03,FOR-04,forage,18.88,1
2024-02-03,PEL-01,chargement,14.25,1
2024-02-03,PEL-02,chargement,15.68,1
2024-02-03,PEL-03,chargement,19.24,1
2024-02-03,PEL-04,chargement,18.92,1
2024-02-03,PEL-05,chargement,17.59,1
2024-02-03,CAM-01,transport,22.01,1
2024-02-03,CAM-02,transport,21.72,1
2024-02-03,CAM-03,transport,17.52,1
2024-02-03,CAM-04,transport,18.17,1
2024-02-03,CAM-05,transport,24.0,1
2024-02-03,CAM-06,transport,14.78,1
2024-02-03,CAM-07,transport,21.46,1
2024-02-03,CAM-08,transport,20.58,1
2024-02-03,CAM-09,transport,18.29,1
2024-02-03,CAM-10,transport,18.03,1
2024-02-03,CAM-11,transport,19.26,1
2024-02-03,CAM-12,transport,17.73,1
2024-02-03,GEN-01,energie,24.0,1
2024-02-03,GEN-02,energie,22.36,1
2024-02-03,GEN-03,energie,22.25,1
2024-02-04,FOR-01,forage,18.89,1
2024-02-04,FOR-02,forage,20.99,1
2024-02-04,FOR-03,forage,14.17,1
2024-02-04,FOR-04,forage,17.16,1
2024-02-04,PEL-01,chargement,14.78,1
2024-02-04,PEL-02,chargement,22.65,1
2024-02-04,PEL-03,chargement,0.0,0
2024-02-04,PEL-04,chargement,0.0,0
2024-02-04,PEL-05,chargement,16.94,1
2024-02-04,CAM-01,transport,20.27,1
2024-02-04,CAM-02,transport,19.24,1
2024-02-04,CAM-03,transport,20.22,1
2024-02-04,CAM-04,transport,15.35,1
2024-02-04,CAM-05,transport,15.13,1
2024-02-04,CAM-06,transport,16.54,1
2024-02-04,CAM-07,transport,18.84,1
2024-02-04,CAM-08,transport,15.27,1
2024-02-04,CAM-09,transport,15.42,1
2024-02-04,CAM-10,transport,19.46,1
2024-02-04,CAM-11,transport,18.84,1
2024-02-04,CAM-12,transport,14.21,1
2024-02-04,GEN-01,energie,24.0,1
2024-02-04,GEN-02,energie,21.49,1
2024-02-04,GEN-03,energie,17.67,1
2024-02-05,FOR-01,forage,12.9,1
2024-02-05,FOR-02,forage,16.86,1
2024-02-05,FOR-03,forage,20.96,1
2024-02-05,FOR-04,forage,16.38,1
2024-02-05,PEL-01,chargement,14.27,1
2024-02-05,PEL-02,chargement,17.96,1
2024-02-05,PEL-03,chargement,18.17,1
2024-02-05,PEL-04,chargement,13.28,1
2024-02-05,PEL-05,chargement,15.14,1
2024-02-05,CAM-01,transport,20.74,1
2024-02-05,CAM-02,transport,13.25,1
2024-02-05,CAM-03,transport,17.13,1
2024-02-05,CAM-04,transport,23.79,1
2024-02-05,CAM-05,transport,20.37,1
2024-02-05,CAM-06,transport,16.57,1
2024-02-05,CAM-07,transport,18.59,1
2024-02-05,CAM-08,transport,16.08,1
2024-02-05,CAM-09,transport,18.41,1
2024-02-05,CAM-10,transport,22.08,1
2024-02-05,CAM-11,transport,18.62,1
2024-02-05,CAM-12,transport,20.22,1
2024-02-05,GEN-01,energie,21.17,1
2024-02-05,GEN-02,energie,22.21,1
2024-02-05,GEN-03,energie,22.28,1
2024-02-06,FOR-01,forage,21.93,1
2024-02-06,FOR-02,forage,14.62,1
2024-02-06,FOR-03,forage,17.53,1
2024-02-06,FOR-04,forage,18.67,1
2024-02-06,PEL-01,chargement,19.77,1
2024-02-06,PEL-02,chargement,15.2,1
2024-02-06,PEL-03,chargement,16.8,1
2024-02-06,PEL-04,chargement,24.0,1
2024-02-06,PEL-05,chargement,20.84,1
2024-02-06,CAM-01,transport,14.45,1
2024-02-06,CAM-02,transport,14.09,1
2024-02-06,CAM-03,transport,15.96,1
2024-02-06,CAM-04,transport,0.0,0
2024-02-06,CAM-05,transport,0.0,0
2024-02-06,CAM-06,transport,21.0,1
2024-02-06,CAM-07,transport,14.13,1
2024-02-06,CAM-08,transport,18.33,1
2024-02-06,CAM-09,transport,11.51,1
2024-02-06,CAM-10,transport,21.26,1
2024-02-06,CAM-11,transport,20.24,1
2024-02-06,CAM-12,transport,17.48,1
2024-02-06,GEN-01,energie,22.35,1
2024-02-06,GEN-02,energie,22.76,1
2024-02-06,GEN-03,energie,23.52,1
2024-02-07,FOR-01,forage,15.59,1
2024-02-07,FOR-02,forage,21.73,1
2024-02-07,FOR-03,forage,19.59,1
2024-02-07,FOR-04,forage,20.24,1
2024-02-07,PEL-01,chargement,17.41,1
2024-02-07,PEL-02,chargement,22.3,1
2024-02-07,PEL-03,chargement,16.79,1
2024-02-07,PEL-04,chargement,22.19,1
2024-02-07,PEL-05,chargement,24.0,1
2024-02-07,CAM-01,transport,20.24,1
2024-02-07,CAM-02,transport,18.55,1
2024-02-07,CAM-03,transport,22.72,1
2024-02-07,CAM-04,transport,14.77,1
2024-02-07,CAM-05,transport,16.91,1
2024-02-07,CAM-06,transport,13.81,1
2024-02-07,CAM-07,transport,21.09,1
2024-02-07,CAM-08,transport,21.97,1
2024-02-07,CAM-09,transport,16.79,1
2024-02-07,CAM-10,transport,21.83,1
2024-02-07,CAM-11,transport,16.96,1
2024-02-07,CAM-12,transport,20.07,1
2024-02-07,GEN-01,energie,22.72,1
2024-02-07,GEN-02,energie,23.29,1
2024-02-07,GEN-03,energie,24.0,1
2024-02-08,FOR-01,forage,18.38,1
2024-02-08,FOR-02,forage,0.0,0
2024-02-08,FOR-03,forage,19.29,1
2024-02-08,FOR-04,forage,24.0,1
2024-02-08,PEL-01,chargement,20.09,1
2024-02-08,PEL-02,chargement,20.51,1
2024-02-08,PEL-03,chargement,20.31,1
2024-02-08,PEL-04,chargement,14.47,1
2024-02-08,PEL-05,chargement,19.51,1
2024-02-08,CAM-01,transport,14.94,1
2024-02-08,CAM-02,transport,18.18,1
2024-02-08,CAM-03,transport,19.01,1
2024-02-08,CAM-04,transport,21.73,1
2024-02-08,CAM-05,transport,22.79,1
2024-02-08,CAM-06,transport,19.33,1
2024-02-08,CAM-07,transport,19.98,1
2024-02-08,CAM-08,transport,19.72,1
2024-02-08,CAM-09,transport,21.03,1
2024-02-08,CAM-10,transport,24.0,1
2024-02-08,CAM-11,transport,23.47,1
2024-02-08,CAM-12,transport,16.99,1
2024-02-08,GEN-01,energie,20.8,1
2024-02-08,GEN-02,energie,21.93,1
2024-02-08,GEN-03,energie,23.34,1
2024-02-09,FOR-01,forage,24.0,1
2024-02-09,FOR-02,forage,17.92,1
2024-02-09,FOR-03,forage,18.82,1
2024-02-09,FOR-04,forage,17.37,1
2024-02-09,PEL-01,chargement,18.53,1
2024-02-09,PEL-02,chargement,17.93,1
2024-02-09,PEL-03,chargement,18.12,1
2024-02-09,PEL-04,chargement,18.14,1
2024-02-09,PEL-05,chargement,19.26,1
2024-02-09,CAM-01,transport,20.95,1
2024-02-09,CAM-02,transport,16.53,1
2024-02-09,CAM-03,transport,17.29,1
2024-02-09,CAM-04,transport,17.53,1
2024-02-09,CAM-05,transport,16.07,1
2024-02-09,CAM-06,transport,15.28,1
2024-02-09,CAM-07,transport,15.79,1
2024-02-09,CAM-08,transport,14.42,1
2024-02-09,CAM-09,transport,14.95,1
2024-02-09,CAM-10,transport,18.33,1
2024-02-09,CAM-11,transport,19.06,1
2024-02-09,CAM-12,transport,17.82,1
2024-02-09,GEN-01,energie,21.34,1
2024-02-09,GEN-02,energie,24.0,1
2024-02-09,GEN-03,energie,18.65,1
2024-02-10,FOR-01,forage,0.0,0
2024-02-10,FOR-02,forage,11.98,1
2024-02-10,FOR-03,forage,18.89,1
2024-02-10,FOR-04,forage,19.41,1
2024-02-10,PEL-01,chargement,15.5,1
2024-02-10,PEL-02,chargement,17.76,1
2024-02-10,PEL-03,chargement,17.84,1
2024-02-10,PEL-04,chargement,16.49,1
2024-02-10,PEL-05,chargement,17.85,1
2024-02-10,CAM-01,transport,19.75,1
2024-02-10,CAM-02,transport,16.03,1
2024-02-10,CAM-03,transport,18.01,1
2024-02-10,CAM-04,transport,16.93,1
2024-02-10,CAM-05,transport,14.4,1
2024-02-10,CAM-06,transport,18.12,1
2024-02-10,CAM-07,transport,24.0,1
2024-02-10,CAM-08,transport,19.02,1
2024-02-10,CAM-09,transport,19.82,1
2024-02-10,CAM-10,transport,19.37,1
2024-02-10,CAM-11,transport,0.0,0
2024-02-10,CAM-12,transport,17.38,1
2024-02-10,GEN-01,energie,0.0,0
2024-02-10,GEN-02,energie,20.75,1
2024-02-10,GEN-03,energie,18.92,1
2024-02-11,FOR-01,forage,17.33,1
2024-02-11,FOR-02,forage,17.81,1
2024-02-11,FOR-03,forage,17.11,1
2024-02-11,FOR-04,forage,15.57,1
2024-02-11,PEL-01,chargement,17.99,1
2024-02-11,PEL-02,chargement,20.62,1
2024-02-11,PEL-03,chargement,21.04,1
2024-02-11,PEL-04,chargement,13.54,1
2024-02-11,PEL-05,chargement,15.8,1
2024-02-11,CAM-01,transport,20.75,1
2024-02-11,CAM-02,transport,16.86,1
2024-02-11,CAM-03,transport,15.03,1
2024-02-11,CAM-04,transport,17.52,1
2024-02-11,CAM-05,transport,16.83,1
2024-02-11,CAM-06,transport,19.89,1
2024-02-11,CAM-07,transport,23.38,1
2024-02-11,CAM-08,transport,17.36,1
2024-02-11,CAM-09,transport,18.57,1
2024-02-11,CAM-10,transport,17.19,1
2024-02-11,CAM-11,transport,20.08,1
2024-02-11,CAM-12,transport,17.09,1
2024-02-11,GEN-01,energie,20.38,1
2024-02-11,GEN-02,energie,23.85,1
2024-02-11,GEN-03,energie,21.59,1
2024-02-12,FOR-01,forage,17.98,1
2024-02-12,FOR-02,forage,19.17,1
2024-02-12,FOR-03,forage,11.05,1
2024-02-12,FOR-04,forage,22.66,1
2024-02-12,PEL-01,chargement,0.0,0
2024-02-12,PEL-02,chargement,13.86,1
2024-02-12,PEL-03,chargement,16.96,1
2024-02-12,PEL-04,chargement,15.84,1
2024-02-12,PEL-05,chargement,16.35,1
2024-02-12,CAM-01,transport,16.43,1
2024-02-12,CAM-02,transport,20.35,1
2024-02-12,CAM-03,transport,17.25,1
2024-02-12,CAM-04,transport,20.93,1
2024-02-12,CAM-05,transport,20.77,1
2024-02-12,CAM-06,transport,17.61,1
2024-02-12,CAM-07,transport,21.34,1
2024-02-12,CAM-08,transport,19.13,1
2024-02-12,CAM-09,transport,19.12,1
2024-02-12,CAM-10,transport,17.47,1
2024-02-12,CAM-11,transport,20.18,1
2024-02-12,CAM-12,transport,20.2,1
2024-02-12,GEN-01,energie,19.68,1
2024-02-12,GEN-02,energie,22.95,1
2024-02-12,GEN-03,energie,24.0,1
2024-02-13,FOR-01,forage,15.44,1
2024-02-13,FOR-02,forage,15.8,1
2024-02-13,FOR-03,forage,18.64,1
2024-02-13,FOR-04,forage,21.54,1
2024-02-13,PEL-01,chargement,20.79,1
2024-02-13,PEL-02,chargement,18.21,1
2024-02-13,PEL-03,chargement,14.73,1
2024-02-13,PEL-04,chargement,16.78,1
2024-02-13,PEL-05,chargement,16.54,1
2024-02-13,CAM-01,transport,22.95,1
2024-02-13,CAM-02,transport,20.23,1
2024-02-13,CAM-03,transport,15.66,1
2024-02-13,CAM-04,transport,13.45,1
2024-02-13,CAM-05,transport,19.8,1
2024-02-13,CAM-06,transport,22.75,1
2024-02-13,CAM-07,transport,16.76,1
2024-02-13,CAM-08,transport,15.3,1
2024-02-13,CAM-09,transport,21.6,1
2024-02-13,CAM-10,transport,19.57,1
2024-02-13,CAM-11,transport,14.73,1
2024-02-13,CAM-12,transport,18.21,1
2024-02-13,GEN-01,energie,19.73,1
2024-02-13,GEN-02,energie,22.9,1
2024-02-13,GEN-03,energie,21.47,1
2024-02-14,FOR-01,forage,0.0,0
2024-02-14,FOR-02,forage,14.98,1
2024-02-14,FOR-03,forage,16.19,1
2024-02-14,FOR-04,forage,13.43,1
2024-02-14,PEL-01,chargement,20.59,1
2024-02-14,PEL-02,chargement,15.61,1
2024-02-14,PEL-03,chargement,20.26,1
2024-02-14,PEL-04,chargement,17.2,1
2024-02-14,PEL-05,chargement,20.88,1
2024-02-14,CAM-01,transport,15.69,1
2024-02-14,CAM-02,transport,22.75,1
2024-02-14,CAM-03,transport,16.2,1
2024-02-14,CAM-04,transport,18.66,1
2024-02-14,CAM-05,transport,14.48,1
2024-02-14,CAM-06,transport,16.19,1
2024-02-14,CAM-07,transport,15.41,1
2024-02-14,CAM-08,transport,23.17,1
2024-02-14,CAM-09,transport,18.9,1
2024-02-14,CAM-10,transport,21.03,1
2024-02-14,CAM-11,transport,0.0,0
2024-02-14,CAM-12,transport,14.77,1
2024-02-14,GEN-01,energie,21.07,1
2024-02-14,GEN-02,energie,15.06,1
2024-02-14,GEN-03,energie,20.29,1
2024-02-15,FOR-01,forage,16.82,1
2024-02-15,FOR-02,forage,15.26,1
2024-02-15,FOR-03,forage,13.67,1
2024-02-15,FOR-04,forage,23.87,1
2024-02-15,PEL-01,chargement,20.36,1
2024-02-15,PEL-02,chargement,19.69,1
2024-02-15,PEL-03,chargement,12.48,1
2024-02-15,PEL-04,chargement,15.23,1
2024-02-15,PEL-05,chargement,14.09,1
2024-02-15,CAM-01,transport,19.54,1
2024-02-15,CAM-02,transport,12.58,1
2024-02-15,CAM-03,transport,16.96,1
2024-02-15,CAM-04,transport,23.56,1
2024-02-15,CAM-05,transport,17.24,1
2024-02-15,CAM-06,transport,21.62,1
2024-02-15,CAM-07,transport,15.18,1
2024-02-15,CAM-08,transport,20.39,1
2024-02-15,CAM-09,transport,15.97,1
2024-02-15,CAM-10,transport,14.45,1
2024-02-15,CAM-11,transport,17.74,1
2024-02-15,CAM-12,transport,15.21,1
2024-02-15,GEN-01,energie,20.02,1
2024-02-15,GEN-02,energie,21.62,1
2024-02-15,GEN-03,energie,21.56,1
2024-02-16,FOR-01,forage,16.4,1
2024-02-16,FOR-02,forage,0.0,0
2024-02-16,FOR-03,forage,22.31,1
2024-02-16,FOR-04,forage,14.18,1
2024-02-16,PEL-01,chargement,15.7,1
2024-02-16,PEL-02,chargement,15.77,1
2024-02-16,PEL-03,chargement,17.23,1
2024-02-16,PEL-04,chargement,21.92,1
2024-02-16,PEL-05,chargement,17.93,1
2024-02-16,CAM-01,transport,20.8,1
2024-02-16,CAM-02,transport,22.22,1
2024-02-16,CAM-03,transport,19.75,1
2024-02-16,CAM-04,transport,21.2,1
2024-02-16,CAM-05,transport,18.37,1
2024-02-16,CAM-06,transport,0.0,0
2024-02-16,CAM-07,transport,16.99,1
2024-02-16,CAM-08,transport,17.4,1
2024-02-16,CAM-09,transport,15.26,1
2024-02-16,CAM-10,transport,23.27,1
2024-02-16,CAM-11,transport,21.8,1
2024-02-16,CAM-12,transport,15.18,1
2024-02-16,GEN-01,energie,22.61,1
2024-02-16,GEN-02,energie,17.6,1
2024-02-16,GEN-03,energie,19.49,1
2024-02-17,FOR-01,forage,18.0,1
2024-02-17,FOR-02,forage,18.9,1
2024-02-17,FOR-03,forage,15.46,1
2024-02-17,FOR-04,forage,23.9,1
2024-02-17,PEL-01,chargement,11.91,1
2024-02-17,PEL-02,chargement,13.43,1
2024-02-17,PEL-03,chargement,18.13,1
2024-02-17,PEL-04,chargement,20.98,1
2024-02-17,PEL-05,chargement,15.78,1
2024-02-17,CAM-01,transport,23.7,1
2024-02-17,CAM-02,transport,18.08,1
2024-02-17,CAM-03,transport,19.85,1
2024-02-17,CAM-04,transport,20.45,1
2024-02-17,CAM-05,transport,17.56,1
2024-02-17,CAM-06,transport,15.11,1
2024-02-17,CAM-07,transport,17.38,1
2024-02-17,CAM-08,transport,22.01,1
2024-02-17,CAM-09,transport,21.92,1
2024-02-17,CAM-10,transport,18.88,1
2024-02-17,CAM-11,transport,20.28,1
2024-02-17,CAM-12,transport,0.0,0
2024-02-17,GEN-01,energie,21.37,1
2024-02-17,GEN-02,energie,22.98,1
2024-02-17,GEN-03,energie,21.53,1
2024-02-18,FOR-01,forage,23.65,1
2024-02-18,FOR-02,forage,20.8,1
2024-02-18,FOR-03,forage,13.35,1
2024-02-18,FOR-04,forage,17.5,1
2024-02-18,PEL-01,chargement,15.13,1
2024-02-18,PEL-02,chargement,21.39,1
2024-02-18,PEL-03,chargement,16.92,1
2024-02-18,PEL-04,chargement,21.2,1
2024-02-18,PEL-05,chargement,21.44,1
2024-02-18,CAM-01,transport,15.55,1
2024-02-18,CAM-02,transport,16.5,1
2024-02-18,CAM-03,transport,19.42,1
2024-02-18,CAM-04,transport,23.92,1
2024-02-18,CAM-05,transport,15.7,1
2024-02-18,CAM-06,transport,17.37,1
2024-02-18,CAM-07,transport,15.87,1
2024-02-18,CAM-08,transport,14.75,1
2024-02-18,CAM-09,transport,19.61,1
2024-02-18,CAM-10,transport,18.96,1
2024-02-18,CAM-11,transport,17.25,1
2024-02-18,CAM-12,transport,16.77,1
2024-02-18,GEN-01,energie,20.32,1
2024-02-18,GEN-02,energie,22.0,1
2024-02-18,GEN-03,energie,22.15,1
2024-02-19,FOR-01,forage,19.54,1
2024-02-19,FOR-02,forage,12.61,1
2024-02-19,FOR-03,forage,21.75,1
2024-02-19,FOR-04,forage,19.03,1
2024-02-19,PEL-01,chargement,16.78,1
2024-02-19,PEL-02,chargement,0.0,0
2024-02-19,PEL-03,chargement,16.56,1
2024-02-19,PEL-04,chargement,15.61,1
2024-02-19,PEL-05,chargement,17.29,1
2024-02-19,CAM-01,transport,15.85,1
2024-02-19,CAM-02,transport,16.69,1
2024-02-19,CAM-03,transport,16.62,1
2024-02-19,CAM-04,transport,17.53,1
2024-02-19,CAM-05,transport,13.29,1
2024-02-19,CAM-06,transport,19.05,1
2024-02-19,CAM-07,transport,19.7,1
2024-02-19,CAM-08,transport,20.51,1
2024-02-19,CAM-09,transport,18.63,1
2024-02-19,CAM-10,transport,20.08,1
2024-02-19,CAM-11,transport,14.7,1
2024-02-19,CAM-12,transport,13.82,1
2024-02-19,GEN-01,energie,23.21,1
2024-02-19,GEN-02,energie,0.0,0
2024-02-19,GEN-03,energie,22.27,1
2024-02-20,FOR-01,forage,0.0,0
2024-02-20,FOR-02,forage,15.57,1
2024-02-20,FOR-03,forage,20.15,1
2024-02-20,FOR-04,forage,18.66,1
2024-02-20,PEL-01,chargement,19.65,1
2024-02-20,PEL-02,chargement,24.0,1
2024-02-20,PEL-03,chargement,16.98,1
2024-02-20,PEL-04,chargement,15.18,1
2024-02-20,PEL-05,chargement,17.75,1
2024-02-20,CAM-01,transport,19.28,1
2024-02-20,CAM-02,transport,22.17,1
2024-02-20,CAM-03,transport,16.05,1
2024-02-20,CAM-04,transport,15.72,1
2024-02-20,CAM-05,transport,15.63,1
2024-02-20,CAM-06,transport,14.77,1
2024-02-20,CAM-07,transport,19.56,1
2024-02-20,CAM-08,transport,18.07,1
2024-02-20,CAM-09,transport,17.11,1
2024-02-20,CAM-10,transport,17.73,1
2024-02-20,CAM-11,transport,21.76,1
2024-02-20,CAM-12,transport,15.81,1
2024-02-20,GEN-01,energie,21.59,1
2024-02-20,GEN-02,energie,20.86,1
2024-02-20,GEN-03,energie,22.71,1
2024-02-21,FOR-01,forage,16.81,1
2024-02-21,FOR-02,forage,13.69,1
2024-02-21,FOR-03,forage,14.76,1
2024-02-21,FOR-04,forage,17.69,1
2024-02-21,PEL-01,chargement,16.1,1
2024-02-21,PEL-02,chargement,23.94,1
2024-02-21,PEL-03,chargement,15.24,1
2024-02-21,PEL-04,chargement,22.77,1
2024-02-21,PEL-05,chargement,20.16,1
2024-02-21,CAM-01,transport,21.89,1
2024-02-21,CAM-02,transport,18.57,1
2024-02-21,CAM-03,transport,12.37,1
2024-02-21,CAM-04,transport,16.69,1
2024-02-21,CAM-05,transport,19.57,1
2024-02-21,CAM-06,transport,19.52,1
2024-02-21,CAM-07,transport,22.41,1
2024-02-21,CAM-08,transport,16.48,1
2024-02-21,CAM-09,transport,21.01,1
2024-02-21,CAM-10,transport,18.4,1
2024-02-21,CAM-11,transport,18.19,1
2024-02-21,CAM-12,transport,22.12,1
2024-02-21,GEN-01,energie,23.6,1
2024-02-21,GEN-02,energie,23.8,1
2024-02-21,GEN-03,energie,23.46,1
2024-02-22,FOR-01,forage,17.63,1
2024-02-22,FOR-02,forage,17.9,1
2024-02-22,FOR-03,forage,13.12,1
2024-02-22,FOR-04,forage,12.95,1
2024-02-22,PEL-01,chargement,18.04,1
2024-02-22,PEL-02,chargement,0.0,0
2024-02-22,PEL-03,chargement,19.64,1
2024-02-22,PEL-04,chargement,17.45,1
2024-02-22,PEL-05,chargement,19.84,1
2024-02-22,CAM-01,transport,19.63,1
2024-02-22,CAM-02,transport,17.19,1
2024-02-22,CAM-03,transport,17.87,1
2024-02-22,CAM-04,transport,15.33,1
2024-02-22,CAM-05,transport,16.77,1
2024-02-22,CAM-06,transport,20.6,1
2024-02-22,CAM-07,transport,19.09,1
2024-02-22,CAM-08,transport,16.06,1
2024-02-22,CAM-09,transport,14.15,1
2024-02-22,CAM-10,transport,13.99,1
2024-02-22,CAM-11,transport,21.3,1
2024-02-22,CAM-12,transport,16.81,1
2024-02-22,GEN-01,energie,21.19,1
2024-02-22,GEN-02,energie,24.0,1
2024-02-22,GEN-03,energie,23.12,1
2024-02-23,FOR-01,forage,20.78,1
2024-02-23,FOR-02,forage,21.13,1
2024-02-23,FOR-03,forage,18.8,1
2024-02-23,FOR-04,forage,23.75,1
2024-02-23,PEL-01,chargement,18.1,1
2024-02-23,PEL-02,chargement,15.82,1
2024-02-23,PEL-03,chargement,19.11,1
2024-02-23,PEL-04,chargement,15.6,1
2024-02-23,PEL-05,chargement,19.3,1
2024-02-23,CAM-01,transport,20.99,1
2024-02-23,CAM-02,transport,12.23,1
2024-02-23,CAM-03,transport,14.38,1
2024-02-23,CAM-04,transport,19.35,1
2024-02-23,CAM-05,transport,20.28,1
2024-02-23,CAM-06,transport,19.35,1
2024-02-23,CAM-07,transport,23.05,1
2024-02-23,CAM-08,transport,14.74,1
2024-02-23,CAM-09,transport,14.0,1
2024-02-23,CAM-10,transport,14.25,1
2024-02-23,CAM-11,transport,16.05,1
2024-02-23,CAM-12,transport,16.4,1
2024-02-23,GEN-01,energie,19.13,1
2024-02-23,GEN-02,energie,22.35,1
2024-02-23,GEN-03,energie,22.36,1
2024-02-24,FOR-01,forage,17.53,1
2024-02-24,FOR-02,forage,16.8,1
2024-02-24,FOR-03,forage,18.41,1
2024-02-24,FOR-04,forage,15.28,1
2024-02-24,PEL-01,chargement,16.49,1
2024-02-24,PEL-02,chargement,16.82,1
2024-02-24,PEL-03,chargement,18.9,1
2024-02-24,PEL-04,chargement,16.6,1
2024-02-24,PEL-05,chargement,17.56,1
2024-02-24,CAM-01,transport,21.05,1
2024-02-24,CAM-02,transport,20.07,1
2024-02-24,CAM-03,transport,15.97,1
2024-02-24,CAM-04,transport,17.28,1
2024-02-24,CAM-05,transport,14.02,1
2024-02-24,CAM-06,transport,17.67,1
2024-02-24,CAM-07,transport,20.89,1
2024-02-24,CAM-08,transport,19.44,1
2024-02-24,CAM-09,transport,16.89,1
2024-02-24,CAM-10,transport,13.08,1
2024-02-24,CAM-11,transport,17.75,1
2024-02-24,CAM-12,transport,16.63,1
2024-02-24,GEN-01,energie,24.0,1
2024-02-24,GEN-02,energie,24.0,1
2024-02-24,GEN-03,energie,24.0,1
2024-02-25,FOR-01,forage,21.93,1
2024-02-25,FOR-02,forage,17.64,1
2024-02-25,FOR-03,forage,18.38,1
2024-02-25,FOR-04,forage,16.55,1
2024-02-25,PEL-01,chargement,22.47,1
2024-02-25,PEL-02,chargement,13.6,1
2024-02-25,PEL-03,chargement,13.8,1
2024-02-25,PEL-04,chargement,19.25,1
2024-02-25,PEL-05,chargement,16.68,1
2024-02-25,CAM-01,transport,18.39,1
2024-02-25,CAM-02,transport,13.48,1
2024-02-25,CAM-03,transport,14.58,1
2024-02-25,CAM-04,transport,21.51,1
2024-02-25,CAM-05,transport,21.93,1
2024-02-25,CAM-06,transport,19.1,1
2024-02-25,CAM-07,transport,18.48,1
2024-02-25,CAM-08,transport,16.61,1
2024-02-25,CAM-09,transport,17.94,1
2024-02-25,CAM-10,transport,19.96,1
2024-02-25,CAM-11,transport,16.72,1
2024-02-25,CAM-12,transport,0.0,0
2024-02-25,GEN-01,energie,21.52,1
2024-02-25,GEN-02,energie,23.01,1
2024-02-25,GEN-03,energie,24.0,1
2024-02-26,FOR-01,forage,16.77,1
2024-02-26,FOR-02,forage,19.14,1
2024-02-26,FOR-03,forage,15.98,1
2024-02-26,FOR-04,forage,12.94,1
2024-02-26,PEL-01,chargement,0.0,0
2024-02-26,PEL-02,chargement,20.06,1
2024-02-26,PEL-03,chargement,20.88,1
2024-02-26,PEL-04,chargement,19.86,1
2024-02-26,PEL-05,chargement,18.42,1
2024-02-26,CAM-01,transport,15.34,1
2024-02-26,CAM-02,transport,20.13,1
2024-02-26,CAM-03,transport,13.22,1
2024-02-26,CAM-04,transport,21.78,1
2024-02-26,CAM-05,transport,17.0,1
2024-02-26,CAM-06,transport,19.84,1
2024-02-26,CAM-07,transport,19.76,1
2024-02-26,CAM-08,transport,18.5,1
2024-02-26,CAM-09,transport,15.37,1
2024-02-26,CAM-10,transport,16.62,1
2024-02-26,CAM-11,transport,0.0,0
2024-02-26,CAM-12,transport,17.69,1
2024-02-26,GEN-01,energie,22.35,1
2024-02-26,GEN-02,energie,23.08,1
2024-02-26,GEN-03,energie,22.32,1
2024-02-27,FOR-01,forage,17.48,1
2024-02-27,FOR-02,forage,21.49,1
2024-02-27,FOR-03,forage,10.59,1
2024-02-27,FOR-04,forage,16.68,1
2024-02-27,PEL-01,chargement,0.0,0
2024-02-27,PEL-02,chargement,18.8,1
2024-02-27,PEL-03,chargement,11.97,1
2024-02-27,PEL-04,chargement,16.11,1
2024-02-27,PEL-05,chargement,15.87,1
2024-02-27,CAM-01,transport,22.94,1
2024-02-27,CAM-02,transport,12.92,1
2024-02-27,CAM-03,transport,18.41,1
2024-02-27,CAM-04,transport,13.1,1
2024-02-27,CAM-05,transport,15.76,1
2024-02-27,CAM-06,transport,21.06,1
2024-02-27,CAM-07,transport,16.62,1
2024-02-27,CAM-08,transport,20.26,1
2024-02-27,CAM-09,transport,16.49,1
2024-02-27,CAM-10,transport,19.66,1
2024-02-27,CAM-11,transport,18.24,1
2024-02-27,CAM-12,transport,18.27,1
2024-02-27,GEN-01,energie,19.56,1
2024-02-27,GEN-02,energie,22.87,1
2024-02-27,GEN-03,energie,23.55,1
2024-02-28,FOR-01,forage,19.03,1
2024-02-28,FOR-02,forage,11.3,1
2024-02-28,FOR-03,forage,15.76,1
2024-02-28,FOR-04,forage,16.94,1
2024-02-28,PEL-01,chargement,17.39,1
2024-02-28,PEL-02,chargement,20.81,1
2024-02-28,PEL-03,chargement,17.78,1
2024-02-28,PEL-04,chargement,18.76,1
2024-02-28,PEL-05,chargement,17.17,1
2024-02-28,CAM-01,transport,17.63,1
2024-02-28,CAM-02,transport,0.0,0
2024-02-28,CAM-03,transport,20.28,1
2024-02-28,CAM-04,transport,17.4,1
2024-02-28,CAM-05,transport,15.98,1
2024-02-28,CAM-06,transport,13.22,1
2024-02-28,CAM-07,transport,14.39,1
2024-02-28,CAM-08,transport,17.22,1
2024-02-28,CAM-09,transport,10.33,1
2024-02-28,CAM-10,transport,20.24,1
2024-02-28,CAM-11,transport,12.3,1
2024-02-28,CAM-12,transport,19.41,1
2024-02-28,GEN-01,energie,24.0,1
2024-02-28,GEN-02,energie,23.22,1
2024-02-28,GEN-03,energie,21.36,1
2024-02-29,FOR-01,forage,16.19,1
2024-02-29,FOR-02,forage,15.54,1
2024-02-29,FOR-03,forage,20.9,1
2024-02-29,FOR-04,forage,19.1,1
2024-02-29,PEL-01,chargement,16.23,1
2024-02-29,PEL-02,chargement,21.02,1
2024-02-29,PEL-03,chargement,17.52,1
2024-02-29,PEL-04,chargement,18.11,1
2024-02-29,PEL-05,chargement,19.02,1
2024-02-29,CAM-01,transport,17.92,1
2024-02-29,CAM-02,transport,17.37,1
2024-02-29,CAM-03,transport,19.17,1
2024-02-29,CAM-04,transport,18.14,1
2024-02-29,CAM-05,transport,16.71,1
2024-02-29,CAM-06,transport,14.12,1
2024-02-29,CAM-07,transport,17.04,1
2024-02-29,CAM-08,transport,15.84,1
2024-02-29,CAM-09,transport,16.4,1
2024-02-29,CAM-10,transport,16.78,1
2024-02-29,CAM-11,transport,13.06,1
2024-02-29,CAM-12,transport,19.17,1
2024-02-29,GEN-01,energie,16.55,1
2024-02-29,GEN-02,energie,17.29,1
2024-02-29,GEN-03,energie,21.31,1
2024-03-01,FOR-01,forage,0.0,0
2024-03-01,FOR-02,forage,15.1,1
2024-03-01,FOR-03,forage,13.71,1
2024-03-01,FOR-04,forage,18.69,1
2024-03-01,PEL-01,chargement,23.0,1
2024-03-01,PEL-02,chargement,0.0,0
2024-03-01,PEL-03,chargement,21.29,1
2024-03-01,PEL-04,chargement,19.31,1
2024-03-01,PEL-05,chargement,20.66,1
2024-03-01,CAM-01,transport,16.94,1
2024-03-01,CAM-02,transport,17.48,1
2024-03-01,CAM-03,transport,11.25,1
2024-03-01,CAM-04,transport,0.0,0
2024-03-01,CAM-05,transport,18.4,1
2024-03-01,CAM-06,transport,24.0,1
2024-03-01,CAM-07,transport,14.99,1
2024-03-01,CAM-08,transport,22.47,1
2024-03-01,CAM-09,transport,19.18,1
2024-03-01,CAM-10,transport,17.18,1
2024-03-01,CAM-11,transport,16.14,1
2024-03-01,CAM-12,transport,15.59,1
2024-03-01,GEN-01,energie,20.11,1
2024-03-01,GEN-02,energie,21.19,1
2024-03-01,GEN-03,energie,21.01,1
2024-03-02,FOR-01,forage,16.47,1
2024-03-02,FOR-02,forage,16.01,1
2024-03-02,FOR-03,forage,18.88,1
2024-03-02,FOR-04,forage,16.42,1
2024-03-02,PEL-01,chargement,16.03,1
2024-03-02,PEL-02,chargement,16.41,1
2024-03-02,PEL-03,chargement,17.26,1
2024-03-02,PEL-04,chargement,17.46,1
2024-03-02,PEL-05,chargement,22.98,1
2024-03-02,CAM-01,transport,16.3,1
2024-03-02,CAM-02,transport,21.01,1
2024-03-02,CAM-03,transport,16.34,1
2024-03-02,CAM-04,transport,14.31,1
2024-03-02,CAM-05,transport,19.53,1
2024-03-02,CAM-06,transport,16.62,1
2024-03-02,CAM-07,transport,19.11,1
2024-03-02,CAM-08,transport,12.12,1
2024-03-02,CAM-09,transport,20.52,1
2024-03-02,CAM-10,transport,0.0,0
2024-03-02,CAM-11,transport,17.92,1
2024-03-02,CAM-12,transport,24.0,1
2024-03-02,GEN-01,energie,22.26,1
2024-03-02,GEN-02,energie,22.99,1
2024-03-02,GEN-03,energie,22.7,1
2024-03-03,FOR-01,forage,14.42,1
2024-03-03,FOR-02,forage,23.68,1
2024-03-03,FOR-03,forage,18.77,1
2024-03-03,FOR-04,forage,17.9,1
2024-03-03,PEL-01,chargement,17.69,1
2024-03-03,PEL-02,chargement,17.23,1
2024-03-03,PEL-03,chargement,16.72,1
2024-03-03,PEL-04,chargement,0.0,0
2024-03-03,PEL-05,chargement,18.6,1
2024-03-03,CAM-01,transport,19.1,1
2024-03-03,CAM-02,transport,16.95,1
2024-03-03,CAM-03,transport,16.3,1
2024-03-03,CAM-04,transport,18.82,1
2024-03-03,CAM-05,transport,17.74,1
2024-03-03,CAM-06,transport,14.47,1
2024-03-03,CAM-07,transport,11.28,1
2024-03-03,CAM-08,transport,18.16,1
2024-03-03,CAM-09,transport,24.0,1
2024-03-03,CAM-10,transport,16.74,1
2024-03-03,CAM-11,transport,19.04,1
2024-03-03,CAM-12,transport,20.11,1
2024-03-03,GEN-01,energie,19.95,1
2024-03-03,GEN-02,energie,21.89,1
2024-03-03,GEN-03,energie,24.0,1
2024-03-04,FOR-01,forage,18.3,1
2024-03-04,FOR-02,forage,13.62,1
2024-03-04,FOR-03,forage,16.61,1
2024-03-04,FOR-04,forage,17.39,1
2024-03-04,PEL-01,chargement,15.03,1
2024-03-04,PEL-02,chargement,20.93,1
2024-03-04,PEL-03,chargement,17.5,1
2024-03-04,PEL-04,chargement,24.0,1
2024-03-04,PEL-05,chargement,0.0,0
2024-03-04,CAM-01,transport,24.0,1
2024-03-04,CAM-02,transport,17.88,1
2024-03-04,CAM-03,transport,22.12,1
2024-03-04,CAM-04,transport,18.47,1
2024-03-04,CAM-05,transport,19.41,1
2024-03-04,CAM-06,transport,18.8,1
2024-03-04,CAM-07,transport,17.48,1
2024-03-04,CAM-08,transport,15.7,1
2024-03-04,CAM-09,transport,14.99,1
2024-03-04,CAM-10,transport,22.97,1
2024-03-04,CAM-11,transport,18.03,1
2024-03-04,CAM-12,transport,9.87,1
2024-03-04,GEN-01,energie,18.45,1
2024-03-04,GEN-02,energie,21.92,1
2024-03-04,GEN-03,energie,20.05,1
2024-03-05,FOR-01,forage,13.92,1
2024-03-05,FOR-02,forage,17.32,1
2024-03-05,FOR-03,forage,15.41,1
2024-03-05,FOR-04,forage,15.28,1
2024-03-05,PEL-01,chargement,17.39,1
2024-03-05,PEL-02,chargement,24.0,1
2024-03-05,PEL-03,chargement,14.62,1
2024-03-05,PEL-04,chargement,17.53,1
2024-03-05,PEL-05,chargement,21.3,1
2024-03-05,CAM-01,transport,16.38,1
2024-03-05,CAM-02,transport,18.86,1
2024-03-05,CAM-03,transport,15.96,1
2024-03-05,CAM-04,transport,13.84,1
2024-03-05,CAM-05,transport,19.06,1
2024-03-05,CAM-06,transport,18.6,1
2024-03-05,CAM-07,transport,17.34,1
2024-03-05,CAM-08,transport,18.63,1
2024-03-05,CAM-09,transport,16.6,1
2024-03-05,CAM-10,transport,20.25,1
2024-03-05,CAM-11,transport,19.7,1
2024-03-05,CAM-12,transport,16.77,1
2024-03-05,GEN-01,energie,22.25,1
2024-03-05,GEN-02,energie,21.26,1
2024-03-05,GEN-03,energie,19.94,1
2024-03-06,FOR-01,forage,18.09,1
2024-03-06,FOR-02,forage,16.29,1
2024-03-06,FOR-03,forage,15.81,1
2024-03-06,FOR-04,forage,17.71,1
2024-03-06,PEL-01,chargement,17.58,1
2024-03-06,PEL-02,chargement,18.39,1
2024-03-06,PEL-03,chargement,19.76,1
2024-03-06,PEL-04,chargement,18.67,1
2024-03-06,PEL-05,chargement,17.0,1
2024-03-06,CAM-01,transport,20.0,1
2024-03-06,CAM-02,transport,14.11,1
2024-03-06,CAM-03,transport,13.52,1
2024-03-06,CAM-04,transport,19.09,1
2024-03-06,CAM-05,transport,13.99,1
2024-03-06,CAM-06,transport,15.32,1
2024-03-06,CAM-07,transport,19.01,1
2024-03-06,CAM-08,transport,14.37,1
2024-03-06,CAM-09,transport,20.37,1
2024-03-06,CAM-10,transport,15.04,1
2024-03-06,CAM-11,transport,20.6,1
2024-03-06,CAM-12,transport,22.66,1
2024-03-06,GEN-01,energie,21.44,1
2024-03-06,GEN-02,energie,21.63,1
2024-03-06,GEN-03,energie,22.67,1
2024-03-07,FOR-01,forage,14.53,1
2024-03-07,FOR-02,forage,17.43,1
2024-03-07,FOR-03,forage,21.97,1
2024-03-07,FOR-04,forage,18.64,1
2024-03-07,PEL-01,chargement,19.66,1
2024-03-07,PEL-02,chargement,15.37,1
2024-03-07,PEL-03,chargement,14.76,1
2024-03-07,PEL-04,chargement,19.29,1
2024-03-07,PEL-05,chargement,15.64,1
2024-03-07,CAM-01,transport,13.68,1
2024-03-07,CAM-02,transport,16.37,1
2024-03-07,CAM-03,transport,14.55,1
2024-03-07,CAM-04,transport,19.56,1
2024-03-07,CAM-05,transport,19.43,1
2024-03-07,CAM-06,transport,19.04,1
2024-03-07,CAM-07,transport,18.77,1
2024-03-07,CAM-08,transport,22.27,1
2024-03-07,CAM-09,transport,19.54,1
2024-03-07,CAM-10,transport,22.33,1
2024-03-07,CAM-11,transport,19.55,1
2024-03-07,CAM-12,transport,23.53,1
2024-03-07,GEN-01,energie,21.96,1
2024-03-07,GEN-02,energie,20.78,1
2024-03-07,GEN-03,energie,0.0,0
2024-03-08,FOR-01,forage,21.13,1
2024-03-08,FOR-02,forage,17.8,1
2024-03-08,FOR-03,forage,20.59,1
2024-03-08,FOR-04,forage,14.63,1
2024-03-08,PEL-01,chargement,16.77,1
2024-03-08,PEL-02,chargement,15.98,1
2024-03-08,PEL-03,chargement,23.67,1
2024-03-08,PEL-04,chargement,17.91,1
2024-03-08,PEL-05,chargement,20.01,1
2024-03-08,CAM-01,transport,15.65,1
2024-03-08,CAM-02,transport,20.39,1
2024-03-08,CAM-03,transport,14.41,1
2024-03-08,CAM-04,transport,22.03,1
2024-03-08,CAM-05,transport,17.09,1
2024-03-08,CAM-06,transport,17.66,1
2024-03-08,CAM-07,transport,14.75,1
2024-03-08,CAM-08,transport,20.1,1
2024-03-08,CAM-09,transport,18.71,1
2024-03-08,CAM-10,transport,15.61,1
2024-03-08,CAM-11,transport,15.23,1
2024-03-08,CAM-12,transport,16.19,1
2024-03-08,GEN-01,energie,22.5,1
2024-03-08,GEN-02,energie,21.52,1
2024-03-08,GEN-03,energie,24.0,1
2024-03-09,FOR-01,forage,19.81,1
2024-03-09,FOR-02,forage,20.88,1
2024-03-09,FOR-03,forage,24.0,1
2024-03-09,FOR-04,forage,13.51,1
2024-03-09,PEL-01,chargement,18.05,1
2024-03-09,PEL-02,chargement,19.39,1
2024-03-09,PEL-03,chargement,23.56,1
2024-03-09,PEL-04,chargement,18.37,1
2024-03-09,PEL-05,chargement,19.33,1
2024-03-09,CAM-01,transport,20.96,1
2024-03-09,CAM-02,transport,17.06,1
2024-03-09,CAM-03,transport,21.79,1
2024-03-09,CAM-04,transport,15.45,1
2024-03-09,CAM-05,transport,17.71,1
2024-03-09,CAM-06,transport,17.17,1
2024-03-09,CAM-07,transport,18.43,1
2024-03-09,CAM-08,transport,21.94,1
2024-03-09,CAM-09,transport,21.75,1
2024-03-09,CAM-10,transport,23.45,1
2024-03-09,CAM-11,transport,21.11,1
2024-03-09,CAM-12,transport,22.39,1
2024-03-09,GEN-01,energie,23.91,1
2024-03-09,GEN-02,energie,22.4,1
2024-03-09,GEN-03,energie,21.15,1
2024-03-10,FOR-01,forage,17.62,1
2024-03-10,FOR-02,forage,13.91,1
2024-03-10,FOR-03,forage,19.93,1
2024-03-10,FOR-04,forage,22.89,1
2024-03-10,PEL-01,chargement,22.72,1
2024-03-10,PEL-02,chargement,15.55,1
2024-03-10,PEL-03,chargement,17.59,1
2024-03-10,PEL-04,chargement,11.09,1
2024-03-10,PEL-05,chargement,18.15,1
2024-03-10,CAM-01,transport,20.66,1
2024-03-10,CAM-02,transport,14.95,1
2024-03-10,CAM-03,transport,19.52,1
2024-03-10,CAM-04,transport,19.84,1
2024-03-10,CAM-05,transport,18.97,1
2024-03-10,CAM-06,transport,0.0,0
2024-03-10,CAM-07,transport,24.0,1
2024-03-10,CAM-08,transport,13.97,1
2024-03-10,CAM-09,transport,23.98,1
2024-03-10,CAM-10,transport,16.36,1
2024-03-10,CAM-11,transport,20.84,1
2024-03-10,CAM-12,transport,20.28,1
2024-03-10,GEN-01,energie,24.0,1
2024-03-10,GEN-02,energie,21.16,1
2024-03-10,GEN-03,energie,21.67,1
2024-03-11,FOR-01,forage,15.25,1
2024-03-11,FOR-02,forage,0.0,0
2024-03-11,FOR-03,forage,16.11,1
2024-03-11,FOR-04,forage,17.04,1
2024-03-11,PEL-01,chargement,16.73,1
2024-03-11,PEL-02,chargement,14.88,1
2024-03-11,PEL-03,chargement,21.14,1
2024-03-11,PEL-04,chargement,20.51,1
2024-03-11,PEL-05,chargement,17.03,1
2024-03-11,CAM-01,transport,16.31,1
2024-03-11,CAM-02,transport,18.21,1
2024-03-11,CAM-03,transport,20.6,1
2024-03-11,CAM-04,transport,20.36,1
2024-03-11,CAM-05,transport,16.24,1
2024-03-11,CAM-06,transport,18.36,1
2024-03-11,CAM-07,transport,16.67,1
2024-03-11,CAM-08,transport,19.48,1
2024-03-11,CAM-09,transport,19.55,1
2024-03-11,CAM-10,transport,19.59,1
2024-03-11,CAM-11,transport,18.4,1
2024-03-11,CAM-12,transport,17.67,1
2024-03-11,GEN-01,energie,22.66,1
2024-03-11,GEN-02,energie,19.49,1
2024-03-11,GEN-03,energie,22.0,1
2024-03-12,FOR-01,forage,16.27,1
2024-03-12,FOR-02,forage,0.0,0
2024-03-12,FOR-03,forage,15.52,1
2024-03-12,FOR-04,forage,17.72,1
2024-03-12,PEL-01,chargement,16.07,1
2024-03-12,PEL-02,chargement,16.96,1
2024-03-12,PEL-03,chargement,17.74,1
2024-03-12,PEL-04,chargement,16.96,1
2024-03-12,PEL-05,chargement,18.87,1
2024-03-12,CAM-01,transport,17.91,1
2024-03-12,CAM-02,transport,19.08,1
2024-03-12,CAM-03,transport,15.48,1
2024-03-12,CAM-04,transport,18.39,1
2024-03-12,CAM-05,transport,17.79,1
2024-03-12,CAM-06,transport,16.93,1
2024-03-12,CAM-07,transport,18.71,1
2024-03-12,CAM-08,transport,17.26,1
2024-03-12,CAM-09,transport,16.45,1
2024-03-12,CAM-10,transport,18.68,1
2024-03-12,CAM-11,transport,20.0,1
2024-03-12,CAM-12,transport,23.31,1
2024-03-12,GEN-01,energie,21.94,1
2024-03-12,GEN-02,energie,22.8,1
2024-03-12,GEN-03,energie,17.7,1
2024-03-13,FOR-01,forage,19.32,1
2024-03-13,FOR-02,forage,21.99,1
2024-03-13,FOR-03,forage,21.99,1
2024-03-13,FOR-04,forage,20.62,1
2024-03-13,PEL-01,chargement,22.38,1
2024-03-13,PEL-02,chargement,17.04,1
2024-03-13,PEL-03,chargement,21.34,1
2024-03-13,PEL-04,chargement,11.78,1
2024-03-13,PEL-05,chargement,20.67,1
2024-03-13,CAM-01,transport,13.31,1
2024-03-13,CAM-02,transport,20.39,1
2024-03-13,CAM-03,transport,13.32,1
2024-03-13,CAM-04,transport,21.58,1
2024-03-13,CAM-05,transport,17.1,1
2024-03-13,CAM-06,transport,23.18,1
2024-03-13,CAM-07,transport,16.96,1
2024-03-13,CAM-08,transport,18.22,1
2024-03-13,CAM-09,transport,19.98,1
2024-03-13,CAM-10,transport,11.45,1
2024-03-13,CAM-11,transport,18.3,1
2024-03-13,CAM-12,transport,13.91,1
2024-03-13,GEN-01,energie,24.0,1
2024-03-13,GEN-02,energie,24.0,1
2024-03-13,GEN-03,energie,20.66,1
2024-03-14,FOR-01,forage,14.72,1
2024-03-14,FOR-02,forage,13.33,1
2024-03-14,FOR-03,forage,20.75,1
2024-03-14,FOR-04,forage,0.0,0
2024-03-14,PEL-01,chargement,13.44,1
2024-03-14,PEL-02,chargement,0.0,0
2024-03-14,PEL-03,chargement,19.19,1
2024-03-14,PEL-04,chargement,15.11,1
2024-03-14,PEL-05,chargement,16.94,1
2024-03-14,CAM-01,transport,19.79,1
2024-03-14,CAM-02,transport,16.17,1
2024-03-14,CAM-03,transport,16.3,1
2024-03-14,CAM-04,transport,17.02,1
2024-03-14,CAM-05,transport,14.91,1
2024-03-14,CAM-06,transport,21.3,1
2024-03-14,CAM-07,transport,21.13,1
2024-03-14,CAM-08,transport,18.96,1
2024-03-14,CAM-09,transport,20.19,1
2024-03-14,CAM-10,transport,19.02,1
2024-03-14,CAM-11,transport,24.0,1
2024-03-14,CAM-12,transport,15.22,1
2024-03-14,GEN-01,energie,23.45,1
2024-03-14,GEN-02,energie,23.29,1
2024-03-14,GEN-03,energie,21.91,1
2024-03-15,FOR-01,forage,17.92,1
2024-03-15,FOR-02,forage,17.99,1
2024-03-15,FOR-03,forage,12.76,1
2024-03-15,FOR-04,forage,19.54,1
2024-03-15,PEL-01,chargement,21.07,1
2024-03-15,PEL-02,chargement,20.25,1
2024-03-15,PEL-03,chargement,13.07,1
2024-03-15,PEL-04,chargement,22.82,1
2024-03-15,PEL-05,chargement,21.73,1
2024-03-15,CAM-01,transport,19.93,1
2024-03-15,CAM-02,transport,15.15,1
2024-03-15,CAM-03,transport,21.37,1
2024-03-15,CAM-04,transport,13.54,1
2024-03-15,CAM-05,transport,17.37,1
2024-03-15,CAM-06,transport,12.63,1
2024-03-15,CAM-07,transport,24.0,1
2024-03-15,CAM-08,transport,16.45,1
2024-03-15,CAM-09,transport,14.5,1
2024-03-15,CAM-10,transport,21.76,1
2024-03-15,CAM-11,transport,14.94,1
2024-03-15,CAM-12,transport,17.26,1
2024-03-15,GEN-01,energie,22.97,1
2024-03-15,GEN-02,energie,23.64,1
2024-03-15,GEN-03,energie,24.0,1
2024-03-16,FOR-01,forage,14.12,1
2024-03-16,FOR-02,forage,21.12,1
2024-03-16,FOR-03,forage,18.19,1
2024-03-16,FOR-04,forage,15.52,1
2024-03-16,PEL-01,chargement,22.3,1
2024-03-16,PEL-02,chargement,17.41,1
2024-03-16,PEL-03,chargement,12.37,1
2024-03-16,PEL-04,chargement,23.26,1
2024-03-16,PEL-05,chargement,17.69,1
2024-03-16,CAM-01,transport,19.76,1
2024-03-16,CAM-02,transport,18.75,1
2024-03-16,CAM-03,transport,15.33,1
2024-03-16,CAM-04,transport,19.28,1
2024-03-16,CAM-05,transport,16.76,1
2024-03-16,CAM-06,transport,17.62,1
2024-03-16,CAM-07,transport,18.92,1
2024-03-16,CAM-08,transport,24.0,1
2024-03-16,CAM-09,transport,16.42,1
2024-03-16,CAM-10,transport,19.87,1
2024-03-16,CAM-11,transport,17.31,1
2024-03-16,CAM-12,transport,19.81,1
2024-03-16,GEN-01,energie,22.98,1
2024-03-16,GEN-02,energie,23.53,1
2024-03-16,GEN-03,energie,21.64,1
2024-03-17,FOR-01,forage,12.56,1
2024-03-17,FOR-02,forage,19.76,1
2024-03-17,FOR-03,forage,17.32,1
2024-03-17,FOR-04,forage,19.58,1
2024-03-17,PEL-01,chargement,13.83,1
2024-03-17,PEL-02,chargement,16.39,1
2024-03-17,PEL-03,chargement,13.64,1
2024-03-17,PEL-04,chargement,23.09,1
2024-03-17,PEL-05,chargement,16.41,1
2024-03-17,CAM-01,transport,16.3,1
2024-03-17,CAM-02,transport,19.8,1
2024-03-17,CAM-03,transport,14.56,1
2024-03-17,CAM-04,transport,17.78,1
2024-03-17,CAM-05,transport,20.23,1
2024-03-17,CAM-06,transport,18.11,1
2024-03-17,CAM-07,transport,13.48,1
2024-03-17,CAM-08,transport,19.97,1
2024-03-17,CAM-09,transport,19.65,1
2024-03-17,CAM-10,transport,14.93,1
2024-03-17,CAM-11,transport,14.57,1
2024-03-17,CAM-12,transport,22.6,1
2024-03-17,GEN-01,energie,20.79,1
2024-03-17,GEN-02,energie,22.64,1
2024-03-17,GEN-03,energie,20.26,1
2024-03-18,FOR-01,forage,14.43,1
2024-03-18,FOR-02,forage,17.28,1
2024-03-18,FOR-03,forage,19.82,1
2024-03-18,FOR-04,forage,20.03,1
2024-03-18,PEL-01,chargement,12.14,1
2024-03-18,PEL-02,chargement,17.92,1
2024-03-18,PEL-03,chargement,14.78,1
2024-03-18,PEL-04,chargement,20.23,1
2024-03-18,PEL-05,chargement,19.37,1
2024-03-18,CAM-01,transport,12.44,1
2024-03-18,CAM-02,transport,18.09,1
2024-03-18,CAM-03,transport,14.47,1
2024-03-18,CAM-04,transport,17.76,1
2024-03-18,CAM-05,transport,12.44,1
2024-03-18,CAM-06,transport,21.18,1
2024-03-18,CAM-07,transport,21.44,1
2024-03-18,CAM-08,transport,17.82,1
2024-03-18,CAM-09,transport,19.11,1
2024-03-18,CAM-10,transport,17.7,1
2024-03-18,CAM-11,transport,20.06,1
2024-03-18,CAM-12,transport,14.35,1
2024-03-18,GEN-01,energie,17.15,1
2024-03-18,GEN-02,energie,21.76,1
2024-03-18,GEN-03,energie,21.26,1
2024-03-19,FOR-01,forage,22.23,1
2024-03-19,FOR-02,forage,18.09,1
2024-03-19,FOR-03,forage,21.04,1
2024-03-19,FOR-04,forage,19.18,1
2024-03-19,PEL-01,chargement,23.45,1
2024-03-19,PEL-02,chargement,19.38,1
2024-03-19,PEL-03,chargement,16.12,1
2024-03-19,PEL-04,chargement,16.01,1
2024-03-19,PEL-05,chargement,19.07,1
2024-03-19,CAM-01,transport,23.22,1
2024-03-19,CAM-02,transport,19.34,1
2024-03-19,CAM-03,transport,0.0,0
2024-03-19,CAM-04,transport,14.53,1
2024-03-19,CAM-05,transport,0.0,0
2024-03-19,CAM-06,transport,17.04,1
2024-03-19,CAM-07,transport,18.5,1
2024-03-19,CAM-08,transport,15.39,1
2024-03-19,CAM-09,transport,16.46,1
2024-03-19,CAM-10,transport,18.9,1
2024-03-19,CAM-11,transport,23.97,1
2024-03-19,CAM-12,transport,20.6,1
2024-03-19,GEN-01,energie,21.57,1
2024-03-19,GEN-02,energie,20.94,1
2024-03-19,GEN-03,energie,22.15,1
2024-03-20,FOR-01,forage,17.15,1
2024-03-20,FOR-02,forage,14.81,1
2024-03-20,FOR-03,forage,16.0,1
2024-03-20,FOR-04,forage,19.4,1
2024-03-20,PEL-01,chargement,14.79,1
2024-03-20,PEL-02,chargement,17.67,1
2024-03-20,PEL-03,chargement,18.77,1
2024-03-20,PEL-04,chargement,20.23,1
2024-03-20,PEL-05,chargement,22.91,1
2024-03-20,CAM-01,transport,17.16,1
2024-03-20,CAM-02,transport,17.18,1
2024-03-20,CAM-03,transport,13.29,1
2024-03-20,CAM-04,transport,23.97,1
2024-03-20,CAM-05,transport,18.49,1
2024-03-20,CAM-06,transport,17.76,1
2024-03-20,CAM-07,transport,20.8,1
2024-03-20,CAM-08,transport,20.56,1
2024-03-20,CAM-09,transport,17.86,1
2024-03-20,CAM-10,transport,14.05,1
2024-03-20,CAM-11,transport,23.07,1
2024-03-20,CAM-12,transport,19.14,1
2024-03-20,GEN-01,energie,22.57,1
2024-03-20,GEN-02,energie,15.99,1
2024-03-20,GEN-03,energie,23.1,1
2024-03-21,FOR-01,forage,12.49,1
2024-03-21,FOR-02,forage,18.83,1
2024-03-21,FOR-03,forage,14.71,1
2024-03-21,FOR-04,forage,16.61,1
2024-03-21,PEL-01,chargement,24.0,1
2024-03-21,PEL-02,chargement,18.87,1
2024-03-21,PEL-03,chargement,21.19,1
2024-03-21,PEL-04,chargement,17.61,1
2024-03-21,PEL-05,chargement,20.18,1
2024-03-21,CAM-01,transport,12.67,1
2024-03-21,CAM-02,transport,0.0,0
2024-03-21,CAM-03,transport,15.48,1
2024-03-21,CAM-04,transport,0.0,0
2024-03-21,CAM-05,transport,16.5,1
2024-03-21,CAM-06,transport,17.13,1
2024-03-21,CAM-07,transport,18.2,1
2024-03-21,CAM-08,transport,20.39,1
2024-03-21,CAM-09,transport,19.14,1
2024-03-21,CAM-10,transport,13.74,1
2024-03-21,CAM-11,transport,18.42,1
2024-03-21,CAM-12,transport,20.45,1
2024-03-21,GEN-01,energie,20.9,1
2024-03-21,GEN-02,energie,22.94,1
2024-03-21,GEN-03,energie,22.95,1
2024-03-22,FOR-01,forage,14.92,1
2024-03-22,FOR-02,forage,14.45,1
2024-03-22,FOR-03,forage,17.84,1
2024-03-22,FOR-04,forage,17.02,1
2024-03-22,PEL-01,chargement,15.79,1
2024-03-22,PEL-02,chargement,13.8,1
2024-03-22,PEL-03,chargement,16.79,1
2024-03-22,PEL-04,chargement,14.83,1
2024-03-22,PEL-05,chargement,17.12,1
2024-03-22,CAM-01,transport,17.37,1
2024-03-22,CAM-02,transport,18.4,1
2024-03-22,CAM-03,transport,20.97,1
2024-03-22,CAM-04,transport,14.71,1
2024-03-22,CAM-05,transport,14.32,1
2024-03-22,CAM-06,transport,23.34,1
2024-03-22,CAM-07,transport,17.19,1
2024-03-22,CAM-08,transport,18.42,1
2024-03-22,CAM-09,transport,24.0,1
2024-03-22,CAM-10,transport,21.88,1
2024-03-22,CAM-11,transport,16.19,1
2024-03-22,CAM-12,transport,18.33,1
2024-03-22,GEN-01,energie,22.32,1
2024-03-22,GEN-02,energie,24.0,1
2024-03-22,GEN-03,energie,21.47,1
2024-03-23,FOR-01,forage,19.87,1
2024-03-23,FOR-02,forage,21.07,1
2024-03-23,FOR-03,forage,23.14,1
2024-03-23,FOR-04,forage,0.0,0
2024-03-23,PEL-01,chargement,13.73,1
2024-03-23,PEL-02,chargement,19.54,1
2024-03-23,PEL-03,chargement,14.81,1
2024-03-23,PEL-04,chargement,18.37,1
2024-03-23,PEL-05,chargement,16.85,1
2024-03-23,CAM-01,transport,17.23,1
2024-03-23,CAM-02,transport,0.0,0
2024-03-23,CAM-03,transport,20.92,1
2024-03-23,CAM-04,transport,0.0,0
2024-03-23,CAM-05,transport,19.25,1
2024-03-23,CAM-06,transport,14.92,1
2024-03-23,CAM-07,transport,18.85,1
2024-03-23,CAM-08,transport,21.06,1
2024-03-23,CAM-09,transport,15.32,1
2024-03-23,CAM-10,transport,17.2,1
2024-03-23,CAM-11,transport,21.42,1
2024-03-23,CAM-12,transport,13.28,1
2024-03-23,GEN-01,energie,20.9,1
2024-03-23,GEN-02,energie,24.0,1
2024-03-23,GEN-03,energie,24.0,1
2024-03-24,FOR-01,forage,0.0,0
2024-03-24,FOR-02,forage,17.31,1
2024-03-24,FOR-03,forage,16.57,1
2024-03-24,FOR-04,forage,14.21,1
2024-03-24,PEL-01,chargement,14.56,1
2024-03-24,PEL-02,chargement,20.27,1
2024-03-24,PEL-03,chargement,17.42,1
2024-03-24,PEL-04,chargement,12.68,1
2024-03-24,PEL-05,chargement,17.84,1
2024-03-24,CAM-01,transport,17.27,1
2024-03-24,CAM-02,transport,12.42,1
2024-03-24,CAM-03,transport,20.59,1
2024-03-24,CAM-04,transport,13.61,1
2024-03-24,CAM-05,transport,19.68,1
2024-03-24,CAM-06,transport,16.46,1
2024-03-24,CAM-07,transport,20.16,1
2024-03-24,CAM-08,transport,22.34,1
2024-03-24,CAM-09,transport,17.48,1
2024-03-24,CAM-10,transport,23.0,1
2024-03-24,CAM-11,transport,9.76,1
2024-03-24,CAM-12,transport,18.0,1
2024-03-24,GEN-01,energie,24.0,1
2024-03-24,GEN-02,energie,24.0,1
2024-03-24,GEN-03,energie,19.05,1
2024-03-25,FOR-01,forage,18.98,1
2024-03-25,FOR-02,forage,11.78,1
2024-03-25,FOR-03,forage,22.43,1
2024-03-25,FOR-04,forage,21.43,1
2024-03-25,PEL-01,chargement,15.5,1
2024-03-25,PEL-02,chargement,20.76,1
2024-03-25,PEL-03,chargement,13.74,1
2024-03-25,PEL-04,chargement,17.16,1
2024-03-25,PEL-05,chargement,12.45,1
2024-03-25,CAM-01,transport,21.65,1
2024-03-25,CAM-02,transport,19.75,1
2024-03-25,CAM-03,transport,19.11,1
2024-03-25,CAM-04,transport,20.32,1
2024-03-25,CAM-05,transport,18.2,1
2024-03-25,CAM-06,transport,19.44,1
2024-03-25,CAM-07,transport,20.88,1
2024-03-25,CAM-08,transport,17.87,1
2024-03-25,CAM-09,transport,12.98,1
2024-03-25,CAM-10,transport,22.53,1
2024-03-25,CAM-11,transport,18.8,1
2024-03-25,CAM-12,transport,22.2,1
2024-03-25,GEN-01,energie,21.36,1
2024-03-25,GEN-02,energie,19.48,1
2024-03-25,GEN-03,energie,20.22,1
2024-03-26,FOR-01,forage,18.47,1
2024-03-26,FOR-02,forage,18.21,1
2024-03-26,FOR-03,forage,20.66,1
2024-03-26,FOR-04,forage,20.28,1
2024-03-26,PEL-01,chargement,17.25,1
2024-03-26,PEL-02,chargement,23.08,1
2024-03-26,PEL-03,chargement,16.99,1
2024-03-26,PEL-04,chargement,20.91,1
2024-03-26,PEL-05,chargement,17.82,1
2024-03-26,CAM-01,transport,16.67,1
2024-03-26,CAM-02,transport,18.37,1
2024-03-26,CAM-03,transport,17.35,1
2024-03-26,CAM-04,transport,21.31,1
2024-03-26,CAM-05,transport,13.73,1
2024-03-26,CAM-06,transport,19.94,1
2024-03-26,CAM-07,transport,18.12,1
2024-03-26,CAM-08,transport,15.85,1
2024-03-26,CAM-09,transport,14.64,1
2024-03-26,CAM-10,transport,18.84,1
2024-03-26,CAM-11,transport,19.06,1
2024-03-26,CAM-12,transport,15.75,1
2024-03-26,GEN-01,energie,19.88,1
2024-03-26,GEN-02,energie,24.0,1
2024-03-26,GEN-03,energie,22.36,1
2024-03-27,FOR-01,forage,14.85,1
2024-03-27,FOR-02,forage,21.63,1
2024-03-27,FOR-03,forage,17.97,1
2024-03-27,FOR-04,forage,20.87,1
2024-03-27,PEL-01,chargement,18.06,1
2024-03-27,PEL-02,chargement,23.35,1
2024-03-27,PEL-03,chargement,18.2,1
2024-03-27,PEL-04,chargement,15.87,1
2024-03-27,PEL-05,chargement,15.86,1
2024-03-27,CAM-01,transport,19.9,1
2024-03-27,CAM-02,transport,18.66,1
2024-03-27,CAM-03,transport,17.29,1
2024-03-27,CAM-04,transport,18.07,1
2024-03-27,CAM-05,transport,18.73,1
2024-03-27,CAM-06,transport,13.42,1
2024-03-27,CAM-07,transport,19.18,1
2024-03-27,CAM-08,transport,16.16,1
2024-03-27,CAM-09,transport,18.24,1
2024-03-27,CAM-10,transport,18.83,1
2024-03-27,CAM-11,transport,18.76,1
2024-03-27,CAM-12,transport,21.52,1
2024-03-27,GEN-01,energie,21.01,1
2024-03-27,GEN-02,energie,21.91,1
2024-03-27,GEN-03,energie,19.43,1
2024-03-28,FOR-01,forage,18.91,1
2024-03-28,FOR-02,forage,16.87,1
2024-03-28,FOR-03,forage,18.12,1
2024-03-28,FOR-04,forage,19.83,1
2024-03-28,PEL-01,chargement,20.04,1
2024-03-28,PEL-02,chargement,19.17,1
2024-03-28,PEL-03,chargement,17.86,1
2024-03-28,PEL-04,chargement,16.83,1
2024-03-28,PEL-05,chargement,19.23,1
2024-03-28,CAM-01,transport,22.25,1
2024-03-28,CAM-02,transport,21.42,1
2024-03-28,CAM-03,transport,17.66,1
2024-03-28,CAM-04,transport,0.0,0
2024-03-28,CAM-05,transport,17.34,1
2024-03-28,CAM-06,transport,17.94,1
2024-03-28,CAM-07,transport,15.87,1
2024-03-28,CAM-08,transport,17.49,1
2024-03-28,CAM-09,transport,17.02,1
2024-03-28,CAM-10,transport,16.63,1
2024-03-28,CAM-11,transport,17.64,1
2024-03-28,CAM-12,transport,12.09,1
2024-03-28,GEN-01,energie,22.6,1
2024-03-28,GEN-02,energie,23.3,1
2024-03-28,GEN-03,energie,23.22,1
2024-03-29,FOR-01,forage,0.0,0
2024-03-29,FOR-02,forage,19.03,1
2024-03-29,FOR-03,forage,19.79,1
2024-03-29,FOR-04,forage,22.65,1
2024-03-29,PEL-01,chargement,14.31,1
2024-03-29,PEL-02,chargement,0.0,0
2024-03-29,PEL-03,chargement,20.61,1
2024-03-29,PEL-04,chargement,14.45,1
2024-03-29,PEL-05,chargement,18.52,1
2024-03-29,CAM-01,transport,22.17,1
2024-03-29,CAM-02,transport,17.79,1
2024-03-29,CAM-03,transport,21.52,1
2024-03-29,CAM-04,transport,24.0,1
2024-03-29,CAM-05,transport,20.57,1
2024-03-29,CAM-06,transport,17.36,1
2024-03-29,CAM-07,transport,17.68,1
2024-03-29,CAM-08,transport,17.44,1
2024-03-29,CAM-09,transport,18.03,1
2024-03-29,CAM-10,transport,17.95,1
2024-03-29,CAM-11,transport,14.3,1
2024-03-29,CAM-12,transport,19.09,1
2024-03-29,GEN-01,energie,22.06,1
2024-03-29,GEN-02,energie,23.01,1
2024-03-29,GEN-03,energie,23.58,1
2024-03-30,FOR-01,forage,20.77,1
2024-03-30,FOR-02,forage,20.05,1
2024-03-30,FOR-03,forage,18.77,1
2024-03-30,FOR-04,forage,15.06,1
2024-03-30,PEL-01,chargement,18.91,1
2024-03-30,PEL-02,chargement,22.8,1
2024-03-30,PEL-03,chargement,12.21,1
2024-03-30,PEL-04,chargement,17.18,1
2024-03-30,PEL-05,chargement,18.53,1
2024-03-30,CAM-01,transport,20.47,1
2024-03-30,CAM-02,transport,18.27,1
2024-03-30,CAM-03,transport,20.15,1
2024-03-30,CAM-04,transport,15.72,1
2024-03-30,CAM-05,transport,19.53,1
2024-03-30,CAM-06,transport,13.91,1
2024-03-30,CAM-07,transport,18.17,1
2024-03-30,CAM-08,transport,22.39,1
2024-03-30,CAM-09,transport,24.0,1
2024-03-30,CAM-10,transport,13.44,1
2024-03-30,CAM-11,transport,21.12,1
2024-03-30,CAM-12,transport,15.66,1
2024-03-30,GEN-01,energie,21.95,1
2024-03-30,GEN-02,energie,23.47,1
2024-03-30,GEN-03,energie,21.66,1
2024-03-31,FOR-01,forage,16.95,1
2024-03-31,FOR-02,forage,13.59,1
2024-03-31,FOR-03,forage,18.79,1
2024-03-31,FOR-04,forage,0.0,0
2024-03-31,PEL-01,chargement,15.94,1
2024-03-31,PEL-02,chargement,13.76,1
2024-03-31,PEL-03,chargement,23.09,1
2024-03-31,PEL-04,chargement,16.64,1
2024-03-31,PEL-05,chargement,19.97,1
2024-03-31,CAM-01,transport,17.47,1
2024-03-31,CAM-02,transport,19.77,1
2024-03-31,CAM-03,transport,16.72,1
2024-03-31,CAM-04,transport,15.35,1
2024-03-31,CAM-05,transport,13.62,1
2024-03-31,CAM-06,transport,18.52,1
2024-03-31,CAM-07,transport,20.3,1
2024-03-31,CAM-08,transport,15.39,1
2024-03-31,CAM-09,transport,19.74,1
2024-03-31,CAM-10,transport,21.68,1
2024-03-31,CAM-11,transport,16.61,1
2024-03-31,CAM-12,transport,16.28,1
2024-03-31,GEN-01,energie,22.48,1
2024-03-31,GEN-02,energie,0.0,0
2024-03-31,GEN-03,energie,23.02,1
2024-04-01,FOR-01,forage,20.44,1
2024-04-01,FOR-02,forage,20.2,1
2024-04-01,FOR-03,forage,14.31,1
2024-04-01,FOR-04,forage,19.94,1
2024-04-01,PEL-01,chargement,17.58,1
2024-04-01,PEL-02,chargement,17.8,1
2024-04-01,PEL-03,chargement,23.57,1
2024-04-01,PEL-04,chargement,20.83,1
2024-04-01,PEL-05,chargement,15.17,1
2024-04-01,CAM-01,transport,0.0,0
2024-04-01,CAM-02,transport,17.63,1
2024-04-01,CAM-03,transport,15.64,1
2024-04-01,CAM-04,transport,0.0,0
2024-04-01,CAM-05,transport,17.91,1
2024-04-01,CAM-06,transport,17.75,1
2024-04-01,CAM-07,transport,15.86,1
2024-04-01,CAM-08,transport,0.0,0
2024-04-01,CAM-09,transport,9.41,1
2024-04-01,CAM-10,transport,19.67,1
2024-04-01,CAM-11,transport,17.68,1
2024-04-01,CAM-12,transport,16.67,1
2024-04-01,GEN-01,energie,23.88,1
2024-04-01,GEN-02,energie,22.79,1
2024-04-01,GEN-03,energie,22.28,1
2024-04-02,FOR-01,forage,14.7,1
2024-04-02,FOR-02,forage,14.74,1
2024-04-02,FOR-03,forage,17.64,1
2024-04-02,FOR-04,forage,15.28,1
2024-04-02,PEL-01,chargement,21.47,1
2024-04-02,PEL-02,chargement,16.34,1
2024-04-02,PEL-03,chargement,16.96,1
2024-04-02,PEL-04,chargement,15.23,1
2024-04-02,PEL-05,chargement,19.58,1
2024-04-02,CAM-01,transport,12.84,1
2024-04-02,CAM-02,transport,19.7,1
2024-04-02,CAM-03,transport,22.39,1
2024-04-02,CAM-04,transport,18.16,1
2024-04-02,CAM-05,transport,19.32,1
2024-04-02,CAM-06,transport,19.27,1
2024-04-02,CAM-07,transport,19.5,1
2024-04-02,CAM-08,transport,16.52,1
2024-04-02,CAM-09,transport,16.34,1
2024-04-02,CAM-10,transport,13.29,1
2024-04-02,CAM-11,transport,0.0,0
2024-04-02,CAM-12,transport,17.0,1
2024-04-02,GEN-01,energie,21.28,1
2024-04-02,GEN-02,energie,24.0,1
2024-04-02,GEN-03,energie,23.1,1
2024-04-03,FOR-01,forage,16.83,1
2024-04-03,FOR-02,forage,17.88,1
2024-04-03,FOR-03,forage,19.75,1
2024-04-03,FOR-04,forage,20.21,1
2024-04-03,PEL-01,chargement,13.78,1
2024-04-03,PEL-02,chargement,17.04,1
2024-04-03,PEL-03,chargement,20.43,1
2024-04-03,PEL-04,chargement,17.0,1
2024-04-03,PEL-05,chargement,17.18,1
2024-04-03,CAM-01,transport,22.04,1
2024-04-03,CAM-02,transport,23.65,1
2024-04-03,CAM-03,transport,18.49,1
2024-04-03,CAM-04,transport,19.43,1
2024-04-03,CAM-05,transport,14.9,1
2024-04-03,CAM-06,transport,21.61,1
2024-04-03,CAM-07,transport,18.9,1
2024-04-03,CAM-08,transport,18.71,1
2024-04-03,CAM-09,transport,17.93,1
2024-04-03,CAM-10,transport,22.46,1
2024-04-03,CAM-11,transport,13.31,1
2024-04-03,CAM-12,transport,18.69,1
2024-04-03,GEN-01,energie,17.67,1
2024-04-03,GEN-02,energie,23.5,1
2024-04-03,GEN-03,energie,23.74,1
2024-04-04,FOR-01,forage,20.03,1
2024-04-04,FOR-02,forage,24.0,1
2024-04-04,FOR-03,forage,19.97,1
2024-04-04,FOR-04,forage,13.93,1
2024-04-04,PEL-01,chargement,18.89,1
2024-04-04,PEL-02,chargement,18.02,1
2024-04-04,PEL-03,chargement,12.85,1
2024-04-04,PEL-04,chargement,16.95,1
2024-04-04,PEL-05,chargement,18.82,1
2024-04-04,CAM-01,transport,16.79,1
2024-04-04,CAM-02,transport,22.98,1
2024-04-04,CAM-03,transport,19.62,1
2024-04-04,CAM-04,transport,18.77,1
2024-04-04,CAM-05,transport,18.9,1
2024-04-04,CAM-06,transport,19.62,1
2024-04-04,CAM-07,transport,17.19,1
2024-04-04,CAM-08,transport,19.31,1
2024-04-04,CAM-09,transport,19.73,1
2024-04-04,CAM-10,transport,19.56,1
2024-04-04,CAM-11,transport,20.8,1
2024-04-04,CAM-12,transport,16.08,1
2024-04-04,GEN-01,energie,21.46,1
2024-04-04,GEN-02,energie,24.0,1
2024-04-04,GEN-03,energie,22.9,1
2024-04-05,FOR-01,forage,19.43,1
2024-04-05,FOR-02,forage,19.06,1
2024-04-05,FOR-03,forage,15.48,1
2024-04-05,FOR-04,forage,9.01,1
2024-04-05,PEL-01,chargement,19.76,1
2024-04-05,PEL-02,chargement,17.2,1
2024-04-05,PEL-03,chargement,19.67,1
2024-04-05,PEL-04,chargement,19.19,1
2024-04-05,PEL-05,chargement,20.89,1
2024-04-05,CAM-01,transport,17.61,1
2024-04-05,CAM-02,transport,17.8,1
2024-04-05,CAM-03,transport,23.97,1
2024-04-05,CAM-04,transport,13.63,1
2024-04-05,CAM-05,transport,18.99,1
2024-04-05,CAM-06,transport,15.86,1
2024-04-05,CAM-07,transport,16.24,1
2024-04-05,CAM-08,transport,20.33,1
2024-04-05,CAM-09,transport,20.6,1
2024-04-05,CAM-10,transport,16.34,1
2024-04-05,CAM-11,transport,18.08,1
2024-04-05,CAM-12,transport,15.76,1
2024-04-05,GEN-01,energie,24.0,1
2024-04-05,GEN-02,energie,21.81,1
2024-04-05,GEN-03,energie,21.94,1
2024-04-06,FOR-01,forage,22.38,1
2024-04-06,FOR-02,forage,20.49,1
2024-04-06,FOR-03,forage,20.78,1
2024-04-06,FOR-04,forage,14.74,1
2024-04-06,PEL-01,chargement,22.78,1
2024-04-06,PEL-02,chargement,22.54,1
2024-04-06,PEL-03,chargement,23.43,1
2024-04-06,PEL-04,chargement,17.46,1
2024-04-06,PEL-05,chargement,17.23,1
2024-04-06,CAM-01,transport,15.37,1
2024-04-06,CAM-02,transport,18.75,1
2024-04-06,CAM-03,transport,19.42,1
2024-04-06,CAM-04,transport,16.48,1
2024-04-06,CAM-05,transport,20.16,1
2024-04-06,CAM-06,transport,0.0,0
2024-04-06,CAM-07,transport,19.58,1
2024-04-06,CAM-08,transport,19.01,1
2024-04-06,CAM-09,transport,18.48,1
2024-04-06,CAM-10,transport,15.04,1
2024-04-06,CAM-11,transport,18.72,1
2024-04-06,CAM-12,transport,16.44,1
2024-04-06,GEN-01,energie,24.0,1
2024-04-06,GEN-02,energie,24.0,1
2024-04-06,GEN-03,energie,20.08,1
2024-04-07,FOR-01,forage,16.73,1
2024-04-07,FOR-02,forage,17.37,1
2024-04-07,FOR-03,forage,14.57,1
2024-04-07,FOR-04,forage,17.6,1
2024-04-07,PEL-01,chargement,16.96,1
2024-04-07,PEL-02,chargement,16.23,1
2024-04-07,PEL-03,chargement,22.47,1
2024-04-07,PEL-04,chargement,16.81,1
2024-04-07,PEL-05,chargement,21.91,1
2024-04-07,CAM-01,transport,18.87,1
2024-04-07,CAM-02,transport,16.81,1
2024-04-07,CAM-03,transport,18.57,1
2024-04-07,CAM-04,transport,18.68,1
2024-04-07,CAM-05,transport,15.27,1
2024-04-07,CAM-06,transport,18.67,1
2024-04-07,CAM-07,transport,16.0,1
2024-04-07,CAM-08,transport,15.32,1
2024-04-07,CAM-09,transport,19.19,1
2024-04-07,CAM-10,transport,18.76,1
2024-04-07,CAM-11,transport,20.43,1
2024-04-07,CAM-12,transport,19.46,1
2024-04-07,GEN-01,energie,24.0,1
2024-04-07,GEN-02,energie,24.0,1
2024-04-07,GEN-03,energie,24.0,1
2024-04-08,FOR-01,forage,18.54,1
2024-04-08,FOR-02,forage,16.17,1
2024-04-08,FOR-03,forage,18.36,1
2024-04-08,FOR-04,forage,11.97,1
2024-04-08,PEL-01,chargement,18.17,1
2024-04-08,PEL-02,chargement,18.63,1
2024-04-08,PEL-03,chargement,24.0,1
2024-04-08,PEL-04,chargement,13.63,1
2024-04-08,PEL-05,chargement,16.45,1
2024-04-08,CAM-01,transport,17.39,1
2024-04-08,CAM-02,transport,14.38,1
2024-04-08,CAM-03,transport,19.88,1
2024-04-08,CAM-04,transport,14.84,1
2024-04-08,CAM-05,transport,19.73,1
2024-04-08,CAM-06,transport,20.73,1
2024-04-08,CAM-07,transport,18.1,1
2024-04-08,CAM-08,transport,18.19,1
2024-04-08,CAM-09,transport,20.3,1
2024-04-08,CAM-10,transport,12.82,1
2024-04-08,CAM-11,transport,14.09,1
2024-04-08,CAM-12,transport,17.09,1
2024-04-08,GEN-01,energie,18.73,1
2024-04-08,GEN-02,energie,21.46,1
2024-04-08,GEN-03,energie,24.0,1
2024-04-09,FOR-01,forage,21.05,1
2024-04-09,FOR-02,forage,16.88,1
2024-04-09,FOR-03,forage,19.31,1
2024-04-09,FOR-04,forage,13.68,1
2024-04-09,PEL-01,chargement,11.29,1
2024-04-09,PEL-02,chargement,10.02,1
2024-04-09,PEL-03,chargement,18.06,1
2024-04-09,PEL-04,chargement,20.0,1
2024-04-09,PEL-05,chargement,16.12,1
2024-04-09,CAM-01,transport,16.28,1
2024-04-09,CAM-02,transport,19.69,1
2024-04-09,CAM-03,transport,19.0,1
2024-04-09,CAM-04,transport,19.39,1
2024-04-09,CAM-05,transport,21.14,1
2024-04-09,CAM-06,transport,10.81,1
2024-04-09,CAM-07,transport,18.62,1
2024-04-09,CAM-08,transport,16.6,1
2024-04-09,CAM-09,transport,17.08,1
2024-04-09,CAM-10,transport,15.64,1
2024-04-09,CAM-11,transport,10.53,1
2024-04-09,CAM-12,transport,15.51,1
2024-04-09,GEN-01,energie,22.84,1
2024-04-09,GEN-02,energie,24.0,1
2024-04-09,GEN-03,energie,24.0,1
2024-04-10,FOR-01,forage,0.0,0
2024-04-10,FOR-02,forage,17.62,1
2024-04-10,FOR-03,forage,15.22,1
2024-04-10,FOR-04,forage,15.4,1
2024-04-10,PEL-01,chargement,19.85,1
2024-04-10,PEL-02,chargement,15.45,1
2024-04-10,PEL-03,chargement,13.83,1
2024-04-10,PEL-04,chargement,14.1,1
2024-04-10,PEL-05,chargement,22.37,1
2024-04-10,CAM-01,transport,16.79,1
2024-04-10,CAM-02,transport,15.55,1
2024-04-10,CAM-03,transport,16.44,1
2024-04-10,CAM-04,transport,19.09,1
2024-04-10,CAM-05,transport,18.22,1
2024-04-10,CAM-06,transport,17.34,1
2024-04-10,CAM-07,transport,15.15,1
2024-04-10,CAM-08,transport,18.08,1
2024-04-10,CAM-09,transport,11.23,1
2024-04-10,CAM-10,transport,16.62,1
2024-04-10,CAM-11,transport,16.53,1
2024-04-10,CAM-12,transport,20.58,1
2024-04-10,GEN-01,energie,21.87,1
2024-04-10,GEN-02,energie,23.92,1
2024-04-10,GEN-03,energie,24.0,1
2024-04-11,FOR-01,forage,16.06,1
2024-04-11,FOR-02,forage,18.77,1
2024-04-11,FOR-03,forage,16.4,1
2024-04-11,FOR-04,forage,0.0,0
2024-04-11,PEL-01,chargement,23.05,1
2024-04-11,PEL-02,chargement,19.98,1
2024-04-11,PEL-03,chargement,20.2,1
2024-04-11,PEL-04,chargement,18.83,1
2024-04-11,PEL-05,chargement,24.0,1
2024-04-11,CAM-01,transport,14.12,1
2024-04-11,CAM-02,transport,23.78,1
2024-04-11,CAM-03,transport,21.64,1
2024-04-11,CAM-04,transport,17.93,1
2024-04-11,CAM-05,transport,12.07,1
2024-04-11,CAM-06,transport,21.5,1
2024-04-11,CAM-07,transport,14.4,1
2024-04-11,CAM-08,transport,18.99,1
2024-04-11,CAM-09,transport,18.24,1
2024-04-11,CAM-10,transport,0.0,0
2024-04-11,CAM-11,transport,17.0,1
2024-04-11,CAM-12,transport,16.93,1
2024-04-11,GEN-01,energie,19.69,1
2024-04-11,GEN-02,energie,20.11,1
2024-04-11,GEN-03,energie,24.0,1
2024-04-12,FOR-01,forage,17.58,1
2024-04-12,FOR-02,forage,18.88,1
2024-04-12,FOR-03,forage,24.0,1
2024-04-12,FOR-04,forage,18.86,1
2024-04-12,PEL-01,chargement,19.68,1
2024-04-12,PEL-02,chargement,17.92,1
2024-04-12,PEL-03,chargement,16.96,1
2024-04-12,PEL-04,chargement,21.16,1
2024-04-12,PEL-05,chargement,18.68,1
2024-04-12,CAM-01,transport,12.09,1
2024-04-12,CAM-02,transport,19.86,1
2024-04-12,CAM-03,transport,12.29,1
2024-04-12,CAM-04,transport,22.37,1
2024-04-12,CAM-05,transport,16.46,1
2024-04-12,CAM-06,transport,17.38,1
2024-04-12,CAM-07,transport,17.9,1
2024-04-12,CAM-08,transport,17.73,1
2024-04-12,CAM-09,transport,17.68,1
2024-04-12,CAM-10,transport,17.97,1
2024-04-12,CAM-11,transport,16.11,1
2024-04-12,CAM-12,transport,14.59,1
2024-04-12,GEN-01,energie,24.0,1
2024-04-12,GEN-02,energie,20.76,1
2024-04-12,GEN-03,energie,21.21,1
2024-04-13,FOR-01,forage,20.67,1
2024-04-13,FOR-02,forage,19.39,1
2024-04-13,FOR-03,forage,12.9,1
2024-04-13,FOR-04,forage,17.0,1
2024-04-13,PEL-01,chargement,15.57,1
2024-04-13,PEL-02,chargement,16.65,1
2024-04-13,PEL-03,chargement,16.87,1
2024-04-13,PEL-04,chargement,16.93,1
2024-04-13,PEL-05,chargement,24.0,1
2024-04-13,CAM-01,transport,18.07,1
2024-04-13,CAM-02,transport,16.3,1
2024-04-13,CAM-03,transport,21.33,1
2024-04-13,CAM-04,transport,15.8,1
2024-04-13,CAM-05,transport,22.44,1
2024-04-13,CAM-06,transport,20.71,1
2024-04-13,CAM-07,transport,22.59,1
2024-04-13,CAM-08,transport,21.98,1
2024-04-13,CAM-09,transport,17.8,1
2024-04-13,CAM-10,transport,22.85,1
2024-04-13,CAM-11,transport,13.2,1
2024-04-13,CAM-12,transport,18.19,1
2024-04-13,GEN-01,energie,21.66,1
2024-04-13,GEN-02,energie,23.89,1
2024-04-13,GEN-03,energie,24.0,1
2024-04-14,FOR-01,forage,17.96,1
2024-04-14,FOR-02,forage,18.18,1
2024-04-14,FOR-03,forage,14.69,1
2024-04-14,FOR-04,forage,21.23,1
2024-04-14,PEL-01,chargement,16.95,1
2024-04-14,PEL-02,chargement,20.78,1
2024-04-14,PEL-03,chargement,21.57,1
2024-04-14,PEL-04,chargement,13.24,1
2024-04-14,PEL-05,chargement,16.75,1
2024-04-14,CAM-01,transport,16.38,1
2024-04-14,CAM-02,transport,19.59,1
2024-04-14,CAM-03,transport,0.0,0
2024-04-14,CAM-04,transport,23.01,1
2024-04-14,CAM-05,transport,21.04,1
2024-04-14,CAM-06,transport,0.0,0
2024-04-14,CAM-07,transport,13.31,1
2024-04-14,CAM-08,transport,18.92,1
2024-04-14,CAM-09,transport,19.75,1
2024-04-14,CAM-10,transport,17.21,1
2024-04-14,CAM-11,transport,19.4,1
2024-04-14,CAM-12,transport,19.32,1
2024-04-14,GEN-01,energie,24.0,1
2024-04-14,GEN-02,energie,24.0,1
2024-04-14,GEN-03,energie,21.99,1
2024-04-15,FOR-01,forage,24.0,1
2024-04-15,FOR-02,forage,11.94,1
2024-04-15,FOR-03,forage,12.8,1
2024-04-15,FOR-04,forage,12.23,1
2024-04-15,PEL-01,chargement,16.79,1
2024-04-15,PEL-02,chargement,22.65,1
2024-04-15,PEL-03,chargement,15.2,1
2024-04-15,PEL-04,chargement,18.38,1
2024-04-15,PEL-05,chargement,21.33,1
2024-04-15,CAM-01,transport,19.57,1
2024-04-15,CAM-02,transport,17.18,1
2024-04-15,CAM-03,transport,16.5,1
2024-04-15,CAM-04,transport,19.02,1
2024-04-15,CAM-05,transport,15.63,1
2024-04-15,CAM-06,transport,18.1,1
2024-04-15,CAM-07,transport,18.3,1
2024-04-15,CAM-08,transport,14.01,1
2024-04-15,CAM-09,transport,12.88,1
2024-04-15,CAM-10,transport,23.62,1
2024-04-15,CAM-11,transport,11.19,1
2024-04-15,CAM-12,transport,14.13,1
2024-04-15,GEN-01,energie,21.81,1
2024-04-15,GEN-02,energie,22.44,1
2024-04-15,GEN-03,energie,21.4,1
2024-04-16,FOR-01,forage,22.13,1
2024-04-16,FOR-02,forage,16.88,1
2024-04-16,FOR-03,forage,15.38,1
2024-04-16,FOR-04,forage,12.24,1
2024-04-16,PEL-01,chargement,16.4,1
2024-04-16,PEL-02,chargement,15.99,1
2024-04-16,PEL-03,chargement,16.45,1
2024-04-16,PEL-04,chargement,19.08,1
2024-04-16,PEL-05,chargement,0.0,0
2024-04-16,CAM-01,transport,17.81,1
2024-04-16,CAM-02,transport,16.5,1
2024-04-16,CAM-03,transport,17.93,1
2024-04-16,CAM-04,transport,15.25,1
2024-04-16,CAM-05,transport,11.72,1
2024-04-16,CAM-06,transport,17.96,1
2024-04-16,CAM-07,transport,17.83,1
2024-04-16,CAM-08,transport,20.55,1
2024-04-16,CAM-09,transport,17.5,1
2024-04-16,CAM-10,transport,0.0,0
2024-04-16,CAM-11,transport,21.28,1
2024-04-16,CAM-12,transport,15.7,1
2024-04-16,GEN-01,energie,0.0,0
2024-04-16,GEN-02,energie,23.63,1
2024-04-16,GEN-03,energie,24.0,1
2024-04-17,FOR-01,forage,17.32,1
2024-04-17,FOR-02,forage,24.0,1
2024-04-17,FOR-03,forage,20.99,1
2024-04-17,FOR-04,forage,17.36,1
2024-04-17,PEL-01,chargement,22.09,1
2024-04-17,PEL-02,chargement,10.6,1
2024-04-17,PEL-03,chargement,17.78,1
2024-04-17,PEL-04,chargement,19.68,1
2024-04-17,PEL-05,chargement,24.0,1
2024-04-17,CAM-01,transport,15.24,1
2024-04-17,CAM-02,transport,16.99,1
2024-04-17,CAM-03,transport,16.54,1
2024-04-17,CAM-04,transport,13.93,1
2024-04-17,CAM-05,transport,22.99,1
2024-04-17,CAM-06,transport,18.93,1
2024-04-17,CAM-07,transport,19.43,1
2024-04-17,CAM-08,transport,19.9,1
2024-04-17,CAM-09,transport,20.99,1
2024-04-17,CAM-10,transport,14.79,1
2024-04-17,CAM-11,transport,0.0,0
2024-04-17,CAM-12,transport,19.96,1
2024-04-17,GEN-01,energie,22.28,1
2024-04-17,GEN-02,energie,24.0,1
2024-04-17,GEN-03,energie,22.05,1
2024-04-18,FOR-01,forage,19.32,1
2024-04-18,FOR-02,forage,15.39,1
2024-04-18,FOR-03,forage,22.39,1
2024-04-18,FOR-04,forage,19.67,1
2024-04-18,PEL-01,chargement,15.16,1
2024-04-18,PEL-02,chargement,16.5,1
2024-04-18,PEL-03,chargement,16.85,1
2024-04-18,PEL-04,chargement,17.36,1
2024-04-18,PEL-05,chargement,19.13,1
2024-04-18,CAM-01,transport,16.71,1
2024-04-18,CAM-02,transport,21.35,1
2024-04-18,CAM-03,transport,19.44,1
2024-04-18,CAM-04,transport,20.12,1
2024-04-18,CAM-05,transport,17.14,1
2024-04-18,CAM-06,transport,14.94,1
2024-04-18,CAM-07,transport,22.18,1
2024-04-18,CAM-08,transport,22.05,1
2024-04-18,CAM-09,transport,17.27,1
2024-04-18,CAM-10,transport,17.26,1
2024-04-18,CAM-11,transport,21.95,1
2024-04-18,CAM-12,transport,20.97,1
2024-04-18,GEN-01,energie,23.47,1
2024-04-18,GEN-02,energie,24.0,1
2024-04-18,GEN-03,energie,24.0,1
2024-04-19,FOR-01,forage,0.0,0
2024-04-19,FOR-02,forage,21.52,1
2024-04-19,FOR-03,forage,18.41,1
2024-04-19,FOR-04,forage,19.22,1
2024-04-19,PEL-01,chargement,16.8,1
2024-04-19,PEL-02,chargement,20.03,1
2024-04-19,PEL-03,chargement,14.28,1
2024-04-19,PEL-04,chargement,20.68,1
2024-04-19,PEL-05,chargement,21.39,1
2024-04-19,CAM-01,transport,19.61,1
2024-04-19,CAM-02,transport,20.87,1
2024-04-19,CAM-03,transport,20.08,1
2024-04-19,CAM-04,transport,16.31,1
2024-04-19,CAM-05,transport,14.93,1
2024-04-19,CAM-06,transport,23.04,1
2024-04-19,CAM-07,transport,15.78,1
2024-04-19,CAM-08,transport,16.44,1
2024-04-19,CAM-09,transport,18.16,1
2024-04-19,CAM-10,transport,10.76,1
2024-04-19,CAM-11,transport,14.13,1
2024-04-19,CAM-12,transport,18.46,1
2024-04-19,GEN-01,energie,21.07,1
2024-04-19,GEN-02,energie,19.22,1
2024-04-19,GEN-03,energie,20.4,1
2024-04-20,FOR-01,forage,14.83,1
2024-04-20,FOR-02,forage,21.52,1
2024-04-20,FOR-03,forage,17.76,1
2024-04-20,FOR-04,forage,18.1,1
2024-04-20,PEL-01,chargement,20.82,1
2024-04-20,PEL-02,chargement,14.79,1
2024-04-20,PEL-03,chargement,17.69,1
2024-04-20,PEL-04,chargement,16.55,1
2024-04-20,PEL-05,chargement,18.88,1
2024-04-20,CAM-01,transport,18.02,1
2024-04-20,CAM-02,transport,20.63,1
2024-04-20,CAM-03,transport,17.94,1
2024-04-20,CAM-04,transport,20.64,1
2024-04-20,CAM-05,transport,15.0,1
2024-04-20,CAM-06,transport,21.67,1
2024-04-20,CAM-07,transport,16.75,1
2024-04-20,CAM-08,transport,15.29,1
2024-04-20,CAM-09,transport,18.29,1
2024-04-20,CAM-10,transport,16.19,1
2024-04-20,CAM-11,transport,16.88,1
2024-04-20,CAM-12,transport,14.88,1
2024-04-20,GEN-01,energie,21.95,1
2024-04-20,GEN-02,energie,20.43,1
2024-04-20,GEN-03,energie,21.68,1
2024-04-21,FOR-01,forage,18.7,1
2024-04-21,FOR-02,forage,14.45,1
2024-04-21,FOR-03,forage,15.1,1
2024-04-21,FOR-04,forage,17.8,1
2024-04-21,PEL-01,chargement,16.58,1
2024-04-21,PEL-02,chargement,12.64,1
2024-04-21,PEL-03,chargement,18.76,1
2024-04-21,PEL-04,chargement,21.2,1
2024-04-21,PEL-05,chargement,14.81,1
2024-04-21,CAM-01,transport,21.89,1
2024-04-21,CAM-02,transport,18.53,1
2024-04-21,CAM-03,transport,23.23,1
2024-04-21,CAM-04,transport,14.95,1
2024-04-21,CAM-05,transport,14.53,1
2024-04-21,CAM-06,transport,17.51,1
2024-04-21,CAM-07,transport,18.59,1
2024-04-21,CAM-08,transport,14.24,1
2024-04-21,CAM-09,transport,11.14,1
2024-04-21,CAM-10,transport,17.25,1
2024-04-21,CAM-11,transport,19.23,1
2024-04-21,CAM-12,transport,15.13,1
2024-04-21,GEN-01,energie,22.15,1
2024-04-21,GEN-02,energie,21.0,1
2024-04-21,GEN-03,energie,17.87,1
2024-04-22,FOR-01,forage,15.09,1
2024-04-22,FOR-02,forage,19.17,1
2024-04-22,FOR-03,forage,18.71,1
2024-04-22,FOR-04,forage,19.61,1
2024-04-22,PEL-01,chargement,19.62,1
2024-04-22,PEL-02,chargement,15.85,1
2024-04-22,PEL-03,chargement,16.24,1
2024-04-22,PEL-04,chargement,18.87,1
2024-04-22,PEL-05,chargement,22.74,1
2024-04-22,CAM-01,transport,22.41,1
2024-04-22,CAM-02,transport,16.1,1
2024-04-22,CAM-03,transport,0.0,0
2024-04-22,CAM-04,transport,16.7,1
2024-04-22,CAM-05,transport,20.89,1
2024-04-22,CAM-06,transport,18.2,1
2024-04-22,CAM-07,transport,16.2,1
2024-04-22,CAM-08,transport,14.21,1
2024-04-22,CAM-09,transport,0.0,0
2024-04-22,CAM-10,transport,16.08,1
2024-04-22,CAM-11,transport,16.39,1
2024-04-22,CAM-12,transport,19.84,1
2024-04-22,GEN-01,energie,21.21,1
2024-04-22,GEN-02,energie,21.76,1
2024-04-22,GEN-03,energie,22.49,1
2024-04-23,FOR-01,forage,15.13,1
2024-04-23,FOR-02,forage,15.86,1
2024-04-23,FOR-03,forage,16.83,1
2024-04-23,FOR-04,forage,20.89,1
2024-04-23,PEL-01,chargement,24.0,1
2024-04-23,PEL-02,chargement,23.86,1
2024-04-23,PEL-03,chargement,18.16,1
2024-04-23,PEL-04,chargement,21.99,1
2024-04-23,PEL-05,chargement,19.57,1
2024-04-23,CAM-01,transport,12.76,1
2024-04-23,CAM-02,transport,9.23,1
2024-04-23,CAM-03,transport,19.16,1
2024-04-23,CAM-04,transport,18.58,1
2024-04-23,CAM-05,transport,22.16,1
2024-04-23,CAM-06,transport,15.17,1
2024-04-23,CAM-07,transport,17.11,1
2024-04-23,CAM-08,transport,17.69,1
2024-04-23,CAM-09,transport,23.0,1
2024-04-23,CAM-10,transport,20.81,1
2024-04-23,CAM-11,transport,19.81,1
2024-04-23,CAM-12,transport,0.0,0
2024-04-23,GEN-01,energie,23.61,1
2024-04-23,GEN-02,energie,23.04,1
2024-04-23,GEN-03,energie,21.24,1
2024-04-24,FOR-01,forage,22.53,1
2024-04-24,FOR-02,forage,19.74,1
2024-04-24,FOR-03,forage,21.13,1
2024-04-24,FOR-04,forage,19.32,1
2024-04-24,PEL-01,chargement,16.42,1
2024-04-24,PEL-02,chargement,15.88,1
2024-04-24,PEL-03,chargement,21.56,1
2024-04-24,PEL-04,chargement,24.0,1
2024-04-24,PEL-05,chargement,21.78,1
2024-04-24,CAM-01,transport,15.95,1
2024-04-24,CAM-02,transport,14.92,1
2024-04-24,CAM-03,transport,19.53,1
2024-04-24,CAM-04,transport,15.74,1
2024-04-24,CAM-05,transport,16.05,1
2024-04-24,CAM-06,transport,20.33,1
2024-04-24,CAM-07,transport,16.34,1
2024-04-24,CAM-08,transport,15.19,1
2024-04-24,CAM-09,transport,18.82,1
2024-04-24,CAM-10,transport,14.79,1
2024-04-24,CAM-11,transport,17.93,1
2024-04-24,CAM-12,transport,17.28,1
2024-04-24,GEN-01,energie,20.76,1
2024-04-24,GEN-02,energie,19.27,1
2024-04-24,GEN-03,energie,22.4,1
2024-04-25,FOR-01,forage,19.75,1
2024-04-25,FOR-02,forage,17.76,1
2024-04-25,FOR-03,forage,22.31,1
2024-04-25,FOR-04,forage,19.69,1
2024-04-25,PEL-01,chargement,21.16,1
2024-04-25,PEL-02,chargement,20.3,1
2024-04-25,PEL-03,chargement,20.57,1
2024-04-25,PEL-04,chargement,16.37,1
2024-04-25,PEL-05,chargement,22.22,1
2024-04-25,CAM-01,transport,18.73,1
2024-04-25,CAM-02,transport,14.16,1
2024-04-25,CAM-03,transport,19.87,1
2024-04-25,CAM-04,transport,14.6,1
2024-04-25,CAM-05,transport,10.48,1
2024-04-25,CAM-06,transport,20.52,1
2024-04-25,CAM-07,transport,21.24,1
2024-04-25,CAM-08,transport,0.0,0
2024-04-25,CAM-09,transport,20.56,1
2024-04-25,CAM-10,transport,17.68,1
2024-04-25,CAM-11,transport,15.65,1
2024-04-25,CAM-12,transport,19.71,1
2024-04-25,GEN-01,energie,0.0,0
2024-04-25,GEN-02,energie,19.86,1
2024-04-25,GEN-03,energie,23.47,1
2024-04-26,FOR-01,forage,13.99,1
2024-04-26,FOR-02,forage,19.87,1
2024-04-26,FOR-03,forage,24.0,1
2024-04-26,FOR-04,forage,0.0,0
2024-04-26,PEL-01,chargement,19.06,1
2024-04-26,PEL-02,chargement,18.47,1
2024-04-26,PEL-03,chargement,19.34,1
2024-04-26,PEL-04,chargement,20.1,1
2024-04-26,PEL-05,chargement,23.02,1
2024-04-26,CAM-01,transport,14.61,1
2024-04-26,CAM-02,transport,18.69,1
2024-04-26,CAM-03,transport,15.66,1
2024-04-26,CAM-04,transport,17.76,1
2024-04-26,CAM-05,transport,15.86,1
2024-04-26,CAM-06,transport,14.09,1
2024-04-26,CAM-07,transport,16.67,1
2024-04-26,CAM-08,transport,16.95,1
2024-04-26,CAM-09,transport,14.82,1
2024-04-26,CAM-10,transport,20.47,1
2024-04-26,CAM-11,transport,24.0,1
2024-04-26,CAM-12,transport,19.11,1
2024-04-26,GEN-01,energie,20.68,1
2024-04-26,GEN-02,energie,22.23,1
2024-04-26,GEN-03,energie,23.38,1
2024-04-27,FOR-01,forage,14.47,1
2024-04-27,FOR-02,forage,0.0,0
2024-04-27,FOR-03,forage,17.78,1
2024-04-27,FOR-04,forage,20.01,1
2024-04-27,PEL-01,chargement,16.02,1
2024-04-27,PEL-02,chargement,17.51,1
2024-04-27,PEL-03,chargement,13.63,1
2024-04-27,PEL-04,chargement,21.81,1
2024-04-27,PEL-05,chargement,23.54,1
2024-04-27,CAM-01,transport,18.46,1
2024-04-27,CAM-02,transport,16.06,1
2024-04-27,CAM-03,transport,18.51,1
2024-04-27,CAM-04,transport,16.77,1
2024-04-27,CAM-05,transport,15.1,1
2024-04-27,CAM-06,transport,18.32,1
2024-04-27,CAM-07,transport,17.83,1
2024-04-27,CAM-08,transport,18.07,1
2024-04-27,CAM-09,transport,19.85,1
2024-04-27,CAM-10,transport,14.68,1
2024-04-27,CAM-11,transport,21.67,1
2024-04-27,CAM-12,transport,21.69,1
2024-04-27,GEN-01,energie,22.68,1
2024-04-27,GEN-02,energie,19.07,1
2024-04-27,GEN-03,energie,19.71,1
2024-04-28,FOR-01,forage,11.43,1
2024-04-28,FOR-02,forage,14.95,1
2024-04-28,FOR-03,forage,19.88,1
2024-04-28,FOR-04,forage,19.99,1
2024-04-28,PEL-01,chargement,15.79,1
2024-04-28,PEL-02,chargement,16.28,1
2024-04-28,PEL-03,chargement,17.09,1
2024-04-28,PEL-04,chargement,14.7,1
2024-04-28,PEL-05,chargement,19.31,1
2024-04-28,CAM-01,transport,0.0,0
2024-04-28,CAM-02,transport,18.26,1
2024-04-28,CAM-03,transport,18.8,1
2024-04-28,CAM-04,transport,15.96,1
2024-04-28,CAM-05,transport,17.5,1
2024-04-28,CAM-06,transport,17.69,1
2024-04-28,CAM-07,transport,15.86,1
2024-04-28,CAM-08,transport,15.63,1
2024-04-28,CAM-09,transport,20.48,1
2024-04-28,CAM-10,transport,17.38,1
2024-04-28,CAM-11,transport,16.39,1
2024-04-28,CAM-12,transport,22.61,1
2024-04-28,GEN-01,energie,24.0,1
2024-04-28,GEN-02,energie,22.01,1
2024-04-28,GEN-03,energie,22.84,1
2024-04-29,FOR-01,forage,15.73,1
2024-04-29,FOR-02,forage,18.15,1
2024-04-29,FOR-03,forage,14.34,1
2024-04-29,FOR-04,forage,21.82,1
2024-04-29,PEL-01,chargement,18.06,1
2024-04-29,PEL-02,chargement,18.38,1
2024-04-29,PEL-03,chargement,16.3,1
2024-04-29,PEL-04,chargement,13.06,1
2024-04-29,PEL-05,chargement,22.91,1
2024-04-29,CAM-01,transport,19.15,1
2024-04-29,CAM-02,transport,15.97,1
2024-04-29,CAM-03,transport,19.62,1
2024-04-29,CAM-04,transport,14.78,1
2024-04-29,CAM-05,transport,17.75,1
2024-04-29,CAM-06,transport,19.66,1
2024-04-29,CAM-07,transport,15.02,1
2024-04-29,CAM-08,transport,20.38,1
2024-04-29,CAM-09,transport,16.06,1
2024-04-29,CAM-10,transport,14.19,1
2024-04-29,CAM-11,transport,18.94,1
2024-04-29,CAM-12,transport,18.81,1
2024-04-29,GEN-01,energie,21.39,1
2024-04-29,GEN-02,energie,22.32,1
2024-04-29,GEN-03,energie,21.96,1
2024-04-30,FOR-01,forage,19.87,1
2024-04-30,FOR-02,forage,15.18,1
2024-04-30,FOR-03,forage,16.88,1
2024-04-30,FOR-04,forage,13.29,1
2024-04-30,PEL-01,chargement,15.57,1
2024-04-30,PEL-02,chargement,0.0,0
2024-04-30,PEL-03,chargement,14.34,1
2024-04-30,PEL-04,chargement,15.77,1
2024-04-30,PEL-05,chargement,16.44,1
2024-04-30,CAM-01,transport,16.78,1
2024-04-30,CAM-02,transport,23.16,1
2024-04-30,CAM-03,transport,18.53,1
2024-04-30,CAM-04,transport,16.61,1
2024-04-30,CAM-05,transport,18.62,1
2024-04-30,CAM-06,transport,17.74,1
2024-04-30,CAM-07,transport,19.29,1
2024-04-30,CAM-08,transport,20.72,1
2024-04-30,CAM-09,transport,20.62,1
2024-04-30,CAM-10,transport,20.54,1
2024-04-30,CAM-11,transport,15.62,1
2024-04-30,CAM-12,transport,20.15,1
2024-04-30,GEN-01,energie,20.74,1
2024-04-30,GEN-02,energie,24.0,1
2024-04-30,GEN-03,energie,22.05,1
2024-05-01,FOR-01,forage,15.58,1
2024-05-01,FOR-02,forage,0.0,0
2024-05-01,FOR-03,forage,19.42,1
2024-05-01,FOR-04,forage,16.56,1
2024-05-01,PEL-01,chargement,17.72,1
2024-05-01,PEL-02,chargement,19.7,1
2024-05-01,PEL-03,chargement,23.93,1
2024-05-01,PEL-04,chargement,15.59,1
2024-05-01,PEL-05,chargement,17.32,1
2024-05-01,CAM-01,transport,18.4,1
2024-05-01,CAM-02,transport,16.7,1
2024-05-01,CAM-03,transport,21.77,1
2024-05-01,CAM-04,transport,19.28,1
2024-05-01,CAM-05,transport,17.34,1
2024-05-01,CAM-06,transport,20.89,1
2024-05-01,CAM-07,transport,18.35,1
2024-05-01,CAM-08,transport,19.71,1
2024-05-01,CAM-09,transport,18.17,1
2024-05-01,CAM-10,transport,19.66,1
2024-05-01,CAM-11,transport,19.06,1
2024-05-01,CAM-12,transport,19.35,1
2024-05-01,GEN-01,energie,20.13,1
2024-05-01,GEN-02,energie,22.33,1
2024-05-01,GEN-03,energie,21.48,1
2024-05-02,FOR-01,forage,20.89,1
2024-05-02,FOR-02,forage,16.95,1
2024-05-02,FOR-03,forage,18.88,1
2024-05-02,FOR-04,forage,18.64,1
2024-05-02,PEL-01,chargement,17.56,1
2024-05-02,PEL-02,chargement,15.62,1
2024-05-02,PEL-03,chargement,15.75,1
2024-05-02,PEL-04,chargement,18.94,1
2024-05-02,PEL-05,chargement,17.33,1
2024-05-02,CAM-01,transport,22.25,1
2024-05-02,CAM-02,transport,15.84,1
2024-05-02,CAM-03,transport,18.06,1
2024-05-02,CAM-04,transport,13.22,1
2024-05-02,CAM-05,transport,17.88,1
2024-05-02,CAM-06,transport,19.87,1
2024-05-02,CAM-07,transport,16.5,1
2024-05-02,CAM-08,transport,24.0,1
2024-05-02,CAM-09,transport,17.56,1
2024-05-02,CAM-10,transport,16.45,1
2024-05-02,CAM-11,transport,16.69,1
2024-05-02,CAM-12,transport,19.4,1
2024-05-02,GEN-01,energie,19.62,1
2024-05-02,GEN-02,energie,22.7,1
2024-05-02,GEN-03,energie,23.38,1
2024-05-03,FOR-01,forage,13.39,1
2024-05-03,FOR-02,forage,19.11,1
2024-05-03,FOR-03,forage,20.7,1
2024-05-03,FOR-04,forage,20.08,1
2024-05-03,PEL-01,chargement,19.88,1
2024-05-03,PEL-02,chargement,18.52,1
2024-05-03,PEL-03,chargement,15.41,1
2024-05-03,PEL-04,chargement,19.32,1
2024-05-03,PEL-05,chargement,16.21,1
2024-05-03,CAM-01,transport,15.54,1
2024-05-03,CAM-02,transport,20.79,1
2024-05-03,CAM-03,transport,24.0,1
2024-05-03,CAM-04,transport,21.35,1
2024-05-03,CAM-05,transport,17.84,1
2024-05-03,CAM-06,transport,17.78,1
2024-05-03,CAM-07,transport,13.25,1
2024-05-03,CAM-08,transport,19.72,1
2024-05-03,CAM-09,transport,16.37,1
2024-05-03,CAM-10,transport,16.9,1
2024-05-03,CAM-11,transport,20.66,1
2024-05-03,CAM-12,transport,20.5,1
2024-05-03,GEN-01,energie,19.53,1
2024-05-03,GEN-02,energie,20.74,1
2024-05-03,GEN-03,energie,21.43,1
2024-05-04,FOR-01,forage,20.68,1
2024-05-04,FOR-02,forage,21.94,1
2024-05-04,FOR-03,forage,15.22,1
2024-05-04,FOR-04,forage,23.13,1
2024-05-04,PEL-01,chargement,17.63,1
2024-05-04,PEL-02,chargement,18.29,1
2024-05-04,PEL-03,chargement,23.95,1
2024-05-04,PEL-04,chargement,18.47,1
2024-05-04,PEL-05,chargement,0.0,0
2024-05-04,CAM-01,transport,18.31,1
2024-05-04,CAM-02,transport,0.0,0
2024-05-04,CAM-03,transport,20.27,1
2024-05-04,CAM-04,transport,14.91,1
2024-05-04,CAM-05,transport,16.25,1
2024-05-04,CAM-06,transport,20.84,1
2024-05-04,CAM-07,transport,17.46,1
2024-05-04,CAM-08,transport,22.13,1
2024-05-04,CAM-09,transport,0.0,0
2024-05-04,CAM-10,transport,22.11,1
2024-05-04,CAM-11,transport,16.73,1
2024-05-04,CAM-12,transport,14.43,1
2024-05-04,GEN-01,energie,20.48,1
2024-05-04,GEN-02,energie,21.61,1
2024-05-04,GEN-03,energie,21.32,1
2024-05-05,FOR-01,forage,14.22,1
2024-05-05,FOR-02,forage,12.5,1
2024-05-05,FOR-03,forage,14.05,1
2024-05-05,FOR-04,forage,14.83,1
2024-05-05,PEL-01,chargement,24.0,1
2024-05-05,PEL-02,chargement,15.65,1
2024-05-05,PEL-03,chargement,22.07,1
2024-05-05,PEL-04,chargement,14.31,1
2024-05-05,PEL-05,chargement,11.98,1
2024-05-05,CAM-01,transport,13.08,1
2024-05-05,CAM-02,transport,19.2,1
2024-05-05,CAM-03,transport,14.01,1
2024-05-05,CAM-04,transport,14.27,1
2024-05-05,CAM-05,transport,19.22,1
2024-05-05,CAM-06,transport,17.02,1
2024-05-05,CAM-07,transport,14.3,1
2024-05-05,CAM-08,transport,24.0,1
2024-05-05,CAM-09,transport,19.13,1
2024-05-05,CAM-10,transport,13.91,1
2024-05-05,CAM-11,transport,18.54,1
2024-05-05,CAM-12,transport,19.06,1
2024-05-05,GEN-01,energie,0.0,0
2024-05-05,GEN-02,energie,17.77,1
2024-05-05,GEN-03,energie,24.0,1
2024-05-06,FOR-01,forage,18.74,1
2024-05-06,FOR-02,forage,14.08,1
2024-05-06,FOR-03,forage,15.0,1
2024-05-06,FOR-04,forage,18.16,1
2024-05-06,PEL-01,chargement,16.18,1
2024-05-06,PEL-02,chargement,21.68,1
2024-05-06,PEL-03,chargement,17.76,1
2024-05-06,PEL-04,chargement,18.4,1
2024-05-06,PEL-05,chargement,12.95,1
2024-05-06,CAM-01,transport,20.66,1
2024-05-06,CAM-02,transport,20.07,1
2024-05-06,CAM-03,transport,14.6,1
2024-05-06,CAM-04,transport,0.0,0
2024-05-06,CAM-05,transport,17.69,1
2024-05-06,CAM-06,transport,22.17,1
2024-05-06,CAM-07,transport,15.52,1
2024-05-06,CAM-08,transport,20.46,1
2024-05-06,CAM-09,transport,17.38,1
2024-05-06,CAM-10,transport,12.65,1
2024-05-06,CAM-11,transport,13.07,1
2024-05-06,CAM-12,transport,14.46,1
2024-05-06,GEN-01,energie,24.0,1
2024-05-06,GEN-02,energie,23.16,1
2024-05-06,GEN-03,energie,24.0,1
2024-05-07,FOR-01,forage,15.3,1
2024-05-07,FOR-02,forage,15.41,1
2024-05-07,FOR-03,forage,16.64,1
2024-05-07,FOR-04,forage,16.0,1
2024-05-07,PEL-01,chargement,16.2,1
2024-05-07,PEL-02,chargement,11.94,1
2024-05-07,PEL-03,chargement,15.3,1
2024-05-07,PEL-04,chargement,21.27,1
2024-05-07,PEL-05,chargement,18.61,1
2024-05-07,CAM-01,transport,22.11,1
2024-05-07,CAM-02,transport,17.18,1
2024-05-07,CAM-03,transport,13.42,1
2024-05-07,CAM-04,transport,17.02,1
2024-05-07,CAM-05,transport,0.0,0
2024-05-07,CAM-06,transport,18.75,1
2024-05-07,CAM-07,transport,17.26,1
2024-05-07,CAM-08,transport,0.0,0
2024-05-07,CAM-09,transport,18.69,1
2024-05-07,CAM-10,transport,15.9,1
2024-05-07,CAM-11,transport,16.97,1
2024-05-07,CAM-12,transport,14.47,1
2024-05-07,GEN-01,energie,17.75,1
2024-05-07,GEN-02,energie,19.42,1
2024-05-07,GEN-03,energie,22.04,1
2024-05-08,FOR-01,forage,21.61,1
2024-05-08,FOR-02,forage,18.61,1
2024-05-08,FOR-03,forage,16.24,1
2024-05-08,FOR-04,forage,18.53,1
2024-05-08,PEL-01,chargement,17.77,1
2024-05-08,PEL-02,chargement,19.65,1
2024-05-08,PEL-03,chargement,17.3,1
2024-05-08,PEL-04,chargement,11.43,1
2024-05-08,PEL-05,chargement,15.96,1
2024-05-08,CAM-01,transport,18.9,1
2024-05-08,CAM-02,transport,19.33,1
2024-05-08,CAM-03,transport,16.66,1
2024-05-08,CAM-04,transport,17.26,1
2024-05-08,CAM-05,transport,21.46,1
2024-05-08,CAM-06,transport,22.35,1
2024-05-08,CAM-07,transport,23.08,1
2024-05-08,CAM-08,transport,15.97,1
2024-05-08,CAM-09,transport,0.0,0
2024-05-08,CAM-10,transport,18.63,1
2024-05-08,CAM-11,transport,16.79,1
2024-05-08,CAM-12,transport,14.22,1
2024-05-08,GEN-01,energie,19.18,1
2024-05-08,GEN-02,energie,24.0,1
2024-05-08,GEN-03,energie,18.11,1
2024-05-09,FOR-01,forage,15.66,1
2024-05-09,FOR-02,forage,12.66,1
2024-05-09,FOR-03,forage,17.96,1
2024-05-09,FOR-04,forage,21.75,1
2024-05-09,PEL-01,chargement,19.71,1
2024-05-09,PEL-02,chargement,16.57,1
2024-05-09,PEL-03,chargement,21.75,1
2024-05-09,PEL-04,chargement,21.61,1
2024-05-09,PEL-05,chargement,19.99,1
2024-05-09,CAM-01,transport,19.41,1
2024-05-09,CAM-02,transport,18.71,1
2024-05-09,CAM-03,transport,16.38,1
2024-05-09,CAM-04,transport,19.3,1
2024-05-09,CAM-05,transport,16.78,1
2024-05-09,CAM-06,transport,21.74,1
2024-05-09,CAM-07,transport,20.42,1
2024-05-09,CAM-08,transport,14.85,1
2024-05-09,CAM-09,transport,12.78,1
2024-05-09,CAM-10,transport,20.69,1
2024-05-09,CAM-11,transport,18.53,1
2024-05-09,CAM-12,transport,16.83,1
2024-05-09,GEN-01,energie,18.58,1
2024-05-09,GEN-02,energie,23.38,1
2024-05-09,GEN-03,energie,23.41,1
2024-05-10,FOR-01,forage,17.86,1
2024-05-10,FOR-02,forage,15.92,1
2024-05-10,FOR-03,forage,20.81,1
2024-05-10,FOR-04,forage,14.77,1
2024-05-10,PEL-01,chargement,24.0,1
2024-05-10,PEL-02,chargement,14.64,1
2024-05-10,PEL-03,chargement,19.5,1
2024-05-10,PEL-04,chargement,16.24,1
2024-05-10,PEL-05,chargement,12.87,1
2024-05-10,CAM-01,transport,17.94,1
2024-05-10,CAM-02,transport,21.43,1
2024-05-10,CAM-03,transport,17.8,1
2024-05-10,CAM-04,transport,20.27,1
2024-05-10,CAM-05,transport,16.17,1
2024-05-10,CAM-06,transport,17.59,1
2024-05-10,CAM-07,transport,11.21,1
2024-05-10,CAM-08,transport,15.54,1
2024-05-10,CAM-09,transport,17.77,1
2024-05-10,CAM-10,transport,23.56,1
2024-05-10,CAM-11,transport,14.58,1
2024-05-10,CAM-12,transport,19.6,1
2024-05-10,GEN-01,energie,21.76,1
2024-05-10,GEN-02,energie,23.44,1
2024-05-10,GEN-03,energie,20.52,1
2024-05-11,FOR-01,forage,0.0,0
2024-05-11,FOR-02,forage,19.23,1
2024-05-11,FOR-03,forage,15.37,1
2024-05-11,FOR-04,forage,18.05,1
2024-05-11,PEL-01,chargement,14.63,1
2024-05-11,PEL-02,chargement,19.5,1
2024-05-11,PEL-03,chargement,13.38,1
2024-05-11,PEL-04,chargement,18.52,1
2024-05-11,PEL-05,chargement,20.86,1
2024-05-11,CAM-01,transport,23.58,1
2024-05-11,CAM-02,transport,13.4,1
2024-05-11,CAM-03,transport,18.88,1
2024-05-11,CAM-04,transport,18.71,1
2024-05-11,CAM-05,transport,9.93,1
2024-05-11,CAM-06,transport,20.78,1
2024-05-11,CAM-07,transport,16.4,1
2024-05-11,CAM-08,transport,18.91,1
2024-05-11,CAM-09,transport,14.95,1
2024-05-11,CAM-10,transport,17.16,1
2024-05-11,CAM-11,transport,14.74,1
2024-05-11,CAM-12,transport,18.13,1
2024-05-11,GEN-01,energie,22.18,1
2024-05-11,GEN-02,energie,22.64,1
2024-05-11,GEN-03,energie,22.85,1
2024-05-12,FOR-01,forage,11.84,1
2024-05-12,FOR-02,forage,14.52,1
2024-05-12,FOR-03,forage,19.34,1
2024-05-12,FOR-04,forage,0.0,0
2024-05-12,PEL-01,chargement,15.73,1
2024-05-12,PEL-02,chargement,14.02,1
2024-05-12,PEL-03,chargement,19.08,1
2024-05-12,PEL-04,chargement,15.7,1
2024-05-12,PEL-05,chargement,16.79,1
2024-05-12,CAM-01,transport,16.24,1
2024-05-12,CAM-02,transport,22.79,1
2024-05-12,CAM-03,transport,19.04,1
2024-05-12,CAM-04,transport,15.94,1
2024-05-12,CAM-05,transport,18.73,1
2024-05-12,CAM-06,transport,19.32,1
2024-05-12,CAM-07,transport,14.98,1
2024-05-12,CAM-08,transport,19.41,1
2024-05-12,CAM-09,transport,14.22,1
2024-05-12,CAM-10,transport,16.19,1
2024-05-12,CAM-11,transport,17.26,1
2024-05-12,CAM-12,transport,13.81,1
2024-05-12,GEN-01,energie,21.42,1
2024-05-12,GEN-02,energie,22.47,1
2024-05-12,GEN-03,energie,0.0,0
2024-05-13,FOR-01,forage,23.73,1
2024-05-13,FOR-02,forage,18.97,1
2024-05-13,FOR-03,forage,13.32,1
2024-05-13,FOR-04,forage,17.28,1
2024-05-13,PEL-01,chargement,15.58,1
2024-05-13,PEL-02,chargement,18.26,1
2024-05-13,PEL-03,chargement,14.09,1
2024-05-13,PEL-04,chargement,11.64,1
2024-05-13,PEL-05,chargement,0.0,0
2024-05-13,CAM-01,transport,24.0,1
2024-05-13,CAM-02,transport,0.0,0
2024-05-13,CAM-03,transport,14.07,1
2024-05-13,CAM-04,transport,21.32,1
2024-05-13,CAM-05,transport,18.81,1
2024-05-13,CAM-06,transport,14.29,1
2024-05-13,CAM-07,transport,23.02,1
2024-05-13,CAM-08,transport,19.17,1
2024-05-13,CAM-09,transport,20.32,1
2024-05-13,CAM-10,transport,18.01,1
2024-05-13,CAM-11,transport,15.88,1
2024-05-13,CAM-12,transport,15.55,1
2024-05-13,GEN-01,energie,22.68,1
2024-05-13,GEN-02,energie,24.0,1
2024-05-13,GEN-03,energie,22.56,1
2024-05-14,FOR-01,forage,20.45,1
2024-05-14,FOR-02,forage,15.19,1
2024-05-14,FOR-03,forage,21.95,1
2024-05-14,FOR-04,forage,17.83,1
2024-05-14,PEL-01,chargement,16.51,1
2024-05-14,PEL-02,chargement,19.88,1
2024-05-14,PEL-03,chargement,19.3,1
2024-05-14,PEL-04,chargement,23.29,1
2024-05-14,PEL-05,chargement,13.29,1
2024-05-14,CAM-01,transport,16.71,1
2024-05-14,CAM-02,transport,14.37,1
2024-05-14,CAM-03,transport,18.47,1
2024-05-14,CAM-04,transport,17.87,1
2024-05-14,CAM-05,transport,19.01,1
2024-05-14,CAM-06,transport,21.02,1
2024-05-14,CAM-07,transport,0.0,0
2024-05-14,CAM-08,transport,17.82,1
2024-05-14,CAM-09,transport,18.46,1
2024-05-14,CAM-10,transport,18.35,1
2024-05-14,CAM-11,transport,19.45,1
2024-05-14,CAM-12,transport,18.97,1
2024-05-14,GEN-01,energie,23.37,1
2024-05-14,GEN-02,energie,21.17,1
2024-05-14,GEN-03,energie,24.0,1
2024-05-15,FOR-01,forage,14.28,1
2024-05-15,FOR-02,forage,23.58,1
2024-05-15,FOR-03,forage,15.35,1
2024-05-15,FOR-04,forage,18.41,1
2024-05-15,PEL-01,chargement,16.94,1
2024-05-15,PEL-02,chargement,17.14,1
2024-05-15,PEL-03,chargement,22.56,1
2024-05-15,PEL-04,chargement,18.98,1
2024-05-15,PEL-05,chargement,19.41,1
2024-05-15,CAM-01,transport,15.59,1
2024-05-15,CAM-02,transport,19.49,1
2024-05-15,CAM-03,transport,21.94,1
2024-05-15,CAM-04,transport,19.8,1
2024-05-15,CAM-05,transport,22.37,1
2024-05-15,CAM-06,transport,19.26,1
2024-05-15,CAM-07,transport,19.15,1
2024-05-15,CAM-08,transport,18.37,1
2024-05-15,CAM-09,transport,16.7,1
2024-05-15,CAM-10,transport,19.47,1
2024-05-15,CAM-11,transport,19.5,1
2024-05-15,CAM-12,transport,20.48,1
2024-05-15,GEN-01,energie,21.25,1
2024-05-15,GEN-02,energie,19.1,1
2024-05-15,GEN-03,energie,24.0,1
2024-05-16,FOR-01,forage,11.15,1
2024-05-16,FOR-02,forage,15.97,1
2024-05-16,FOR-03,forage,18.76,1
2024-05-16,FOR-04,forage,13.07,1
2024-05-16,PEL-01,chargement,19.35,1
2024-05-16,PEL-02,chargement,17.64,1
2024-05-16,PEL-03,chargement,16.13,1
2024-05-16,PEL-04,chargement,22.16,1
2024-05-16,PEL-05,chargement,24.0,1
2024-05-16,CAM-01,transport,19.88,1
2024-05-16,CAM-02,transport,12.6,1
2024-05-16,CAM-03,transport,18.97,1
2024-05-16,CAM-04,transport,21.43,1
2024-05-16,CAM-05,transport,18.55,1
2024-05-16,CAM-06,transport,16.61,1
2024-05-16,CAM-07,transport,15.17,1
2024-05-16,CAM-08,transport,19.2,1
2024-05-16,CAM-09,transport,17.67,1
2024-05-16,CAM-10,transport,17.58,1
2024-05-16,CAM-11,transport,17.67,1
2024-05-16,CAM-12,transport,13.44,1
2024-05-16,GEN-01,energie,19.94,1
2024-05-16,GEN-02,energie,23.41,1
2024-05-16,GEN-03,energie,21.26,1
2024-05-17,FOR-01,forage,22.92,1
2024-05-17,FOR-02,forage,17.84,1
2024-05-17,FOR-03,forage,21.55,1
2024-05-17,FOR-04,forage,15.34,1
2024-05-17,PEL-01,chargement,11.79,1
2024-05-17,PEL-02,chargement,0.0,0
2024-05-17,PEL-03,chargement,21.76,1
2024-05-17,PEL-04,chargement,19.41,1
2024-05-17,PEL-05,chargement,17.98,1
2024-05-17,CAM-01,transport,17.9,1
2024-05-17,CAM-02,transport,17.12,1
2024-05-17,CAM-03,transport,16.32,1
2024-05-17,CAM-04,transport,18.09,1
2024-05-17,CAM-05,transport,22.16,1
2024-05-17,CAM-06,transport,22.51,1
2024-05-17,CAM-07,transport,18.23,1
2024-05-17,CAM-08,transport,21.32,1
2024-05-17,CAM-09,transport,20.77,1
2024-05-17,CAM-10,transport,15.71,1
2024-05-17,CAM-11,transport,18.12,1
2024-05-17,CAM-12,transport,18.54,1
2024-05-17,GEN-01,energie,23.48,1
2024-05-17,GEN-02,energie,23.46,1
2024-05-17,GEN-03,energie,17.91,1
2024-05-18,FOR-01,forage,18.6,1
2024-05-18,FOR-02,forage,18.14,1
2024-05-18,FOR-03,forage,15.46,1
2024-05-18,FOR-04,forage,14.2,1
2024-05-18,PEL-01,chargement,16.64,1
2024-05-18,PEL-02,chargement,14.88,1
2024-05-18,PEL-03,chargement,22.65,1
2024-05-18,PEL-04,chargement,19.52,1
2024-05-18,PEL-05,chargement,19.39,1
2024-05-18,CAM-01,transport,17.88,1
2024-05-18,CAM-02,transport,13.67,1
2024-05-18,CAM-03,transport,11.75,1
2024-05-18,CAM-04,transport,15.42,1
2024-05-18,CAM-05,transport,15.03,1
2024-05-18,CAM-06,transport,16.15,1
2024-05-18,CAM-07,transport,20.18,1
2024-05-18,CAM-08,transport,20.29,1
2024-05-18,CAM-09,transport,15.36,1
2024-05-18,CAM-10,transport,16.94,1
2024-05-18,CAM-11,transport,12.46,1
2024-05-18,CAM-12,transport,23.8,1
2024-05-18,GEN-01,energie,0.0,0
2024-05-18,GEN-02,energie,20.27,1
2024-05-18,GEN-03,energie,23.34,1
2024-05-19,FOR-01,forage,18.04,1
2024-05-19,FOR-02,forage,18.53,1
2024-05-19,FOR-03,forage,17.25,1
2024-05-19,FOR-04,forage,21.27,1
2024-05-19,PEL-01,chargement,22.46,1
2024-05-19,PEL-02,chargement,14.43,1
2024-05-19,PEL-03,chargement,16.29,1
2024-05-19,PEL-04,chargement,12.93,1
2024-05-19,PEL-05,chargement,18.55,1
2024-05-19,CAM-01,transport,23.34,1
2024-05-19,CAM-02,transport,21.03,1
2024-05-19,CAM-03,transport,20.65,1
2024-05-19,CAM-04,transport,16.37,1
2024-05-19,CAM-05,transport,18.43,1
2024-05-19,CAM-06,transport,22.96,1
2024-05-19,CAM-07,transport,20.28,1
2024-05-19,CAM-08,transport,23.41,1
2024-05-19,CAM-09,transport,13.61,1
2024-05-19,CAM-10,transport,15.34,1
2024-05-19,CAM-11,transport,16.34,1
2024-05-19,CAM-12,transport,17.81,1
2024-05-19,GEN-01,energie,20.99,1
2024-05-19,GEN-02,energie,20.41,1
2024-05-19,GEN-03,energie,21.22,1
2024-05-20,FOR-01,forage,19.99,1
2024-05-20,FOR-02,forage,22.35,1
2024-05-20,FOR-03,forage,20.55,1
2024-05-20,FOR-04,forage,17.2,1
2024-05-20,PEL-01,chargement,14.45,1
2024-05-20,PEL-02,chargement,20.24,1
2024-05-20,PEL-03,chargement,19.51,1
2024-05-20,PEL-04,chargement,18.33,1
2024-05-20,PEL-05,chargement,16.56,1
2024-05-20,CAM-01,transport,21.91,1
2024-05-20,CAM-02,transport,17.88,1
2024-05-20,CAM-03,transport,21.98,1
2024-05-20,CAM-04,transport,19.3,1
2024-05-20,CAM-05,transport,19.94,1
2024-05-20,CAM-06,transport,18.99,1
2024-05-20,CAM-07,transport,19.69,1
2024-05-20,CAM-08,transport,16.51,1
2024-05-20,CAM-09,transport,20.62,1
2024-05-20,CAM-10,transport,15.02,1
2024-05-20,CAM-11,transport,18.47,1
2024-05-20,CAM-12,transport,11.96,1
2024-05-20,GEN-01,energie,24.0,1
2024-05-20,GEN-02,energie,19.01,1
2024-05-20,GEN-03,energie,21.52,1
2024-05-21,FOR-01,forage,22.12,1
2024-05-21,FOR-02,forage,22.69,1
2024-05-21,FOR-03,forage,14.44,1
2024-05-21,FOR-04,forage,18.9,1
2024-05-21,PEL-01,chargement,15.66,1
2024-05-21,PEL-02,chargement,21.89,1
2024-05-21,PEL-03,chargement,0.0,0
2024-05-21,PEL-04,chargement,16.96,1
2024-05-21,PEL-05,chargement,18.46,1
2024-05-21,CAM-01,transport,19.68,1
2024-05-21,CAM-02,transport,14.6,1
2024-05-21,CAM-03,transport,17.38,1
2024-05-21,CAM-04,transport,20.35,1
2024-05-21,CAM-05,transport,19.11,1
2024-05-21,CAM-06,transport,13.49,1
2024-05-21,CAM-07,transport,18.68,1
2024-05-21,CAM-08,transport,18.59,1
2024-05-21,CAM-09,transport,12.51,1
2024-05-21,CAM-10,transport,17.01,1
2024-05-21,CAM-11,transport,18.42,1
2024-05-21,CAM-12,transport,24.0,1
2024-05-21,GEN-01,energie,24.0,1
2024-05-21,GEN-02,energie,23.61,1
2024-05-21,GEN-03,energie,24.0,1
2024-05-22,FOR-01,forage,20.93,1
2024-05-22,FOR-02,forage,17.6,1
2024-05-22,FOR-03,forage,19.32,1
2024-05-22,FOR-04,forage,22.27,1
2024-05-22,PEL-01,chargement,17.42,1
2024-05-22,PEL-02,chargement,17.82,1
2024-05-22,PEL-03,chargement,19.27,1
2024-05-22,PEL-04,chargement,15.88,1
2024-05-22,PEL-05,chargement,16.19,1
2024-05-22,CAM-01,transport,20.05,1
2024-05-22,CAM-02,transport,17.05,1
2024-05-22,CAM-03,transport,16.02,1
2024-05-22,CAM-04,transport,15.01,1
2024-05-22,CAM-05,transport,19.42,1
2024-05-22,CAM-06,transport,19.19,1
2024-05-22,CAM-07,transport,14.23,1
2024-05-22,CAM-08,transport,18.56,1
2024-05-22,CAM-09,transport,17.14,1
2024-05-22,CAM-10,transport,18.17,1
2024-05-22,CAM-11,transport,0.0,0
2024-05-22,CAM-12,transport,20.54,1
2024-05-22,GEN-01,energie,24.0,1
2024-05-22,GEN-02,energie,20.93,1
2024-05-22,GEN-03,energie,24.0,1
2024-05-23,FOR-01,forage,15.93,1
2024-05-23,FOR-02,forage,13.09,1
2024-05-23,FOR-03,forage,16.58,1
2024-05-23,FOR-04,forage,15.79,1
2024-05-23,PEL-01,chargement,16.72,1
2024-05-23,PEL-02,chargement,18.9,1
2024-05-23,PEL-03,chargement,15.11,1
2024-05-23,PEL-04,chargement,17.02,1
2024-05-23,PEL-05,chargement,14.64,1
2024-05-23,CAM-01,transport,24.0,1
2024-05-23,CAM-02,transport,18.36,1
2024-05-23,CAM-03,transport,14.3,1
2024-05-23,CAM-04,transport,19.7,1
2024-05-23,CAM-05,transport,19.55,1
2024-05-23,CAM-06,transport,16.66,1
2024-05-23,CAM-07,transport,20.76,1
2024-05-23,CAM-08,transport,16.53,1
2024-05-23,CAM-09,transport,12.86,1
2024-05-23,CAM-10,transport,17.31,1
2024-05-23,CAM-11,transport,19.53,1
2024-05-23,CAM-12,transport,16.1,1
2024-05-23,GEN-01,energie,23.32,1
2024-05-23,GEN-02,energie,18.45,1
2024-05-23,GEN-03,energie,22.9,1
2024-05-24,FOR-01,forage,13.05,1
2024-05-24,FOR-02,forage,17.59,1
2024-05-24,FOR-03,forage,16.94,1
2024-05-24,FOR-04,forage,15.14,1
2024-05-24,PEL-01,chargement,15.32,1
2024-05-24,PEL-02,chargement,17.03,1
2024-05-24,PEL-03,chargement,18.8,1
2024-05-24,PEL-04,chargement,15.57,1
2024-05-24,PEL-05,chargement,18.83,1
2024-05-24,CAM-01,transport,17.81,1
2024-05-24,CAM-02,transport,14.48,1
2024-05-24,CAM-03,transport,16.76,1
2024-05-24,CAM-04,transport,23.69,1
2024-05-24,CAM-05,transport,21.61,1
2024-05-24,CAM-06,transport,15.99,1
2024-05-24,CAM-07,transport,14.21,1
2024-05-24,CAM-08,transport,18.89,1
2024-05-24,CAM-09,transport,0.0,0
2024-05-24,CAM-10,transport,17.59,1
2024-05-24,CAM-11,transport,20.12,1
2024-05-24,CAM-12,transport,21.02,1
2024-05-24,GEN-01,energie,17.76,1
2024-05-24,GEN-02,energie,21.26,1
2024-05-24,GEN-03,energie,20.4,1
2024-05-25,FOR-01,forage,18.32,1
2024-05-25,FOR-02,forage,16.92,1
2024-05-25,FOR-03,forage,15.69,1
2024-05-25,FOR-04,forage,18.85,1
2024-05-25,PEL-01,chargement,15.28,1
2024-05-25,PEL-02,chargement,14.33,1
2024-05-25,PEL-03,chargement,19.18,1
2024-05-25,PEL-04,chargement,18.35,1
2024-05-25,PEL-05,chargement,17.91,1
2024-05-25,CAM-01,transport,12.17,1
2024-05-25,CAM-02,transport,18.39,1
2024-05-25,CAM-03,transport,16.74,1
2024-05-25,CAM-04,transport,12.56,1
2024-05-25,CAM-05,transport,17.46,1
2024-05-25,CAM-06,transport,17.27,1
2024-05-25,CAM-07,transport,15.61,1
2024-05-25,CAM-08,transport,16.87,1
2024-05-25,CAM-09,transport,23.79,1
2024-05-25,CAM-10,transport,21.1,1
2024-05-25,CAM-11,transport,15.58,1
2024-05-25,CAM-12,transport,18.88,1
2024-05-25,GEN-01,energie,24.0,1
2024-05-25,GEN-02,energie,21.23,1
2024-05-25,GEN-03,energie,22.91,1
2024-05-26,FOR-01,forage,18.7,1
2024-05-26,FOR-02,forage,10.25,1
2024-05-26,FOR-03,forage,22.1,1
2024-05-26,FOR-04,forage,18.38,1
2024-05-26,PEL-01,chargement,0.0,0
2024-05-26,PEL-02,chargement,20.09,1
2024-05-26,PEL-03,chargement,15.5,1
2024-05-26,PEL-04,chargement,17.55,1
2024-05-26,PEL-05,chargement,15.93,1
2024-05-26,CAM-01,transport,16.55,1
2024-05-26,CAM-02,transport,17.25,1
2024-05-26,CAM-03,transport,14.7,1
2024-05-26,CAM-04,transport,21.25,1
2024-05-26,CAM-05,transport,18.84,1
2024-05-26,CAM-06,transport,21.93,1
2024-05-26,CAM-07,transport,13.25,1
2024-05-26,CAM-08,transport,16.14,1
2024-05-26,CAM-09,transport,18.14,1
2024-05-26,CAM-10,transport,19.45,1
2024-05-26,CAM-11,transport,0.0,0
2024-05-26,CAM-12,transport,17.86,1
2024-05-26,GEN-01,energie,21.2,1
2024-05-26,GEN-02,energie,21.44,1
2024-05-26,GEN-03,energie,23.5,1
2024-05-27,FOR-01,forage,16.54,1
2024-05-27,FOR-02,forage,21.91,1
2024-05-27,FOR-03,forage,17.14,1
2024-05-27,FOR-04,forage,13.3,1
2024-05-27,PEL-01,chargement,16.7,1
2024-05-27,PEL-02,chargement,20.3,1
2024-05-27,PEL-03,chargement,19.76,1
2024-05-27,PEL-04,chargement,20.21,1
2024-05-27,PEL-05,chargement,0.0,0
2024-05-27,CAM-01,transport,17.39,1
2024-05-27,CAM-02,transport,15.37,1
2024-05-27,CAM-03,transport,16.94,1
2024-05-27,CAM-04,transport,23.8,1
2024-05-27,CAM-05,transport,15.99,1
2024-05-27,CAM-06,transport,21.09,1
2024-05-27,CAM-07,transport,18.36,1
2024-05-27,CAM-08,transport,15.34,1
2024-05-27,CAM-09,transport,20.93,1
2024-05-27,CAM-10,transport,17.23,1
2024-05-27,CAM-11,transport,16.9,1
2024-05-27,CAM-12,transport,17.08,1
2024-05-27,GEN-01,energie,20.25,1
2024-05-27,GEN-02,energie,24.0,1
2024-05-27,GEN-03,energie,21.95,1
2024-05-28,FOR-01,forage,24.0,1
2024-05-28,FOR-02,forage,16.71,1
2024-05-28,FOR-03,forage,9.59,1
2024-05-28,FOR-04,forage,17.02,1
2024-05-28,PEL-01,chargement,19.7,1
2024-05-28,PEL-02,chargement,15.43,1
2024-05-28,PEL-03,chargement,19.87,1
2024-05-28,PEL-04,chargement,0.0,0
2024-05-28,PEL-05,chargement,23.64,1
2024-05-28,CAM-01,transport,22.11,1
2024-05-28,CAM-02,transport,23.39,1
2024-05-28,CAM-03,transport,14.59,1
2024-05-28,CAM-04,transport,20.12,1
2024-05-28,CAM-05,transport,0.0,0
2024-05-28,CAM-06,transport,17.63,1
2024-05-28,CAM-07,transport,16.45,1
2024-05-28,CAM-08,transport,22.0,1
2024-05-28,CAM-09,transport,13.27,1
2024-05-28,CAM-10,transport,0.0,0
2024-05-28,CAM-11,transport,15.68,1
2024-05-28,CAM-12,transport,0.0,0
2024-05-28,GEN-01,energie,20.89,1
2024-05-28,GEN-02,energie,17.22,1
2024-05-28,GEN-03,energie,19.05,1
2024-05-29,FOR-01,forage,17.51,1
2024-05-29,FOR-02,forage,16.65,1
2024-05-29,FOR-03,forage,20.65,1
2024-05-29,FOR-04,forage,17.77,1
2024-05-29,PEL-01,chargement,19.59,1
2024-05-29,PEL-02,chargement,20.59,1
2024-05-29,PEL-03,chargement,18.55,1
2024-05-29,PEL-04,chargement,16.17,1
2024-05-29,PEL-05,chargement,11.58,1
2024-05-29,CAM-01,transport,19.96,1
2024-05-29,CAM-02,transport,16.61,1
2024-05-29,CAM-03,transport,15.47,1
2024-05-29,CAM-04,transport,18.18,1
2024-05-29,CAM-05,transport,14.61,1
2024-05-29,CAM-06,transport,15.57,1
2024-05-29,CAM-07,transport,16.0,1
2024-05-29,CAM-08,transport,11.92,1
2024-05-29,CAM-09,transport,16.03,1
2024-05-29,CAM-10,transport,16.99,1
2024-05-29,CAM-11,transport,19.88,1
2024-05-29,CAM-12,transport,18.06,1
2024-05-29,GEN-01,energie,24.0,1
2024-05-29,GEN-02,energie,23.99,1
2024-05-29,GEN-03,energie,21.2,1
2024-05-30,FOR-01,forage,18.8,1
2024-05-30,FOR-02,forage,20.64,1
2024-05-30,FOR-03,forage,16.82,1
2024-05-30,FOR-04,forage,21.2,1
2024-05-30,PEL-01,chargement,22.04,1
2024-05-30,PEL-02,chargement,0.0,0
2024-05-30,PEL-03,chargement,16.09,1
2024-05-30,PEL-04,chargement,17.36,1
2024-05-30,PEL-05,chargement,18.29,1
2024-05-30,CAM-01,transport,19.74,1
2024-05-30,CAM-02,transport,23.64,1
2024-05-30,CAM-03,transport,15.38,1
2024-05-30,CAM-04,transport,21.25,1
2024-05-30,CAM-05,transport,18.05,1
2024-05-30,CAM-06,transport,17.74,1
2024-05-30,CAM-07,transport,20.61,1
2024-05-30,CAM-08,transport,15.61,1
2024-05-30,CAM-09,transport,13.79,1
2024-05-30,CAM-10,transport,14.53,1
2024-05-30,CAM-11,transport,15.17,1
2024-05-30,CAM-12,transport,20.32,1
2024-05-30,GEN-01,energie,24.0,1
2024-05-30,GEN-02,energie,21.73,1
2024-05-30,GEN-03,energie,21.66,1
2024-05-31,FOR-01,forage,0.0,0
2024-05-31,FOR-02,forage,16.42,1
2024-05-31,FOR-03,forage,16.23,1
2024-05-31,FOR-04,forage,16.1,1
2024-05-31,PEL-01,chargement,17.41,1
2024-05-31,PEL-02,chargement,17.88,1
2024-05-31,PEL-03,chargement,24.0,1
2024-05-31,PEL-04,chargement,21.42,1
2024-05-31,PEL-05,chargement,21.12,1
2024-05-31,CAM-01,transport,18.08,1
2024-05-31,CAM-02,transport,19.93,1
2024-05-31,CAM-03,transport,13.07,1
2024-05-31,CAM-04,transport,19.32,1
2024-05-31,CAM-05,transport,18.11,1
2024-05-31,CAM-06,transport,15.82,1
2024-05-31,CAM-07,transport,17.78,1
2024-05-31,CAM-08,transport,17.92,1
2024-05-31,CAM-09,transport,18.16,1
2024-05-31,CAM-10,transport,18.71,1
2024-05-31,CAM-11,transport,12.65,1
2024-05-31,CAM-12,transport,19.05,1
2024-05-31,GEN-01,energie,17.48,1
2024-05-31,GEN-02,energie,22.01,1
2024-05-31,GEN-03,energie,20.57,1
2024-06-01,FOR-01,forage,19.06,1
2024-06-01,FOR-02,forage,17.92,1
2024-06-01,FOR-03,forage,21.51,1
2024-06-01,FOR-04,forage,17.94,1
2024-06-01,PEL-01,chargement,18.29,1
2024-06-01,PEL-02,chargement,15.3,1
2024-06-01,PEL-03,chargement,16.16,1
2024-06-01,PEL-04,chargement,12.0,1
2024-06-01,PEL-05,chargement,17.69,1
2024-06-01,CAM-01,transport,14.1,1
2024-06-01,CAM-02,transport,19.2,1
2024-06-01,CAM-03,transport,18.63,1
2024-06-01,CAM-04,transport,22.54,1
2024-06-01,CAM-05,transport,19.44,1
2024-06-01,CAM-06,transport,19.31,1
2024-06-01,CAM-07,transport,22.62,1
2024-06-01,CAM-08,transport,18.55,1
2024-06-01,CAM-09,transport,21.83,1
2024-06-01,CAM-10,transport,21.57,1
2024-06-01,CAM-11,transport,22.82,1
2024-06-01,CAM-12,transport,19.11,1
2024-06-01,GEN-01,energie,23.38,1
2024-06-01,GEN-02,energie,21.2,1
2024-06-01,GEN-03,energie,24.0,1
2024-06-02,FOR-01,forage,14.22,1
2024-06-02,FOR-02,forage,16.0,1
2024-06-02,FOR-03,forage,17.93,1
2024-06-02,FOR-04,forage,18.08,1
2024-06-02,PEL-01,chargement,19.02,1
2024-06-02,PEL-02,chargement,19.04,1
2024-06-02,PEL-03,chargement,18.41,1
2024-06-02,PEL-04,chargement,18.44,1
2024-06-02,PEL-05,chargement,0.0,0
2024-06-02,CAM-01,transport,16.5,1
2024-06-02,CAM-02,transport,0.0,0
2024-06-02,CAM-03,transport,19.37,1
2024-06-02,CAM-04,transport,16.6,1
2024-06-02,CAM-05,transport,20.77,1
2024-06-02,CAM-06,transport,23.68,1
2024-06-02,CAM-07,transport,18.69,1
2024-06-02,CAM-08,transport,20.19,1
2024-06-02,CAM-09,transport,18.04,1
2024-06-02,CAM-10,transport,19.54,1
2024-06-02,CAM-11,transport,23.34,1
2024-06-02,CAM-12,transport,14.15,1
2024-06-02,GEN-01,energie,21.98,1
2024-06-02,GEN-02,energie,19.8,1
2024-06-02,GEN-03,energie,19.98,1
2024-06-03,FOR-01,forage,17.18,1
2024-06-03,FOR-02,forage,0.0,0
2024-06-03,FOR-03,forage,18.79,1
2024-06-03,FOR-04,forage,18.99,1
2024-06-03,PEL-01,chargement,17.33,1
2024-06-03,PEL-02,chargement,16.86,1
2024-06-03,PEL-03,chargement,19.65,1
2024-06-03,PEL-04,chargement,19.46,1
2024-06-03,PEL-05,chargement,15.45,1
2024-06-03,CAM-01,transport,13.99,1
2024-06-03,CAM-02,transport,15.98,1
2024-06-03,CAM-03,transport,22.33,1
2024-06-03,CAM-04,transport,21.15,1
2024-06-03,CAM-05,transport,17.25,1
2024-06-03,CAM-06,transport,22.22,1
2024-06-03,CAM-07,transport,21.04,1
2024-06-03,CAM-08,transport,14.01,1
2024-06-03,CAM-09,transport,19.08,1
2024-06-03,CAM-10,transport,19.95,1
2024-06-03,CAM-11,transport,14.31,1
2024-06-03,CAM-12,transport,23.06,1
2024-06-03,GEN-01,energie,22.52,1
2024-06-03,GEN-02,energie,24.0,1
2024-06-03,GEN-03,energie,24.0,1
2024-06-04,FOR-01,forage,20.16,1
2024-06-04,FOR-02,forage,18.32,1
2024-06-04,FOR-03,forage,15.8,1
2024-06-04,FOR-04,forage,14.11,1
2024-06-04,PEL-01,chargement,24.0,1
2024-06-04,PEL-02,chargement,12.44,1
2024-06-04,PEL-03,chargement,16.56,1
2024-06-04,PEL-04,chargement,13.37,1
2024-06-04,PEL-05,chargement,16.85,1
2024-06-04,CAM-01,transport,22.98,1
2024-06-04,CAM-02,transport,17.07,1
2024-06-04,CAM-03,transport,15.98,1
2024-06-04,CAM-04,transport,18.81,1
2024-06-04,CAM-05,transport,17.13,1
2024-06-04,CAM-06,transport,14.63,1
2024-06-04,CAM-07,transport,16.57,1
2024-06-04,CAM-08,transport,9.04,1
2024-06-04,CAM-09,transport,17.61,1
2024-06-04,CAM-10,transport,22.45,1
2024-06-04,CAM-11,transport,15.33,1
2024-06-04,CAM-12,transport,0.0,0
2024-06-04,GEN-01,energie,22.61,1
2024-06-04,GEN-02,energie,21.66,1
2024-06-04,GEN-03,energie,22.88,1
2024-06-05,FOR-01,forage,19.54,1
2024-06-05,FOR-02,forage,20.86,1
2024-06-05,FOR-03,forage,15.08,1
2024-06-05,FOR-04,forage,17.44,1
2024-06-05,PEL-01,chargement,0.0,0
2024-06-05,PEL-02,chargement,20.4,1
2024-06-05,PEL-03,chargement,17.55,1
2024-06-05,PEL-04,chargement,17.83,1
2024-06-05,PEL-05,chargement,14.51,1
2024-06-05,CAM-01,transport,0.0,0
2024-06-05,CAM-02,transport,18.78,1
2024-06-05,CAM-03,transport,20.77,1
2024-06-05,CAM-04,transport,21.15,1
2024-06-05,CAM-05,transport,17.31,1
2024-06-05,CAM-06,transport,15.47,1
2024-06-05,CAM-07,transport,14.86,1
2024-06-05,CAM-08,transport,24.0,1
2024-06-05,CAM-09,transport,19.69,1
2024-06-05,CAM-10,transport,22.53,1
2024-06-05,CAM-11,transport,20.02,1
2024-06-05,CAM-12,transport,16.59,1
2024-06-05,GEN-01,energie,24.0,1
2024-06-05,GEN-02,energie,23.12,1
2024-06-05,GEN-03,energie,21.12,1
2024-06-06,FOR-01,forage,19.48,1
2024-06-06,FOR-02,forage,17.82,1
2024-06-06,FOR-03,forage,20.76,1
2024-06-06,FOR-04,forage,19.41,1
2024-06-06,PEL-01,chargement,18.4,1
2024-06-06,PEL-02,chargement,16.56,1
2024-06-06,PEL-03,chargement,19.33,1
2024-06-06,PEL-04,chargement,14.88,1
2024-06-06,PEL-05,chargement,17.92,1
2024-06-06,CAM-01,transport,19.71,1
2024-06-06,CAM-02,transport,21.14,1
2024-06-06,CAM-03,transport,23.24,1
2024-06-06,CAM-04,transport,20.0,1
2024-06-06,CAM-05,transport,20.79,1
2024-06-06,CAM-06,transport,17.43,1
2024-06-06,CAM-07,transport,24.0,1
2024-06-06,CAM-08,transport,13.4,1
2024-06-06,CAM-09,transport,14.22,1
2024-06-06,CAM-10,transport,23.78,1
2024-06-06,CAM-11,transport,19.89,1
2024-06-06,CAM-12,transport,20.34,1
2024-06-06,GEN-01,energie,23.82,1
2024-06-06,GEN-02,energie,20.92,1
2024-06-06,GEN-03,energie,22.21,1
2024-06-07,FOR-01,forage,15.94,1
2024-06-07,FOR-02,forage,23.3,1
2024-06-07,FOR-03,forage,19.13,1
2024-06-07,FOR-04,forage,17.89,1
2024-06-07,PEL-01,chargement,17.79,1
2024-06-07,PEL-02,chargement,22.95,1
2024-06-07,PEL-03,chargement,10.15,1
2024-06-07,PEL-04,chargement,17.7,1
2024-06-07,PEL-05,chargement,20.62,1
2024-06-07,CAM-01,transport,20.02,1
2024-06-07,CAM-02,transport,18.95,1
2024-06-07,CAM-03,transport,20.24,1
2024-06-07,CAM-04,transport,0.0,0
2024-06-07,CAM-05,transport,22.13,1
2024-06-07,CAM-06,transport,20.81,1
2024-06-07,CAM-07,transport,19.02,1
2024-06-07,CAM-08,transport,24.0,1
2024-06-07,CAM-09,transport,19.02,1
2024-06-07,CAM-10,transport,18.62,1
2024-06-07,CAM-11,transport,15.08,1
2024-06-07,CAM-12,transport,0.0,0
2024-06-07,GEN-01,energie,24.0,1
2024-06-07,GEN-02,energie,24.0,1
2024-06-07,GEN-03,energie,23.52,1
2024-06-08,FOR-01,forage,20.23,1
2024-06-08,FOR-02,forage,13.97,1
2024-06-08,FOR-03,forage,20.22,1
2024-06-08,FOR-04,forage,18.76,1
2024-06-08,PEL-01,chargement,23.88,1
2024-06-08,PEL-02,chargement,16.83,1
2024-06-08,PEL-03,chargement,18.26,1
2024-06-08,PEL-04,chargement,14.62,1
2024-06-08,PEL-05,chargement,19.54,1
2024-06-08,CAM-01,transport,19.42,1
2024-06-08,CAM-02,transport,13.79,1
2024-06-08,CAM-03,transport,0.0,0
2024-06-08,CAM-04,transport,0.0,0
2024-06-08,CAM-05,transport,13.83,1
2024-06-08,CAM-06,transport,17.46,1
2024-06-08,CAM-07,transport,24.0,1
2024-06-08,CAM-08,transport,21.07,1
2024-06-08,CAM-09,transport,15.67,1
2024-06-08,CAM-10,transport,0.0,0
2024-06-08,CAM-11,transport,14.11,1
2024-06-08,CAM-12,transport,14.62,1
2024-06-08,GEN-01,energie,22.5,1
2024-06-08,GEN-02,energie,24.0,1
2024-06-08,GEN-03,energie,21.98,1
2024-06-09,FOR-01,forage,23.35,1
2024-06-09,FOR-02,forage,21.86,1
2024-06-09,FOR-03,forage,17.11,1
2024-06-09,FOR-04,forage,19.77,1
2024-06-09,PEL-01,chargement,15.73,1
2024-06-09,PEL-02,chargement,22.27,1
2024-06-09,PEL-03,chargement,17.66,1
2024-06-09,PEL-04,chargement,16.53,1
2024-06-09,PEL-05,chargement,21.06,1
2024-06-09,CAM-01,transport,0.0,0
2024-06-09,CAM-02,transport,16.41,1
2024-06-09,CAM-03,transport,21.73,1
2024-06-09,CAM-04,transport,16.3,1
2024-06-09,CAM-05,transport,16.2,1
2024-06-09,CAM-06,transport,15.91,1
2024-06-09,CAM-07,transport,17.57,1
2024-06-09,CAM-08,transport,16.59,1
2024-06-09,CAM-09,transport,19.81,1
2024-06-09,CAM-10,transport,20.1,1
2024-06-09,CAM-11,transport,17.14,1
2024-06-09,CAM-12,transport,23.84,1
2024-06-09,GEN-01,energie,22.61,1
2024-06-09,GEN-02,energie,19.17,1
2024-06-09,GEN-03,energie,23.09,1
2024-06-10,FOR-01,forage,19.04,1
2024-06-10,FOR-02,forage,13.59,1
2024-06-10,FOR-03,forage,18.47,1
2024-06-10,FOR-04,forage,0.0,0
2024-06-10,PEL-01,chargement,20.26,1
2024-06-10,PEL-02,chargement,21.39,1
2024-06-10,PEL-03,chargement,16.25,1
2024-06-10,PEL-04,chargement,15.58,1
2024-06-10,PEL-05,chargement,17.73,1
2024-06-10,CAM-01,transport,17.8,1
2024-06-10,CAM-02,transport,18.02,1
2024-06-10,CAM-03,transport,15.45,1
2024-06-10,CAM-04,transport,15.49,1
2024-06-10,CAM-05,transport,18.1,1
2024-06-10,CAM-06,transport,0.0,0
2024-06-10,CAM-07,transport,16.72,1
2024-06-10,CAM-08,transport,15.97,1
2024-06-10,CAM-09,transport,15.11,1
2024-06-10,CAM-10,transport,20.08,1
2024-06-10,CAM-11,transport,14.5,1
2024-06-10,CAM-12,transport,21.11,1
2024-06-10,GEN-01,energie,20.59,1
2024-06-10,GEN-02,energie,24.0,1
2024-06-10,GEN-03,energie,20.18,1
2024-06-11,FOR-01,forage,20.85,1
2024-06-11,FOR-02,forage,19.75,1
2024-06-11,FOR-03,forage,21.72,1
2024-06-11,FOR-04,forage,22.72,1
2024-06-11,PEL-01,chargement,0.0,0
2024-06-11,PEL-02,chargement,11.03,1
2024-06-11,PEL-03,chargement,15.38,1
2024-06-11,PEL-04,chargement,21.1,1
2024-06-11,PEL-05,chargement,20.41,1
2024-06-11,CAM-01,transport,19.98,1
2024-06-11,CAM-02,transport,20.7,1
2024-06-11,CAM-03,transport,14.06,1
2024-06-11,CAM-04,transport,12.82,1
2024-06-11,CAM-05,transport,20.55,1
2024-06-11,CAM-06,transport,15.25,1
2024-06-11,CAM-07,transport,22.08,1
2024-06-11,CAM-08,transport,20.29,1
2024-06-11,CAM-09,transport,11.73,1
2024-06-11,CAM-10,transport,16.42,1
2024-06-11,CAM-11,transport,15.53,1
2024-06-11,CAM-12,transport,13.98,1
2024-06-11,GEN-01,energie,19.22,1
2024-06-11,GEN-02,energie,23.52,1
2024-06-11,GEN-03,energie,19.09,1
2024-06-12,FOR-01,forage,18.44,1
2024-06-12,FOR-02,forage,20.33,1
2024-06-12,FOR-03,forage,17.58,1
2024-06-12,FOR-04,forage,20.97,1
2024-06-12,PEL-01,chargement,19.78,1
2024-06-12,PEL-02,chargement,22.47,1
2024-06-12,PEL-03,chargement,19.39,1
2024-06-12,PEL-04,chargement,16.14,1
2024-06-12,PEL-05,chargement,14.87,1
2024-06-12,CAM-01,transport,19.78,1
2024-06-12,CAM-02,transport,19.87,1
2024-06-12,CAM-03,transport,13.29,1
2024-06-12,CAM-04,transport,17.67,1
2024-06-12,CAM-05,transport,17.4,1
2024-06-12,CAM-06,transport,17.79,1
2024-06-12,CAM-07,transport,24.0,1
2024-06-12,CAM-08,transport,17.82,1
2024-06-12,CAM-09,transport,19.5,1
2024-06-12,CAM-10,transport,16.07,1
2024-06-12,CAM-11,transport,14.1,1
2024-06-12,CAM-12,transport,14.98,1
2024-06-12,GEN-01,energie,18.76,1
2024-06-12,GEN-02,energie,21.11,1
2024-06-12,GEN-03,energie,20.4,1
2024-06-13,FOR-01,forage,19.51,1
2024-06-13,FOR-02,forage,16.63,1
2024-06-13,FOR-03,forage,14.8,1
2024-06-13,FOR-04,forage,20.56,1
2024-06-13,PEL-01,chargement,19.2,1
2024-06-13,PEL-02,chargement,15.68,1
2024-06-13,PEL-03,chargement,18.04,1
2024-06-13,PEL-04,chargement,14.18,1
2024-06-13,PEL-05,chargement,23.94,1
2024-06-13,CAM-01,transport,17.4,1
2024-06-13,CAM-02,transport,21.56,1
2024-06-13,CAM-03,transport,21.16,1
2024-06-13,CAM-04,transport,19.6,1
2024-06-13,CAM-05,transport,16.42,1
2024-06-13,CAM-06,transport,19.82,1
2024-06-13,CAM-07,transport,21.32,1
2024-06-13,CAM-08,transport,13.12,1
2024-06-13,CAM-09,transport,16.19,1
2024-06-13,CAM-10,transport,15.63,1
2024-06-13,CAM-11,transport,12.05,1
2024-06-13,CAM-12,transport,16.98,1
2024-06-13,GEN-01,energie,24.0,1
2024-06-13,GEN-02,energie,22.19,1
2024-06-13,GEN-03,energie,22.71,1
2024-06-14,FOR-01,forage,18.54,1
2024-06-14,FOR-02,forage,10.04,1
2024-06-14,FOR-03,forage,19.38,1
2024-06-14,FOR-04,forage,21.57,1
2024-06-14,PEL-01,chargement,19.45,1
2024-06-14,PEL-02,chargement,18.48,1
2024-06-14,PEL-03,chargement,10.12,1
2024-06-14,PEL-04,chargement,22.51,1
2024-06-14,PEL-05,chargement,16.45,1
2024-06-14,CAM-01,transport,19.46,1
2024-06-14,CAM-02,transport,14.04,1
2024-06-14,CAM-03,transport,16.6,1
2024-06-14,CAM-04,transport,20.26,1
2024-06-14,CAM-05,transport,15.58,1
2024-06-14,CAM-06,transport,24.0,1
2024-06-14,CAM-07,transport,17.44,1
2024-06-14,CAM-08,transport,19.06,1
2024-06-14,CAM-09,transport,13.5,1
2024-06-14,CAM-10,transport,21.81,1
2024-06-14,CAM-11,transport,14.9,1
2024-06-14,CAM-12,transport,19.23,1
2024-06-14,GEN-01,energie,19.75,1
2024-06-14,GEN-02,energie,21.64,1
2024-06-14,GEN-03,energie,18.42,1
2024-06-15,FOR-01,forage,17.77,1
2024-06-15,FOR-02,forage,19.5,1
2024-06-15,FOR-03,forage,17.35,1
2024-06-15,FOR-04,forage,17.01,1
2024-06-15,PEL-01,chargement,16.64,1
2024-06-15,PEL-02,chargement,18.11,1
2024-06-15,PEL-03,chargement,14.8,1
2024-06-15,PEL-04,chargement,15.59,1
2024-06-15,PEL-05,chargement,17.68,1
2024-06-15,CAM-01,transport,20.55,1
2024-06-15,CAM-02,transport,20.8,1
2024-06-15,CAM-03,transport,22.37,1
2024-06-15,CAM-04,transport,19.11,1
2024-06-15,CAM-05,transport,17.01,1
2024-06-15,CAM-06,transport,21.04,1
2024-06-15,CAM-07,transport,17.14,1
2024-06-15,CAM-08,transport,22.38,1
2024-06-15,CAM-09,transport,17.15,1
2024-06-15,CAM-10,transport,21.2,1
2024-06-15,CAM-11,transport,16.17,1
2024-06-15,CAM-12,transport,15.4,1
2024-06-15,GEN-01,energie,22.77,1
2024-06-15,GEN-02,energie,23.02,1
2024-06-15,GEN-03,energie,19.64,1
2024-06-16,FOR-01,forage,23.51,1
2024-06-16,FOR-02,forage,18.69,1
2024-06-16,FOR-03,forage,19.53,1
2024-06-16,FOR-04,forage,17.96,1
2024-06-16,PEL-01,chargement,23.47,1
2024-06-16,PEL-02,chargement,14.58,1
2024-06-16,PEL-03,chargement,15.25,1
2024-06-16,PEL-04,chargement,13.22,1
2024-06-16,PEL-05,chargement,23.45,1
2024-06-16,CAM-01,transport,22.4,1
2024-06-16,CAM-02,transport,20.73,1
2024-06-16,CAM-03,transport,15.5,1
2024-06-16,CAM-04,transport,20.59,1
2024-06-16,CAM-05,transport,21.16,1
2024-06-16,CAM-06,transport,21.31,1
2024-06-16,CAM-07,transport,23.94,1
2024-06-16,CAM-08,transport,16.57,1
2024-06-16,CAM-09,transport,19.56,1
2024-06-16,CAM-10,transport,18.24,1
2024-06-16,CAM-11,transport,14.89,1
2024-06-16,CAM-12,transport,15.23,1
2024-06-16,GEN-01,energie,23.54,1
2024-06-16,GEN-02,energie,24.0,1
2024-06-16,GEN-03,energie,23.79,1
2024-06-17,FOR-01,forage,15.15,1
2024-06-17,FOR-02,forage,15.86,1
2024-06-17,FOR-03,forage,16.88,1
2024-06-17,FOR-04,forage,15.71,1
2024-06-17,PEL-01,chargement,14.94,1
2024-06-17,PEL-02,chargement,14.36,1
2024-06-17,PEL-03,chargement,18.3,1
2024-06-17,PEL-04,chargement,19.01,1
2024-06-17,PEL-05,chargement,20.35,1
2024-06-17,CAM-01,transport,17.49,1
2024-06-17,CAM-02,transport,17.43,1
2024-06-17,CAM-03,transport,16.53,1
2024-06-17,CAM-04,transport,18.03,1
2024-06-17,CAM-05,transport,15.03,1
2024-06-17,CAM-06,transport,20.42,1
2024-06-17,CAM-07,transport,23.98,1
2024-06-17,CAM-08,transport,19.67,1
2024-06-17,CAM-09,transport,17.59,1
2024-06-17,CAM-10,transport,19.89,1
2024-06-17,CAM-11,transport,15.05,1
2024-06-17,CAM-12,transport,20.82,1
2024-06-17,GEN-01,energie,24.0,1
2024-06-17,GEN-02,energie,22.68,1
2024-06-17,GEN-03,energie,22.42,1
2024-06-18,FOR-01,forage,18.07,1
2024-06-18,FOR-02,forage,11.0,1
2024-06-18,FOR-03,forage,12.0,1
2024-06-18,FOR-04,forage,24.0,1
2024-06-18,PEL-01,chargement,18.62,1
2024-06-18,PEL-02,chargement,23.5,1
2024-06-18,PEL-03,chargement,19.49,1
2024-06-18,PEL-04,chargement,17.01,1
2024-06-18,PEL-05,chargement,18.66,1
2024-06-18,CAM-01,transport,17.45,1
2024-06-18,CAM-02,transport,16.23,1
2024-06-18,CAM-03,transport,16.25,1
2024-06-18,CAM-04,transport,10.86,1
2024-06-18,CAM-05,transport,12.92,1
2024-06-18,CAM-06,transport,21.82,1
2024-06-18,CAM-07,transport,16.11,1
2024-06-18,CAM-08,transport,16.63,1
2024-06-18,CAM-09,transport,20.59,1
2024-06-18,CAM-10,transport,17.16,1
2024-06-18,CAM-11,transport,20.89,1
2024-06-18,CAM-12,transport,13.44,1
2024-06-18,GEN-01,energie,22.82,1
2024-06-18,GEN-02,energie,19.2,1
2024-06-18,GEN-03,energie,22.32,1
2024-06-19,FOR-01,forage,18.1,1
2024-06-19,FOR-02,forage,18.71,1
2024-06-19,FOR-03,forage,16.92,1
2024-06-19,FOR-04,forage,21.34,1
2024-06-19,PEL-01,chargement,21.75,1
2024-06-19,PEL-02,chargement,14.87,1
2024-06-19,PEL-03,chargement,15.84,1
2024-06-19,PEL-04,chargement,14.76,1
2024-06-19,PEL-05,chargement,17.18,1
2024-06-19,CAM-01,transport,21.52,1
2024-06-19,CAM-02,transport,20.97,1
2024-06-19,CAM-03,transport,15.3,1
2024-06-19,CAM-04,transport,17.25,1
2024-06-19,CAM-05,transport,12.01,1
2024-06-19,CAM-06,transport,16.49,1
2024-06-19,CAM-07,transport,17.97,1
2024-06-19,CAM-08,transport,12.56,1
2024-06-19,CAM-09,transport,19.05,1
2024-06-19,CAM-10,transport,20.5,1
2024-06-19,CAM-11,transport,15.59,1
2024-06-19,CAM-12,transport,18.8,1
2024-06-19,GEN-01,energie,20.75,1
2024-06-19,GEN-02,energie,22.69,1
2024-06-19,GEN-03,energie,20.1,1
2024-06-20,FOR-01,forage,21.37,1
2024-06-20,FOR-02,forage,0.0,0
2024-06-20,FOR-03,forage,17.11,1
2024-06-20,FOR-04,forage,21.66,1
2024-06-20,PEL-01,chargement,19.87,1
2024-06-20,PEL-02,chargement,18.8,1
2024-06-20,PEL-03,chargement,17.13,1
2024-06-20,PEL-04,chargement,17.9,1
2024-06-20,PEL-05,chargement,19.17,1
2024-06-20,CAM-01,transport,20.28,1
2024-06-20,CAM-02,transport,18.43,1
2024-06-20,CAM-03,transport,22.03,1
2024-06-20,CAM-04,transport,17.23,1
2024-06-20,CAM-05,transport,16.96,1
2024-06-20,CAM-06,transport,17.86,1
2024-06-20,CAM-07,transport,13.85,1
2024-06-20,CAM-08,transport,18.79,1
2024-06-20,CAM-09,transport,19.75,1
2024-06-20,CAM-10,transport,20.88,1
2024-06-20,CAM-11,transport,19.19,1
2024-06-20,CAM-12,transport,20.67,1
2024-06-20,GEN-01,energie,20.16,1
2024-06-20,GEN-02,energie,21.52,1
2024-06-20,GEN-03,energie,24.0,1
2024-06-21,FOR-01,forage,13.63,1
2024-06-21,FOR-02,forage,17.15,1
2024-06-21,FOR-03,forage,19.38,1
2024-06-21,FOR-04,forage,20.2,1
2024-06-21,PEL-01,chargement,13.05,1
2024-06-21,PEL-02,chargement,23.49,1
2024-06-21,PEL-03,chargement,18.24,1
2024-06-21,PEL-04,chargement,18.76,1
2024-06-21,PEL-05,chargement,18.0,1
2024-06-21,CAM-01,transport,17.64,1
2024-06-21,CAM-02,transport,20.92,1
2024-06-21,CAM-03,transport,19.71,1
2024-06-21,CAM-04,transport,10.23,1
2024-06-21,CAM-05,transport,18.35,1
2024-06-21,CAM-06,transport,23.53,1
2024-06-21,CAM-07,transport,14.84,1
2024-06-21,CAM-08,transport,19.27,1
2024-06-21,CAM-09,transport,20.31,1
2024-06-21,CAM-10,transport,16.0,1
2024-06-21,CAM-11,transport,16.25,1
2024-06-21,CAM-12,transport,18.6,1
2024-06-21,GEN-01,energie,21.24,1
2024-06-21,GEN-02,energie,21.0,1
2024-06-21,GEN-03,energie,20.91,1
2024-06-22,FOR-01,forage,17.29,1
2024-06-22,FOR-02,forage,14.09,1
2024-06-22,FOR-03,forage,18.01,1
2024-06-22,FOR-04,forage,17.46,1
2024-06-22,PEL-01,chargement,17.41,1
2024-06-22,PEL-02,chargement,15.39,1
2024-06-22,PEL-03,chargement,17.99,1
2024-06-22,PEL-04,chargement,16.83,1
2024-06-22,PEL-05,chargement,16.03,1
2024-06-22,CAM-01,transport,16.76,1
2024-06-22,CAM-02,transport,20.25,1
2024-06-22,CAM-03,transport,16.25,1
2024-06-22,CAM-04,transport,17.55,1
2024-06-22,CAM-05,transport,0.0,0
2024-06-22,CAM-06,transport,21.79,1
2024-06-22,CAM-07,transport,20.76,1
2024-06-22,CAM-08,transport,20.36,1
2024-06-22,CAM-09,transport,16.39,1
2024-06-22,CAM-10,transport,24.0,1
2024-06-22,CAM-11,transport,20.61,1
2024-06-22,CAM-12,transport,12.34,1
2024-06-22,GEN-01,energie,24.0,1
2024-06-22,GEN-02,energie,18.82,1
2024-06-22,GEN-03,energie,22.04,1
2024-06-23,FOR-01,forage,23.4,1
2024-06-23,FOR-02,forage,22.41,1
2024-06-23,FOR-03,forage,14.87,1
2024-06-23,FOR-04,forage,13.62,1
2024-06-23,PEL-01,chargement,15.83,1
2024-06-23,PEL-02,chargement,14.43,1
2024-06-23,PEL-03,chargement,18.03,1
2024-06-23,PEL-04,chargement,21.25,1
2024-06-23,PEL-05,chargement,13.19,1
2024-06-23,CAM-01,transport,14.09,1
2024-06-23,CAM-02,transport,17.75,1
2024-06-23,CAM-03,transport,0.0,0
2024-06-23,CAM-04,transport,20.0,1
2024-06-23,CAM-05,transport,17.61,1
2024-06-23,CAM-06,transport,17.82,1
2024-06-23,CAM-07,transport,0.0,0
2024-06-23,CAM-08,transport,23.59,1
2024-06-23,CAM-09,transport,19.56,1
2024-06-23,CAM-10,transport,16.3,1
2024-06-23,CAM-11,transport,10.99,1
2024-06-23,CAM-12,transport,20.26,1
2024-06-23,GEN-01,energie,22.15,1
2024-06-23,GEN-02,energie,22.12,1
2024-06-23,GEN-03,energie,22.68,1
2024-06-24,FOR-01,forage,15.97,1
2024-06-24,FOR-02,forage,19.69,1
2024-06-24,FOR-03,forage,22.41,1
2024-06-24,FOR-04,forage,23.04,1
2024-06-24,PEL-01,chargement,20.61,1
2024-06-24,PEL-02,chargement,17.0,1
2024-06-24,PEL-03,chargement,15.45,1
2024-06-24,PEL-04,chargement,17.75,1
2024-06-24,PEL-05,chargement,14.15,1
2024-06-24,CAM-01,transport,17.49,1
2024-06-24,CAM-02,transport,18.08,1
2024-06-24,CAM-03,transport,22.19,1
2024-06-24,CAM-04,transport,22.69,1
2024-06-24,CAM-05,transport,18.72,1
2024-06-24,CAM-06,transport,15.49,1
2024-06-24,CAM-07,transport,15.8,1
2024-06-24,CAM-08,transport,16.01,1
2024-06-24,CAM-09,transport,20.48,1
2024-06-24,CAM-10,transport,17.28,1
2024-06-24,CAM-11,transport,14.41,1
2024-06-24,CAM-12,transport,12.93,1
2024-06-24,GEN-01,energie,24.0,1
2024-06-24,GEN-02,energie,21.81,1
2024-06-24,GEN-03,energie,24.0,1
2024-06-25,FOR-01,forage,20.53,1
2024-06-25,FOR-02,forage,17.5,1
2024-06-25,FOR-03,forage,17.05,1
2024-06-25,FOR-04,forage,15.65,1
2024-06-25,PEL-01,chargement,16.11,1
2024-06-25,PEL-02,chargement,12.64,1
2024-06-25,PEL-03,chargement,14.68,1
2024-06-25,PEL-04,chargement,18.59,1
2024-06-25,PEL-05,chargement,19.34,1
2024-06-25,CAM-01,transport,19.99,1
2024-06-25,CAM-02,transport,20.02,1
2024-06-25,CAM-03,transport,24.0,1
2024-06-25,CAM-04,transport,16.73,1
2024-06-25,CAM-05,transport,18.01,1
2024-06-25,CAM-06,transport,0.0,0
2024-06-25,CAM-07,transport,21.54,1
2024-06-25,CAM-08,transport,17.28,1
2024-06-25,CAM-09,transport,16.42,1
2024-06-25,CAM-10,transport,19.29,1
2024-06-25,CAM-11,transport,18.83,1
2024-06-25,CAM-12,transport,18.64,1
2024-06-25,GEN-01,energie,21.59,1
2024-06-25,GEN-02,energie,21.02,1
2024-06-25,GEN-03,energie,20.63,1
2024-06-26,FOR-01,forage,24.0,1
2024-06-26,FOR-02,forage,20.15,1
2024-06-26,FOR-03,forage,18.02,1
2024-06-26,FOR-04,forage,17.07,1
2024-06-26,PEL-01,chargement,20.7,1
2024-06-26,PEL-02,chargement,21.53,1
2024-06-26,PEL-03,chargement,15.95,1
2024-06-26,PEL-04,chargement,18.3,1
2024-06-26,PEL-05,chargement,16.49,1
2024-06-26,CAM-01,transport,14.1,1
2024-06-26,CAM-02,transport,18.66,1
2024-06-26,CAM-03,transport,14.45,1
2024-06-26,CAM-04,transport,18.13,1
2024-06-26,CAM-05,transport,14.3,1
2024-06-26,CAM-06,transport,18.07,1
2024-06-26,CAM-07,transport,18.29,1
2024-06-26,CAM-08,transport,17.61,1
2024-06-26,CAM-09,transport,15.98,1
2024-06-26,CAM-10,transport,15.08,1
2024-06-26,CAM-11,transport,16.41,1
2024-06-26,CAM-12,transport,20.65,1
2024-06-26,GEN-01,energie,20.36,1
2024-06-26,GEN-02,energie,23.13,1
2024-06-26,GEN-03,energie,23.06,1
2024-06-27,FOR-01,forage,15.5,1
2024-06-27,FOR-02,forage,18.14,1
2024-06-27,FOR-03,forage,14.79,1
2024-06-27,FOR-04,forage,21.37,1
2024-06-27,PEL-01,chargement,12.79,1
2024-06-27,PEL-02,chargement,12.5,1
2024-06-27,PEL-03,chargement,18.87,1
2024-06-27,PEL-04,chargement,15.51,1
2024-06-27,PEL-05,chargement,15.6,1
2024-06-27,CAM-01,transport,19.41,1
2024-06-27,CAM-02,transport,23.26,1
2024-06-27,CAM-03,transport,13.87,1
2024-06-27,CAM-04,transport,17.76,1
2024-06-27,CAM-05,transport,18.26,1
2024-06-27,CAM-06,transport,19.51,1
2024-06-27,CAM-07,transport,21.06,1
2024-06-27,CAM-08,transport,16.08,1
2024-06-27,CAM-09,transport,19.2,1
2024-06-27,CAM-10,transport,23.66,1
2024-06-27,CAM-11,transport,18.86,1
2024-06-27,CAM-12,transport,17.36,1
2024-06-27,GEN-01,energie,23.51,1
2024-06-27,GEN-02,energie,24.0,1
2024-06-27,GEN-03,energie,21.39,1
2024-06-28,FOR-01,forage,17.35,1
2024-06-28,FOR-02,forage,21.08,1
2024-06-28,FOR-03,forage,16.99,1
2024-06-28,FOR-04,forage,17.34,1
2024-06-28,PEL-01,chargement,19.91,1
2024-06-28,PEL-02,chargement,13.39,1
2024-06-28,PEL-03,chargement,21.68,1
2024-06-28,PEL-04,chargement,18.93,1
2024-06-28,PEL-05,chargement,21.1,1
2024-06-28,CAM-01,transport,23.99,1
2024-06-28,CAM-02,transport,19.74,1
2024-06-28,CAM-03,transport,17.68,1
2024-06-28,CAM-04,transport,18.47,1
2024-06-28,CAM-05,transport,16.72,1
2024-06-28,CAM-06,transport,18.81,1
2024-06-28,CAM-07,transport,15.41,1
2024-06-28,CAM-08,transport,17.4,1
2024-06-28,CAM-09,transport,14.48,1
2024-06-28,CAM-10,transport,17.62,1
2024-06-28,CAM-11,transport,20.03,1
2024-06-28,CAM-12,transport,20.72,1
2024-06-28,GEN-01,energie,24.0,1
2024-06-28,GEN-02,energie,21.85,1
2024-06-28,GEN-03,energie,24.0,1
2024-06-29,FOR-01,forage,18.29,1
2024-06-29,FOR-02,forage,18.84,1
2024-06-29,FOR-03,forage,23.72,1
2024-06-29,FOR-04,forage,18.33,1
2024-06-29,PEL-01,chargement,13.68,1
2024-06-29,PEL-02,chargement,17.48,1
2024-06-29,PEL-03,chargement,12.89,1
2024-06-29,PEL-04,chargement,17.5,1
2024-06-29,PEL-05,chargement,0.0,0
2024-06-29,CAM-01,transport,15.68,1
2024-06-29,CAM-02,transport,19.4,1
2024-06-29,CAM-03,transport,16.11,1
2024-06-29,CAM-04,transport,22.6,1
2024-06-29,CAM-05,transport,18.88,1
2024-06-29,CAM-06,transport,16.72,1
2024-06-29,CAM-07,transport,18.58,1
2024-06-29,CAM-08,transport,15.09,1
2024-06-29,CAM-09,transport,14.62,1
2024-06-29,CAM-10,transport,15.23,1
2024-06-29,CAM-11,transport,15.24,1
2024-06-29,CAM-12,transport,16.69,1
2024-06-29,GEN-01,energie,22.09,1
2024-06-29,GEN-02,energie,19.4,1
2024-06-29,GEN-03,energie,24.0,1
2024-06-30,FOR-01,forage,17.91,1
2024-06-30,FOR-02,forage,21.94,1
2024-06-30,FOR-03,forage,20.54,1
2024-06-30,FOR-04,forage,17.9,1
2024-06-30,PEL-01,chargement,21.46,1
2024-06-30,PEL-02,chargement,19.09,1
2024-06-30,PEL-03,chargement,17.3,1
2024-06-30,PEL-04,chargement,0.0,0
2024-06-30,PEL-05,chargement,16.85,1
2024-06-30,CAM-01,transport,17.75,1
2024-06-30,CAM-02,transport,18.81,1
2024-06-30,CAM-03,transport,17.11,1
2024-06-30,CAM-04,transport,22.7,1
2024-06-30,CAM-05,transport,22.25,1
2024-06-30,CAM-06,transport,18.43,1
2024-06-30,CAM-07,transport,19.63,1
2024-06-30,CAM-08,transport,16.12,1
2024-06-30,CAM-09,transport,11.2,1
2024-06-30,CAM-10,transport,14.06,1
2024-06-30,CAM-11,transport,0.0,0
2024-06-30,CAM-12,transport,19.95,1
2024-06-30,GEN-01,energie,24.0,1
2024-06-30,GEN-02,energie,24.0,1
2024-06-30,GEN-03,energie,19.59,1
2024-07-01,FOR-01,forage,0.0,0
2024-07-01,FOR-02,forage,17.4,1
2024-07-01,FOR-03,forage,16.91,1
2024-07-01,FOR-04,forage,18.74,1
2024-07-01,PEL-01,chargement,18.94,1
2024-07-01,PEL-02,chargement,18.0,1
2024-07-01,PEL-03,chargement,10.76,1
2024-07-01,PEL-04,chargement,15.59,1
2024-07-01,PEL-05,chargement,15.26,1
2024-07-01,CAM-01,transport,17.3,1
2024-07-01,CAM-02,transport,16.17,1
2024-07-01,CAM-03,transport,16.59,1
2024-07-01,CAM-04,transport,15.2,1
2024-07-01,CAM-05,transport,20.67,1
2024-07-01,CAM-06,transport,21.02,1
2024-07-01,CAM-07,transport,17.75,1
2024-07-01,CAM-08,transport,19.87,1
2024-07-01,CAM-09,transport,13.47,1
2024-07-01,CAM-10,transport,19.29,1
2024-07-01,CAM-11,transport,0.0,0
2024-07-01,CAM-12,transport,21.95,1
2024-07-01,GEN-01,energie,20.04,1
2024-07-01,GEN-02,energie,0.0,0
2024-07-01,GEN-03,energie,24.0,1
2024-07-02,FOR-01,forage,24.0,1
2024-07-02,FOR-02,forage,15.76,1
2024-07-02,FOR-03,forage,21.05,1
2024-07-02,FOR-04,forage,16.81,1
2024-07-02,PEL-01,chargement,0.0,0
2024-07-02,PEL-02,chargement,14.9,1
2024-07-02,PEL-03,chargement,13.83,1
2024-07-02,PEL-04,chargement,13.95,1
2024-07-02,PEL-05,chargement,17.41,1
2024-07-02,CAM-01,transport,10.81,1
2024-07-02,CAM-02,transport,14.73,1
2024-07-02,CAM-03,transport,22.35,1
2024-07-02,CAM-04,transport,16.91,1
2024-07-02,CAM-05,transport,16.48,1
2024-07-02,CAM-06,transport,18.31,1
2024-07-02,CAM-07,transport,20.97,1
2024-07-02,CAM-08,transport,23.7,1
2024-07-02,CAM-09,transport,12.09,1
2024-07-02,CAM-10,transport,15.53,1
2024-07-02,CAM-11,transport,15.87,1
2024-07-02,CAM-12,transport,18.71,1
2024-07-02,GEN-01,energie,22.28,1
2024-07-02,GEN-02,energie,21.48,1
2024-07-02,GEN-03,energie,19.81,1
2024-07-03,FOR-01,forage,19.8,1
2024-07-03,FOR-02,forage,13.3,1
2024-07-03,FOR-03,forage,23.89,1
2024-07-03,FOR-04,forage,16.17,1
2024-07-03,PEL-01,chargement,17.23,1
2024-07-03,PEL-02,chargement,18.51,1
2024-07-03,PEL-03,chargement,11.25,1
2024-07-03,PEL-04,chargement,16.48,1
2024-07-03,PEL-05,chargement,17.52,1
2024-07-03,CAM-01,transport,21.56,1
2024-07-03,CAM-02,transport,24.0,1
2024-07-03,CAM-03,transport,17.03,1
2024-07-03,CAM-04,transport,18.42,1
2024-07-03,CAM-05,transport,18.87,1
2024-07-03,CAM-06,transport,22.18,1
2024-07-03,CAM-07,transport,0.0,0
2024-07-03,CAM-08,transport,14.98,1
2024-07-03,CAM-09,transport,16.29,1
2024-07-03,CAM-10,transport,0.0,0
2024-07-03,CAM-11,transport,15.32,1
2024-07-03,CAM-12,transport,17.6,1
2024-07-03,GEN-01,energie,24.0,1
2024-07-03,GEN-02,energie,18.99,1
2024-07-03,GEN-03,energie,18.15,1
2024-07-04,FOR-01,forage,18.02,1
2024-07-04,FOR-02,forage,21.48,1
2024-07-04,FOR-03,forage,18.28,1
2024-07-04,FOR-04,forage,20.78,1
2024-07-04,PEL-01,chargement,16.71,1
2024-07-04,PEL-02,chargement,18.07,1
2024-07-04,PEL-03,chargement,14.37,1
2024-07-04,PEL-04,chargement,19.89,1
2024-07-04,PEL-05,chargement,18.52,1
2024-07-04,CAM-01,transport,19.52,1
2024-07-04,CAM-02,transport,19.81,1
2024-07-04,CAM-03,transport,18.53,1
2024-07-04,CAM-04,transport,17.75,1
2024-07-04,CAM-05,transport,18.81,1
2024-07-04,CAM-06,transport,16.86,1
2024-07-04,CAM-07,transport,23.36,1
2024-07-04,CAM-08,transport,17.13,1
2024-07-04,CAM-09,transport,18.3,1
2024-07-04,CAM-10,transport,19.5,1
2024-07-04,CAM-11,transport,16.59,1
2024-07-04,CAM-12,transport,17.28,1
2024-07-04,GEN-01,energie,24.0,1
2024-07-04,GEN-02,energie,20.5,1
2024-07-04,GEN-03,energie,23.35,1
2024-07-05,FOR-01,forage,17.72,1
2024-07-05,FOR-02,forage,15.21,1
2024-07-05,FOR-03,forage,15.09,1
2024-07-05,FOR-04,forage,15.44,1
2024-07-05,PEL-01,chargement,17.52,1
2024-07-05,PEL-02,chargement,21.29,1
2024-07-05,PEL-03,chargement,19.07,1
2024-07-05,PEL-04,chargement,12.79,1
2024-07-05,PEL-05,chargement,20.39,1
2024-07-05,CAM-01,transport,14.46,1
2024-07-05,CAM-02,transport,16.06,1
2024-07-05,CAM-03,transport,17.26,1
2024-07-05,CAM-04,transport,19.19,1
2024-07-05,CAM-05,transport,24.0,1
2024-07-05,CAM-06,transport,14.76,1
2024-07-05,CAM-07,transport,14.12,1
2024-07-05,CAM-08,transport,14.9,1
2024-07-05,CAM-09,transport,22.35,1
2024-07-05,CAM-10,transport,20.35,1
2024-07-05,CAM-11,transport,15.81,1
2024-07-05,CAM-12,transport,17.15,1
2024-07-05,GEN-01,energie,19.55,1
2024-07-05,GEN-02,energie,19.75,1
2024-07-05,GEN-03,energie,19.97,1
2024-07-06,FOR-01,forage,18.96,1
2024-07-06,FOR-02,forage,19.89,1
2024-07-06,FOR-03,forage,16.32,1
2024-07-06,FOR-04,forage,22.56,1
2024-07-06,PEL-01,chargement,18.23,1
2024-07-06,PEL-02,chargement,22.78,1
2024-07-06,PEL-03,chargement,17.85,1
2024-07-06,PEL-04,chargement,18.92,1
2024-07-06,PEL-05,chargement,16.63,1
2024-07-06,CAM-01,transport,17.56,1
2024-07-06,CAM-02,transport,20.89,1
2024-07-06,CAM-03,transport,17.71,1
2024-07-06,CAM-04,transport,19.02,1
2024-07-06,CAM-05,transport,16.98,1
2024-07-06,CAM-06,transport,15.16,1
2024-07-06,CAM-07,transport,0.0,0
2024-07-06,CAM-08,transport,21.79,1
2024-07-06,CAM-09,transport,18.44,1
2024-07-06,CAM-10,transport,17.75,1
2024-07-06,CAM-11,transport,0.0,0
2024-07-06,CAM-12,transport,17.96,1
2024-07-06,GEN-01,energie,24.0,1
2024-07-06,GEN-02,energie,23.23,1
2024-07-06,GEN-03,energie,23.54,1
2024-07-07,FOR-01,forage,14.38,1
2024-07-07,FOR-02,forage,19.29,1
2024-07-07,FOR-03,forage,17.24,1
2024-07-07,FOR-04,forage,22.67,1
2024-07-07,PEL-01,chargement,15.46,1
2024-07-07,PEL-02,chargement,15.17,1
2024-07-07,PEL-03,chargement,20.31,1
2024-07-07,PEL-04,chargement,14.23,1
2024-07-07,PEL-05,chargement,17.05,1
2024-07-07,CAM-01,transport,14.15,1
2024-07-07,CAM-02,transport,14.97,1
2024-07-07,CAM-03,transport,20.37,1
2024-07-07,CAM-04,transport,16.36,1
2024-07-07,CAM-05,transport,19.26,1
2024-07-07,CAM-06,transport,15.98,1
2024-07-07,CAM-07,transport,17.0,1
2024-07-07,CAM-08,transport,16.58,1
2024-07-07,CAM-09,transport,17.62,1
2024-07-07,CAM-10,transport,0.0,0
2024-07-07,CAM-11,transport,14.93,1
2024-07-07,CAM-12,transport,24.0,1
2024-07-07,GEN-01,energie,24.0,1
2024-07-07,GEN-02,energie,23.48,1
2024-07-07,GEN-03,energie,22.27,1
2024-07-08,FOR-01,forage,19.59,1
2024-07-08,FOR-02,forage,21.07,1
2024-07-08,FOR-03,forage,16.63,1
2024-07-08,FOR-04,forage,14.65,1
2024-07-08,PEL-01,chargement,21.8,1
2024-07-08,PEL-02,chargement,20.2,1
2024-07-08,PEL-03,chargement,20.58,1
2024-07-08,PEL-04,chargement,16.92,1
2024-07-08,PEL-05,chargement,17.81,1
2024-07-08,CAM-01,transport,17.74,1
2024-07-08,CAM-02,transport,14.62,1
2024-07-08,CAM-03,transport,18.99,1
2024-07-08,CAM-04,transport,16.5,1
2024-07-08,CAM-05,transport,14.06,1
2024-07-08,CAM-06,transport,20.22,1
2024-07-08,CAM-07,transport,16.98,1
2024-07-08,CAM-08,transport,12.92,1
2024-07-08,CAM-09,transport,23.23,1
2024-07-08,CAM-10,transport,18.29,1
2024-07-08,CAM-11,transport,19.81,1
2024-07-08,CAM-12,transport,15.14,1
2024-07-08,GEN-01,energie,18.3,1
2024-07-08,GEN-02,energie,0.0,0
2024-07-08,GEN-03,energie,21.61,1
2024-07-09,FOR-01,forage,19.5,1
2024-07-09,FOR-02,forage,16.89,1
2024-07-09,FOR-03,forage,10.24,1
2024-07-09,FOR-04,forage,17.01,1
2024-07-09,PEL-01,chargement,16.75,1
2024-07-09,PEL-02,chargement,19.24,1
2024-07-09,PEL-03,chargement,16.91,1
2024-07-09,PEL-04,chargement,16.35,1
2024-07-09,PEL-05,chargement,13.19,1
2024-07-09,CAM-01,transport,22.85,1
2024-07-09,CAM-02,transport,18.7,1
2024-07-09,CAM-03,transport,22.87,1
2024-07-09,CAM-04,transport,18.09,1
2024-07-09,CAM-05,transport,16.21,1
2024-07-09,CAM-06,transport,20.0,1
2024-07-09,CAM-07,transport,16.6,1
2024-07-09,CAM-08,transport,19.59,1
2024-07-09,CAM-09,transport,15.58,1
2024-07-09,CAM-10,transport,18.92,1
2024-07-09,CAM-11,transport,12.21,1
2024-07-09,CAM-12,transport,19.13,1
2024-07-09,GEN-01,energie,23.71,1
2024-07-09,GEN-02,energie,16.96,1
2024-07-09,GEN-03,energie,24.0,1
2024-07-10,FOR-01,forage,12.05,1
2024-07-10,FOR-02,forage,17.73,1
2024-07-10,FOR-03,forage,18.23,1
2024-07-10,FOR-04,forage,24.0,1
2024-07-10,PEL-01,chargement,18.02,1
2024-07-10,PEL-02,chargement,20.82,1
2024-07-10,PEL-03,chargement,18.28,1
2024-07-10,PEL-04,chargement,16.38,1
2024-07-10,PEL-05,chargement,14.93,1
2024-07-10,CAM-01,transport,18.24,1
2024-07-10,CAM-02,transport,14.59,1
2024-07-10,CAM-03,transport,14.59,1
2024-07-10,CAM-04,transport,18.12,1
2024-07-10,CAM-05,transport,17.75,1
2024-07-10,CAM-06,transport,15.3,1
2024-07-10,CAM-07,transport,16.65,1
2024-07-10,CAM-08,transport,15.41,1
2024-07-10,CAM-09,transport,18.51,1
2024-07-10,CAM-10,transport,15.11,1
2024-07-10,CAM-11,transport,17.38,1
2024-07-10,CAM-12,transport,17.52,1
2024-07-10,GEN-01,energie,24.0,1
2024-07-10,GEN-02,energie,23.65,1
2024-07-10,GEN-03,energie,21.46,1
2024-07-11,FOR-01,forage,13.29,1
2024-07-11,FOR-02,forage,22.35,1
2024-07-11,FOR-03,forage,21.98,1
2024-07-11,FOR-04,forage,18.71,1
2024-07-11,PEL-01,chargement,21.46,1
2024-07-11,PEL-02,chargement,14.69,1
2024-07-11,PEL-03,chargement,18.22,1
2024-07-11,PEL-04,chargement,24.0,1
2024-07-11,PEL-05,chargement,17.03,1
2024-07-11,CAM-01,transport,15.03,1
2024-07-11,CAM-02,transport,20.75,1
2024-07-11,CAM-03,transport,16.58,1
2024-07-11,CAM-04,transport,22.29,1
2024-07-11,CAM-05,transport,13.7,1
2024-07-11,CAM-06,transport,18.17,1
2024-07-11,CAM-07,transport,24.0,1
2024-07-11,CAM-08,transport,18.19,1
2024-07-11,CAM-09,transport,21.06,1
2024-07-11,CAM-10,transport,12.48,1
2024-07-11,CAM-11,transport,14.27,1
2024-07-11,CAM-12,transport,21.07,1
2024-07-11,GEN-01,energie,20.33,1
2024-07-11,GEN-02,energie,22.92,1
2024-07-11,GEN-03,energie,22.41,1
2024-07-12,FOR-01,forage,17.13,1
2024-07-12,FOR-02,forage,14.0,1
2024-07-12,FOR-03,forage,16.43,1
2024-07-12,FOR-04,forage,20.07,1
2024-07-12,PEL-01,chargement,15.91,1
2024-07-12,PEL-02,chargement,17.97,1
2024-07-12,PEL-03,chargement,23.86,1
2024-07-12,PEL-04,chargement,16.78,1
2024-07-12,PEL-05,chargement,0.0,0
2024-07-12,CAM-01,transport,16.52,1
2024-07-12,CAM-02,transport,19.5,1
2024-07-12,CAM-03,transport,21.44,1
2024-07-12,CAM-04,transport,17.82,1
2024-07-12,CAM-05,transport,15.17,1
2024-07-12,CAM-06,transport,17.46,1
2024-07-12,CAM-07,transport,18.54,1
2024-07-12,CAM-08,transport,14.0,1
2024-07-12,CAM-09,transport,15.8,1
2024-07-12,CAM-10,transport,24.0,1
2024-07-12,CAM-11,transport,18.43,1
2024-07-12,CAM-12,transport,23.32,1
2024-07-12,GEN-01,energie,19.66,1
2024-07-12,GEN-02,energie,0.0,0
2024-07-12,GEN-03,energie,19.78,1
2024-07-13,FOR-01,forage,20.05,1
2024-07-13,FOR-02,forage,19.45,1
2024-07-13,FOR-03,forage,15.85,1
2024-07-13,FOR-04,forage,0.0,0
2024-07-13,PEL-01,chargement,17.59,1
2024-07-13,PEL-02,chargement,21.66,1
2024-07-13,PEL-03,chargement,17.3,1
2024-07-13,PEL-04,chargement,20.81,1
2024-07-13,PEL-05,chargement,17.17,1
2024-07-13,CAM-01,transport,0.0,0
2024-07-13,CAM-02,transport,16.5,1
2024-07-13,CAM-03,transport,18.63,1
2024-07-13,CAM-04,transport,18.7,1
2024-07-13,CAM-05,transport,22.1,1
2024-07-13,CAM-06,transport,15.93,1
2024-07-13,CAM-07,transport,19.21,1
2024-07-13,CAM-08,transport,18.44,1
2024-07-13,CAM-09,transport,22.23,1
2024-07-13,CAM-10,transport,15.3,1
2024-07-13,CAM-11,transport,13.63,1
2024-07-13,CAM-12,transport,17.7,1
2024-07-13,GEN-01,energie,22.88,1
2024-07-13,GEN-02,energie,20.55,1
2024-07-13,GEN-03,energie,23.79,1
2024-07-14,FOR-01,forage,17.38,1
2024-07-14,FOR-02,forage,18.7,1
2024-07-14,FOR-03,forage,20.72,1
2024-07-14,FOR-04,forage,15.57,1
2024-07-14,PEL-01,chargement,18.35,1
2024-07-14,PEL-02,chargement,20.59,1
2024-07-14,PEL-03,chargement,20.3,1
2024-07-14,PEL-04,chargement,17.07,1
2024-07-14,PEL-05,chargement,16.09,1
2024-07-14,CAM-01,transport,15.0,1
2024-07-14,CAM-02,transport,23.59,1
2024-07-14,CAM-03,transport,15.39,1
2024-07-14,CAM-04,transport,20.05,1
2024-07-14,CAM-05,transport,19.25,1
2024-07-14,CAM-06,transport,17.6,1
2024-07-14,CAM-07,transport,19.43,1
2024-07-14,CAM-08,transport,15.9,1
2024-07-14,CAM-09,transport,16.69,1
2024-07-14,CAM-10,transport,14.64,1
2024-07-14,CAM-11,transport,17.91,1
2024-07-14,CAM-12,transport,15.66,1
2024-07-14,GEN-01,energie,24.0,1
2024-07-14,GEN-02,energie,23.43,1
2024-07-14,GEN-03,energie,21.48,1
2024-07-15,FOR-01,forage,18.92,1
2024-07-15,FOR-02,forage,19.01,1
2024-07-15,FOR-03,forage,18.92,1
2024-07-15,FOR-04,forage,18.8,1
2024-07-15,PEL-01,chargement,15.02,1
2024-07-15,PEL-02,chargement,16.39,1
2024-07-15,PEL-03,chargement,21.35,1
2024-07-15,PEL-04,chargement,19.94,1
2024-07-15,PEL-05,chargement,13.73,1
2024-07-15,CAM-01,transport,14.24,1
2024-07-15,CAM-02,transport,17.89,1
2024-07-15,CAM-03,transport,0.0,0
2024-07-15,CAM-04,transport,16.33,1
2024-07-15,CAM-05,transport,18.57,1
2024-07-15,CAM-06,transport,17.7,1
2024-07-15,CAM-07,transport,13.09,1
2024-07-15,CAM-08,transport,20.54,1
2024-07-15,CAM-09,transport,18.93,1
2024-07-15,CAM-10,transport,18.14,1
2024-07-15,CAM-11,transport,18.71,1
2024-07-15,CAM-12,transport,14.8,1
2024-07-15,GEN-01,energie,21.45,1
2024-07-15,GEN-02,energie,0.0,0
2024-07-15,GEN-03,energie,21.98,1
2024-07-16,FOR-01,forage,0.0,0
2024-07-16,FOR-02,forage,19.31,1
2024-07-16,FOR-03,forage,19.67,1
2024-07-16,FOR-04,forage,20.9,1
2024-07-16,PEL-01,chargement,19.89,1
2024-07-16,PEL-02,chargement,16.13,1
2024-07-16,PEL-03,chargement,21.75,1
2024-07-16,PEL-04,chargement,20.19,1
2024-07-16,PEL-05,chargement,19.31,1
2024-07-16,CAM-01,transport,16.93,1
2024-07-16,CAM-02,transport,22.66,1
2024-07-16,CAM-03,transport,14.48,1
2024-07-16,CAM-04,transport,19.7,1
2024-07-16,CAM-05,transport,15.61,1
2024-07-16,CAM-06,transport,0.0,0
2024-07-16,CAM-07,transport,22.38,1
2024-07-16,CAM-08,transport,23.34,1
2024-07-16,CAM-09,transport,22.54,1
2024-07-16,CAM-10,transport,17.27,1
2024-07-16,CAM-11,transport,16.35,1
2024-07-16,CAM-12,transport,19.86,1
2024-07-16,GEN-01,energie,23.56,1
2024-07-16,GEN-02,energie,21.73,1
2024-07-16,GEN-03,energie,24.0,1
2024-07-17,FOR-01,forage,20.4,1
2024-07-17,FOR-02,forage,19.6,1
2024-07-17,FOR-03,forage,15.26,1
2024-07-17,FOR-04,forage,24.0,1
2024-07-17,PEL-01,chargement,15.6,1
2024-07-17,PEL-02,chargement,17.4,1
2024-07-17,PEL-03,chargement,0.0,0
2024-07-17,PEL-04,chargement,13.66,1
2024-07-17,PEL-05,chargement,18.47,1
2024-07-17,CAM-01,transport,19.26,1
2024-07-17,CAM-02,transport,22.57,1
2024-07-17,CAM-03,transport,21.6,1
2024-07-17,CAM-04,transport,17.68,1
2024-07-17,CAM-05,transport,14.84,1
2024-07-17,CAM-06,transport,13.34,1
2024-07-17,CAM-07,transport,14.28,1
2024-07-17,CAM-08,transport,22.39,1
2024-07-17,CAM-09,transport,18.65,1
2024-07-17,CAM-10,transport,19.8,1
2024-07-17,CAM-11,transport,12.82,1
2024-07-17,CAM-12,transport,23.12,1
2024-07-17,GEN-01,energie,24.0,1
2024-07-17,GEN-02,energie,23.4,1
2024-07-17,GEN-03,energie,24.0,1
2024-07-18,FOR-01,forage,17.37,1
2024-07-18,FOR-02,forage,21.4,1
2024-07-18,FOR-03,forage,15.9,1
2024-07-18,FOR-04,forage,23.97,1
2024-07-18,PEL-01,chargement,23.87,1
2024-07-18,PEL-02,chargement,15.93,1
2024-07-18,PEL-03,chargement,20.04,1
2024-07-18,PEL-04,chargement,18.58,1
2024-07-18,PEL-05,chargement,16.28,1
2024-07-18,CAM-01,transport,15.83,1
2024-07-18,CAM-02,transport,20.69,1
2024-07-18,CAM-03,transport,13.81,1
2024-07-18,CAM-04,transport,24.0,1
2024-07-18,CAM-05,transport,17.38,1
2024-07-18,CAM-06,transport,18.75,1
2024-07-18,CAM-07,transport,17.47,1
2024-07-18,CAM-08,transport,19.66,1
2024-07-18,CAM-09,transport,22.74,1
2024-07-18,CAM-10,transport,24.0,1
2024-07-18,CAM-11,transport,12.18,1
2024-07-18,CAM-12,transport,19.07,1
2024-07-18,GEN-01,energie,19.85,1
2024-07-18,GEN-02,energie,21.72,1
2024-07-18,GEN-03,energie,21.21,1
2024-07-19,FOR-01,forage,16.79,1
2024-07-19,FOR-02,forage,19.35,1
2024-07-19,FOR-03,forage,16.65,1
2024-07-19,FOR-04,forage,18.22,1
2024-07-19,PEL-01,chargement,19.31,1
2024-07-19,PEL-02,chargement,17.44,1
2024-07-19,PEL-03,chargement,19.33,1
2024-07-19,PEL-04,chargement,22.0,1
2024-07-19,PEL-05,chargement,19.35,1
2024-07-19,CAM-01,transport,21.13,1
2024-07-19,CAM-02,transport,18.11,1
2024-07-19,CAM-03,transport,20.7,1
2024-07-19,CAM-04,transport,14.43,1
2024-07-19,CAM-05,transport,18.49,1
2024-07-19,CAM-06,transport,0.0,0
2024-07-19,CAM-07,transport,19.81,1
2024-07-19,CAM-08,transport,15.23,1
2024-07-19,CAM-09,transport,19.17,1
2024-07-19,CAM-10,transport,18.4,1
2024-07-19,CAM-11,transport,18.86,1
2024-07-19,CAM-12,transport,20.48,1
2024-07-19,GEN-01,energie,18.69,1
2024-07-19,GEN-02,energie,21.56,1
2024-07-19,GEN-03,energie,24.0,1
2024-07-20,FOR-01,forage,0.0,0
2024-07-20,FOR-02,forage,17.96,1
2024-07-20,FOR-03,forage,22.39,1
2024-07-20,FOR-04,forage,0.0,0
2024-07-20,PEL-01,chargement,22.69,1
2024-07-20,PEL-02,chargement,14.82,1
2024-07-20,PEL-03,chargement,20.11,1
2024-07-20,PEL-04,chargement,16.53,1
2024-07-20,PEL-05,chargement,20.47,1
2024-07-20,CAM-01,transport,17.35,1
2024-07-20,CAM-02,transport,16.22,1
2024-07-20,CAM-03,transport,19.27,1
2024-07-20,CAM-04,transport,20.47,1
2024-07-20,CAM-05,transport,22.54,1
2024-07-20,CAM-06,transport,18.73,1
2024-07-20,CAM-07,transport,18.72,1
2024-07-20,CAM-08,transport,16.86,1
2024-07-20,CAM-09,transport,18.16,1
2024-07-20,CAM-10,transport,13.25,1
2024-07-20,CAM-11,transport,18.43,1
2024-07-20,CAM-12,transport,13.36,1
2024-07-20,GEN-01,energie,23.42,1
2024-07-20,GEN-02,energie,21.53,1
2024-07-20,GEN-03,energie,21.57,1
2024-07-21,FOR-01,forage,24.0,1
2024-07-21,FOR-02,forage,11.0,1
2024-07-21,FOR-03,forage,14.02,1
2024-07-21,FOR-04,forage,15.72,1
2024-07-21,PEL-01,chargement,20.41,1
2024-07-21,PEL-02,chargement,12.44,1
2024-07-21,PEL-03,chargement,21.22,1
2024-07-21,PEL-04,chargement,19.12,1
2024-07-21,PEL-05,chargement,19.45,1
2024-07-21,CAM-01,transport,0.0,0
2024-07-21,CAM-02,transport,15.81,1
2024-07-21,CAM-03,transport,15.94,1
2024-07-21,CAM-04,transport,17.48,1
2024-07-21,CAM-05,transport,16.84,1
2024-07-21,CAM-06,transport,0.0,0
2024-07-21,CAM-07,transport,18.95,1
2024-07-21,CAM-08,transport,16.69,1
2024-07-21,CAM-09,transport,15.16,1
2024-07-21,CAM-10,transport,12.63,1
2024-07-21,CAM-11,transport,20.96,1
2024-07-21,CAM-12,transport,17.36,1
2024-07-21,GEN-01,energie,21.69,1
2024-07-21,GEN-02,energie,23.76,1
2024-07-21,GEN-03,energie,24.0,1
2024-07-22,FOR-01,forage,21.68,1
2024-07-22,FOR-02,forage,15.55,1
2024-07-22,FOR-03,forage,19.62,1
2024-07-22,FOR-04,forage,13.56,1
2024-07-22,PEL-01,chargement,19.67,1
2024-07-22,PEL-02,chargement,24.0,1
2024-07-22,PEL-03,chargement,18.84,1
2024-07-22,PEL-04,chargement,16.23,1
2024-07-22,PEL-05,chargement,0.0,0
2024-07-22,CAM-01,transport,19.21,1
2024-07-22,CAM-02,transport,18.43,1
2024-07-22,CAM-03,transport,18.15,1
2024-07-22,CAM-04,transport,18.0,1
2024-07-22,CAM-05,transport,15.69,1
2024-07-22,CAM-06,transport,17.37,1
2024-07-22,CAM-07,transport,15.63,1
2024-07-22,CAM-08,transport,18.26,1
2024-07-22,CAM-09,transport,21.17,1
2024-07-22,CAM-10,transport,20.61,1
2024-07-22,CAM-11,transport,18.96,1
2024-07-22,CAM-12,transport,15.08,1
2024-07-22,GEN-01,energie,23.66,1
2024-07-22,GEN-02,energie,22.52,1
2024-07-22,GEN-03,energie,21.48,1
2024-07-23,FOR-01,forage,14.45,1
2024-07-23,FOR-02,forage,16.75,1
2024-07-23,FOR-03,forage,19.96,1
2024-07-23,FOR-04,forage,16.24,1
2024-07-23,PEL-01,chargement,20.93,1
2024-07-23,PEL-02,chargement,15.19,1
2024-07-23,PEL-03,chargement,15.95,1
2024-07-23,PEL-04,chargement,22.11,1
2024-07-23,PEL-05,chargement,19.46,1
2024-07-23,CAM-01,transport,20.33,1
2024-07-23,CAM-02,transport,12.83,1
2024-07-23,CAM-03,transport,19.1,1
2024-07-23,CAM-04,transport,15.8,1
2024-07-23,CAM-05,transport,22.05,1
2024-07-23,CAM-06,transport,17.42,1
2024-07-23,CAM-07,transport,22.78,1
2024-07-23,CAM-08,transport,17.05,1
2024-07-23,CAM-09,transport,18.57,1
2024-07-23,CAM-10,transport,17.3,1
2024-07-23,CAM-11,transport,14.59,1
2024-07-23,CAM-12,transport,0.0,0
2024-07-23,GEN-01,energie,21.97,1
2024-07-23,GEN-02,energie,19.78,1
2024-07-23,GEN-03,energie,16.42,1
2024-07-24,FOR-01,forage,0.0,0
2024-07-24,FOR-02,forage,16.19,1
2024-07-24,FOR-03,forage,23.73,1
2024-07-24,FOR-04,forage,20.02,1
2024-07-24,PEL-01,chargement,17.61,1
2024-07-24,PEL-02,chargement,20.92,1
2024-07-24,PEL-03,chargement,20.11,1
2024-07-24,PEL-04,chargement,21.92,1
2024-07-24,PEL-05,chargement,19.4,1
2024-07-24,CAM-01,transport,17.76,1
2024-07-24,CAM-02,transport,15.71,1
2024-07-24,CAM-03,transport,20.62,1
2024-07-24,CAM-04,transport,14.25,1
2024-07-24,CAM-05,transport,16.11,1
2024-07-24,CAM-06,transport,12.11,1
2024-07-24,CAM-07,transport,20.13,1
2024-07-24,CAM-08,transport,20.56,1
2024-07-24,CAM-09,transport,19.19,1
2024-07-24,CAM-10,transport,14.69,1
2024-07-24,CAM-11,transport,0.0,0
2024-07-24,CAM-12,transport,20.71,1
2024-07-24,GEN-01,energie,23.58,1
2024-07-24,GEN-02,energie,23.35,1
2024-07-24,GEN-03,energie,20.19,1
2024-07-25,FOR-01,forage,17.48,1
2024-07-25,FOR-02,forage,14.19,1
2024-07-25,FOR-03,forage,23.66,1
2024-07-25,FOR-04,forage,16.29,1
2024-07-25,PEL-01,chargement,20.9,1
2024-07-25,PEL-02,chargement,14.96,1
2024-07-25,PEL-03,chargement,21.36,1
2024-07-25,PEL-04,chargement,17.18,1
2024-07-25,PEL-05,chargement,24.0,1
2024-07-25,CAM-01,transport,15.5,1
2024-07-25,CAM-02,transport,16.88,1
2024-07-25,CAM-03,transport,16.06,1
2024-07-25,CAM-04,transport,12.75,1
2024-07-25,CAM-05,transport,21.61,1
2024-07-25,CAM-06,transport,22.36,1
2024-07-25,CAM-07,transport,16.31,1
2024-07-25,CAM-08,transport,22.8,1
2024-07-25,CAM-09,transport,23.15,1
2024-07-25,CAM-10,transport,17.74,1
2024-07-25,CAM-11,transport,17.02,1
2024-07-25,CAM-12,transport,15.21,1
2024-07-25,GEN-01,energie,20.99,1
2024-07-25,GEN-02,energie,20.12,1
2024-07-25,GEN-03,energie,24.0,1
2024-07-26,FOR-01,forage,14.37,1
2024-07-26,FOR-02,forage,18.21,1
2024-07-26,FOR-03,forage,17.41,1
2024-07-26,FOR-04,forage,15.82,1
2024-07-26,PEL-01,chargement,16.24,1
2024-07-26,PEL-02,chargement,16.74,1
2024-07-26,PEL-03,chargement,0.0,0
2024-07-26,PEL-04,chargement,18.79,1
2024-07-26,PEL-05,chargement,17.31,1
2024-07-26,CAM-01,transport,18.27,1
2024-07-26,CAM-02,transport,0.0,0
2024-07-26,CAM-03,transport,20.53,1
2024-07-26,CAM-04,transport,18.78,1
2024-07-26,CAM-05,transport,18.75,1
2024-07-26,CAM-06,transport,22.26,1
2024-07-26,CAM-07,transport,20.09,1
2024-07-26,CAM-08,transport,19.39,1
2024-07-26,CAM-09,transport,18.17,1
2024-07-26,CAM-10,transport,18.72,1
2024-07-26,CAM-11,transport,17.82,1
2024-07-26,CAM-12,transport,12.5,1
2024-07-26,GEN-01,energie,0.0,0
2024-07-26,GEN-02,energie,23.68,1
2024-07-26,GEN-03,energie,19.72,1
2024-07-27,FOR-01,forage,19.63,1
2024-07-27,FOR-02,forage,14.67,1
2024-07-27,FOR-03,forage,16.1,1
2024-07-27,FOR-04,forage,18.34,1
2024-07-27,PEL-01,chargement,17.75,1
2024-07-27,PEL-02,chargement,17.64,1
2024-07-27,PEL-03,chargement,20.42,1
2024-07-27,PEL-04,chargement,20.61,1
2024-07-27,PEL-05,chargement,17.73,1
2024-07-27,CAM-01,transport,18.49,1
2024-07-27,CAM-02,transport,15.06,1
2024-07-27,CAM-03,transport,15.83,1
2024-07-27,CAM-04,transport,22.91,1
2024-07-27,CAM-05,transport,17.18,1
2024-07-27,CAM-06,transport,17.46,1
2024-07-27,CAM-07,transport,15.13,1
2024-07-27,CAM-08,transport,11.88,1
2024-07-27,CAM-09,transport,21.95,1
2024-07-27,CAM-10,transport,17.63,1
2024-07-27,CAM-11,transport,16.32,1
2024-07-27,CAM-12,transport,19.28,1
2024-07-27,GEN-01,energie,21.27,1
2024-07-27,GEN-02,energie,22.13,1
2024-07-27,GEN-03,energie,24.0,1
2024-07-28,FOR-01,forage,17.64,1
2024-07-28,FOR-02,forage,13.45,1
2024-07-28,FOR-03,forage,0.0,0
2024-07-28,FOR-04,forage,22.15,1
2024-07-28,PEL-01,chargement,20.33,1
2024-07-28,PEL-02,chargement,19.82,1
2024-07-28,PEL-03,chargement,14.02,1
2024-07-28,PEL-04,chargement,17.73,1
2024-07-28,PEL-05,chargement,19.03,1
2024-07-28,CAM-01,transport,15.58,1
2024-07-28,CAM-02,transport,15.34,1
2024-07-28,CAM-03,transport,16.83,1
2024-07-28,CAM-04,transport,19.15,1
2024-07-28,CAM-05,transport,24.0,1
2024-07-28,CAM-06,transport,12.7,1
2024-07-28,CAM-07,transport,14.52,1
2024-07-28,CAM-08,transport,18.16,1
2024-07-28,CAM-09,transport,18.0,1
2024-07-28,CAM-10,transport,24.0,1
2024-07-28,CAM-11,transport,19.05,1
2024-07-28,CAM-12,transport,16.08,1
2024-07-28,GEN-01,energie,20.1,1
2024-07-28,GEN-02,energie,23.22,1
2024-07-28,GEN-03,energie,24.0,1
2024-07-29,FOR-01,forage,15.52,1
2024-07-29,FOR-02,forage,0.0,0
2024-07-29,FOR-03,forage,17.77,1
2024-07-29,FOR-04,forage,14.23,1
2024-07-29,PEL-01,chargement,17.04,1
2024-07-29,PEL-02,chargement,15.87,1
2024-07-29,PEL-03,chargement,14.07,1
2024-07-29,PEL-04,chargement,21.1,1
2024-07-29,PEL-05,chargement,11.8,1
2024-07-29,CAM-01,transport,16.46,1
2024-07-29,CAM-02,transport,16.03,1
2024-07-29,CAM-03,transport,18.9,1
2024-07-29,CAM-04,transport,12.23,1
2024-07-29,CAM-05,transport,20.13,1
2024-07-29,CAM-06,transport,20.55,1
2024-07-29,CAM-07,transport,17.68,1
2024-07-29,CAM-08,transport,15.85,1
2024-07-29,CAM-09,transport,21.64,1
2024-07-29,CAM-10,transport,13.47,1
2024-07-29,CAM-11,transport,16.31,1
2024-07-29,CAM-12,transport,16.69,1
2024-07-29,GEN-01,energie,22.72,1
2024-07-29,GEN-02,energie,24.0,1
2024-07-29,GEN-03,energie,22.31,1
2024-07-30,FOR-01,forage,17.69,1
2024-07-30,FOR-02,forage,16.93,1
2024-07-30,FOR-03,forage,23.85,1
2024-07-30,FOR-04,forage,19.53,1
2024-07-30,PEL-01,chargement,19.95,1
2024-07-30,PEL-02,chargement,15.62,1
2024-07-30,PEL-03,chargement,18.41,1
2024-07-30,PEL-04,chargement,14.69,1
2024-07-30,PEL-05,chargement,17.97,1
2024-07-30,CAM-01,transport,14.4,1
2024-07-30,CAM-02,transport,15.26,1
2024-07-30,CAM-03,transport,16.48,1
2024-07-30,CAM-04,transport,14.51,1
2024-07-30,CAM-05,transport,16.41,1
2024-07-30,CAM-06,transport,20.02,1
2024-07-30,CAM-07,transport,17.04,1
2024-07-30,CAM-08,transport,17.45,1
2024-07-30,CAM-09,transport,15.62,1
2024-07-30,CAM-10,transport,23.63,1
2024-07-30,CAM-11,transport,19.16,1
2024-07-30,CAM-12,transport,16.66,1
2024-07-30,GEN-01,energie,24.0,1
2024-07-30,GEN-02,energie,23.31,1
2024-07-30,GEN-03,energie,22.62,1
2024-07-31,FOR-01,forage,18.39,1
2024-07-31,FOR-02,forage,13.18,1
2024-07-31,FOR-03,forage,20.5,1
2024-07-31,FOR-04,forage,21.26,1
2024-07-31,PEL-01,chargement,17.18,1
2024-07-31,PEL-02,chargement,16.58,1
2024-07-31,PEL-03,chargement,21.94,1
2024-07-31,PEL-04,chargement,15.9,1
2024-07-31,PEL-05,chargement,15.8,1
2024-07-31,CAM-01,transport,16.07,1
2024-07-31,CAM-02,transport,17.1,1
2024-07-31,CAM-03,transport,16.1,1
2024-07-31,CAM-04,transport,11.72,1
2024-07-31,CAM-05,transport,20.76,1
2024-07-31,CAM-06,transport,18.81,1
2024-07-31,CAM-07,transport,20.09,1
2024-07-31,CAM-08,transport,18.39,1
2024-07-31,CAM-09,transport,0.0,0
2024-07-31,CAM-10,transport,22.85,1
2024-07-31,CAM-11,transport,17.42,1
2024-07-31,CAM-12,transport,15.75,1
2024-07-31,GEN-01,energie,24.0,1
2024-07-31,GEN-02,energie,22.4,1
2024-07-31,GEN-03,energie,23.76,1
2024-08-01,FOR-01,forage,16.85,1
2024-08-01,FOR-02,forage,12.8,1
2024-08-01,FOR-03,forage,21.22,1
2024-08-01,FOR-04,forage,19.87,1
2024-08-01,PEL-01,chargement,16.89,1
2024-08-01,PEL-02,chargement,15.8,1
2024-08-01,PEL-03,chargement,14.94,1
2024-08-01,PEL-04,chargement,18.77,1
2024-08-01,PEL-05,chargement,22.03,1
2024-08-01,CAM-01,transport,18.31,1
2024-08-01,CAM-02,transport,16.11,1
2024-08-01,CAM-03,transport,14.96,1
2024-08-01,CAM-04,transport,19.27,1
2024-08-01,CAM-05,transport,17.04,1
2024-08-01,CAM-06,transport,15.28,1
2024-08-01,CAM-07,transport,17.82,1
2024-08-01,CAM-08,transport,19.78,1
2024-08-01,CAM-09,transport,21.5,1
2024-08-01,CAM-10,transport,22.99,1
2024-08-01,CAM-11,transport,20.12,1
2024-08-01,CAM-12,transport,21.21,1
2024-08-01,GEN-01,energie,0.0,0
2024-08-01,GEN-02,energie,20.89,1
2024-08-01,GEN-03,energie,18.4,1
2024-08-02,FOR-01,forage,19.95,1
2024-08-02,FOR-02,forage,19.3,1
2024-08-02,FOR-03,forage,22.61,1
2024-08-02,FOR-04,forage,14.69,1
2024-08-02,PEL-01,chargement,12.97,1
2024-08-02,PEL-02,chargement,20.65,1
2024-08-02,PEL-03,chargement,21.67,1
2024-08-02,PEL-04,chargement,18.48,1
2024-08-02,PEL-05,chargement,17.76,1
2024-08-02,CAM-01,transport,22.24,1
2024-08-02,CAM-02,transport,20.18,1
2024-08-02,CAM-03,transport,15.75,1
2024-08-02,CAM-04,transport,17.6,1
2024-08-02,CAM-05,transport,19.36,1
2024-08-02,CAM-06,transport,17.7,1
2024-08-02,CAM-07,transport,20.24,1
2024-08-02,CAM-08,transport,15.63,1
2024-08-02,CAM-09,transport,21.2,1
2024-08-02,CAM-10,transport,15.76,1
2024-08-02,CAM-11,transport,16.76,1
2024-08-02,CAM-12,transport,19.45,1
2024-08-02,GEN-01,energie,22.27,1
2024-08-02,GEN-02,energie,19.43,1
2024-08-02,GEN-03,energie,21.23,1
2024-08-03,FOR-01,forage,13.99,1
2024-08-03,FOR-02,forage,14.76,1
2024-08-03,FOR-03,forage,21.63,1
2024-08-03,FOR-04,forage,16.28,1
2024-08-03,PEL-01,chargement,16.37,1
2024-08-03,PEL-02,chargement,18.71,1
2024-08-03,PEL-03,chargement,19.75,1
2024-08-03,PEL-04,chargement,11.89,1
2024-08-03,PEL-05,chargement,17.6,1
2024-08-03,CAM-01,transport,18.42,1
2024-08-03,CAM-02,transport,18.31,1
2024-08-03,CAM-03,transport,0.0,0
2024-08-03,CAM-04,transport,15.84,1
2024-08-03,CAM-05,transport,20.31,1
2024-08-03,CAM-06,transport,14.89,1
2024-08-03,CAM-07,transport,18.3,1
2024-08-03,CAM-08,transport,15.89,1
2024-08-03,CAM-09,transport,20.4,1
2024-08-03,CAM-10,transport,21.24,1
2024-08-03,CAM-11,transport,19.78,1
2024-08-03,CAM-12,transport,0.0,0
2024-08-03,GEN-01,energie,21.38,1
2024-08-03,GEN-02,energie,20.4,1
2024-08-03,GEN-03,energie,23.22,1
2024-08-04,FOR-01,forage,16.62,1
2024-08-04,FOR-02,forage,14.37,1
2024-08-04,FOR-03,forage,17.91,1
2024-08-04,FOR-04,forage,20.54,1
2024-08-04,PEL-01,chargement,17.0,1
2024-08-04,PEL-02,chargement,15.32,1
2024-08-04,PEL-03,chargement,16.02,1
2024-08-04,PEL-04,chargement,21.24,1
2024-08-04,PEL-05,chargement,0.0,0
2024-08-04,CAM-01,transport,0.0,0
2024-08-04,CAM-02,transport,18.87,1
2024-08-04,CAM-03,transport,17.05,1
2024-08-04,CAM-04,transport,19.28,1
2024-08-04,CAM-05,transport,15.76,1
2024-08-04,CAM-06,transport,18.85,1
2024-08-04,CAM-07,transport,17.42,1
2024-08-04,CAM-08,transport,16.83,1
2024-08-04,CAM-09,transport,11.46,1
2024-08-04,CAM-10,transport,19.98,1
2024-08-04,CAM-11,transport,16.63,1
2024-08-04,CAM-12,transport,18.68,1
2024-08-04,GEN-01,energie,23.94,1
2024-08-04,GEN-02,energie,23.85,1
2024-08-04,GEN-03,energie,20.95,1
2024-08-05,FOR-01,forage,17.07,1
2024-08-05,FOR-02,forage,24.0,1
2024-08-05,FOR-03,forage,19.27,1
2024-08-05,FOR-04,forage,14.31,1
2024-08-05,PEL-01,chargement,0.0,0
2024-08-05,PEL-02,chargement,21.57,1
2024-08-05,PEL-03,chargement,11.32,1
2024-08-05,PEL-04,chargement,20.98,1
2024-08-05,PEL-05,chargement,16.75,1
2024-08-05,CAM-01,transport,19.91,1
2024-08-05,CAM-02,transport,13.91,1
2024-08-05,CAM-03,transport,18.96,1
2024-08-05,CAM-04,transport,20.14,1
2024-08-05,CAM-05,transport,17.17,1
2024-08-05,CAM-06,transport,19.92,1
2024-08-05,CAM-07,transport,18.41,1
2024-08-05,CAM-08,transport,18.01,1
2024-08-05,CAM-09,transport,0.0,0
2024-08-05,CAM-10,transport,21.33,1
2024-08-05,CAM-11,transport,18.54,1
2024-08-05,CAM-12,transport,19.21,1
2024-08-05,GEN-01,energie,24.0,1
2024-08-05,GEN-02,energie,24.0,1
2024-08-05,GEN-03,energie,19.79,1
2024-08-06,FOR-01,forage,13.48,1
2024-08-06,FOR-02,forage,20.72,1
2024-08-06,FOR-03,forage,14.41,1
2024-08-06,FOR-04,forage,19.14,1
2024-08-06,PEL-01,chargement,20.97,1
2024-08-06,PEL-02,chargement,18.07,1
2024-08-06,PEL-03,chargement,13.97,1
2024-08-06,PEL-04,chargement,17.53,1
2024-08-06,PEL-05,chargement,12.21,1
2024-08-06,CAM-01,transport,13.38,1
2024-08-06,CAM-02,transport,15.71,1
2024-08-06,CAM-03,transport,21.69,1
2024-08-06,CAM-04,transport,16.66,1
2024-08-06,CAM-05,transport,15.36,1
2024-08-06,CAM-06,transport,18.15,1
2024-08-06,CAM-07,transport,19.37,1
2024-08-06,CAM-08,transport,17.49,1
2024-08-06,CAM-09,transport,20.47,1
2024-08-06,CAM-10,transport,21.62,1
2024-08-06,CAM-11,transport,17.42,1
2024-08-06,CAM-12,transport,12.74,1
2024-08-06,GEN-01,energie,20.92,1
2024-08-06,GEN-02,energie,21.24,1
2024-08-06,GEN-03,energie,23.03,1
2024-08-07,FOR-01,forage,17.81,1
2024-08-07,FOR-02,forage,18.84,1
2024-08-07,FOR-03,forage,21.79,1
2024-08-07,FOR-04,forage,21.32,1
2024-08-07,PEL-01,chargement,13.17,1
2024-08-07,PEL-02,chargement,20.27,1
2024-08-07,PEL-03,chargement,15.76,1
2024-08-07,PEL-04,chargement,17.29,1
2024-08-07,PEL-05,chargement,18.13,1
2024-08-07,CAM-01,transport,18.78,1
2024-08-07,CAM-02,transport,17.94,1
2024-08-07,CAM-03,transport,24.0,1
2024-08-07,CAM-04,transport,13.87,1
2024-08-07,CAM-05,transport,19.86,1
2024-08-07,CAM-06,transport,17.47,1
2024-08-07,CAM-07,transport,19.14,1
2024-08-07,CAM-08,transport,0.0,0
2024-08-07,CAM-09,transport,13.37,1
2024-08-07,CAM-10,transport,13.64,1
2024-08-07,CAM-11,transport,21.06,1
2024-08-07,CAM-12,transport,15.44,1
2024-08-07,GEN-01,energie,23.31,1
2024-08-07,GEN-02,energie,22.48,1
2024-08-07,GEN-03,energie,18.31,1
2024-08-08,FOR-01,forage,0.0,0
2024-08-08,FOR-02,forage,17.91,1
2024-08-08,FOR-03,forage,14.23,1
2024-08-08,FOR-04,forage,14.88,1
2024-08-08,PEL-01,chargement,15.79,1
2024-08-08,PEL-02,chargement,21.58,1
2024-08-08,PEL-03,chargement,14.08,1
2024-08-08,PEL-04,chargement,17.27,1
2024-08-08,PEL-05,chargement,13.58,1
2024-08-08,CAM-01,transport,18.22,1
2024-08-08,CAM-02,transport,16.81,1
2024-08-08,CAM-03,transport,21.29,1
2024-08-08,CAM-04,transport,15.59,1
2024-08-08,CAM-05,transport,17.15,1
2024-08-08,CAM-06,transport,15.14,1
2024-08-08,CAM-07,transport,19.42,1
2024-08-08,CAM-08,transport,16.75,1
2024-08-08,CAM-09,transport,17.38,1
2024-08-08,CAM-10,transport,18.76,1
2024-08-08,CAM-11,transport,0.0,0
2024-08-08,CAM-12,transport,20.14,1
2024-08-08,GEN-01,energie,19.73,1
2024-08-08,GEN-02,energie,23.4,1
2024-08-08,GEN-03,energie,24.0,1
2024-08-09,FOR-01,forage,19.18,1
2024-08-09,FOR-02,forage,15.81,1
2024-08-09,FOR-03,forage,18.78,1
2024-08-09,FOR-04,forage,18.27,1
2024-08-09,PEL-01,chargement,15.02,1
2024-08-09,PEL-02,chargement,16.63,1
2024-08-09,PEL-03,chargement,13.03,1
2024-08-09,PEL-04,chargement,17.5,1
2024-08-09,PEL-05,chargement,18.42,1
2024-08-09,CAM-01,transport,17.65,1
2024-08-09,CAM-02,transport,16.77,1
2024-08-09,CAM-03,transport,17.33,1
2024-08-09,CAM-04,transport,18.08,1
2024-08-09,CAM-05,transport,17.93,1
2024-08-09,CAM-06,transport,18.76,1
2024-08-09,CAM-07,transport,16.84,1
2024-08-09,CAM-08,transport,12.18,1
2024-08-09,CAM-09,transport,20.42,1
2024-08-09,CAM-10,transport,18.91,1
2024-08-09,CAM-11,transport,18.23,1
2024-08-09,CAM-12,transport,19.1,1
2024-08-09,GEN-01,energie,21.32,1
2024-08-09,GEN-02,energie,24.0,1
2024-08-09,GEN-03,energie,21.0,1
2024-08-10,FOR-01,forage,16.42,1
2024-08-10,FOR-02,forage,20.79,1
2024-08-10,FOR-03,forage,17.06,1
2024-08-10,FOR-04,forage,13.58,1
2024-08-10,PEL-01,chargement,23.98,1
2024-08-10,PEL-02,chargement,20.92,1
2024-08-10,PEL-03,chargement,16.1,1
2024-08-10,PEL-04,chargement,11.9,1
2024-08-10,PEL-05,chargement,20.83,1
2024-08-10,CAM-01,transport,15.08,1
2024-08-10,CAM-02,transport,21.55,1
2024-08-10,CAM-03,transport,18.49,1
2024-08-10,CAM-04,transport,19.34,1
2024-08-10,CAM-05,transport,19.52,1
2024-08-10,CAM-06,transport,14.79,1
2024-08-10,CAM-07,transport,14.61,1
2024-08-10,CAM-08,transport,19.31,1
2024-08-10,CAM-09,transport,16.43,1
2024-08-10,CAM-10,transport,20.34,1
2024-08-10,CAM-11,transport,18.47,1
2024-08-10,CAM-12,transport,24.0,1
2024-08-10,GEN-01,energie,22.24,1
2024-08-10,GEN-02,energie,20.7,1
2024-08-10,GEN-03,energie,22.5,1
2024-08-11,FOR-01,forage,15.97,1
2024-08-11,FOR-02,forage,20.24,1
2024-08-11,FOR-03,forage,18.16,1
2024-08-11,FOR-04,forage,14.31,1
2024-08-11,PEL-01,chargement,19.27,1
2024-08-11,PEL-02,chargement,22.25,1
2024-08-11,PEL-03,chargement,20.52,1
2024-08-11,PEL-04,chargement,18.69,1
2024-08-11,PEL-05,chargement,12.42,1
2024-08-11,CAM-01,transport,18.84,1
2024-08-11,CAM-02,transport,17.82,1
2024-08-11,CAM-03,transport,18.85,1
2024-08-11,CAM-04,transport,13.17,1
2024-08-11,CAM-05,transport,22.12,1
2024-08-11,CAM-06,transport,20.59,1
2024-08-11,CAM-07,transport,17.22,1
2024-08-11,CAM-08,transport,23.41,1
2024-08-11,CAM-09,transport,17.89,1
2024-08-11,CAM-10,transport,16.08,1
2024-08-11,CAM-11,transport,18.41,1
2024-08-11,CAM-12,transport,13.87,1
2024-08-11,GEN-01,energie,19.4,1
2024-08-11,GEN-02,energie,22.6,1
2024-08-11,GEN-03,energie,20.76,1
2024-08-12,FOR-01,forage,23.04,1
2024-08-12,FOR-02,forage,16.61,1
2024-08-12,FOR-03,forage,14.72,1
2024-08-12,FOR-04,forage,13.74,1
2024-08-12,PEL-01,chargement,12.21,1
2024-08-12,PEL-02,chargement,17.84,1
2024-08-12,PEL-03,chargement,18.9,1
2024-08-12,PEL-04,chargement,17.22,1
2024-08-12,PEL-05,chargement,18.61,1
2024-08-12,CAM-01,transport,17.16,1
2024-08-12,CAM-02,transport,22.88,1
2024-08-12,CAM-03,transport,16.13,1
2024-08-12,CAM-04,transport,16.71,1
2024-08-12,CAM-05,transport,21.53,1
2024-08-12,CAM-06,transport,17.25,1
2024-08-12,CAM-07,transport,16.06,1
2024-08-12,CAM-08,transport,16.07,1
2024-08-12,CAM-09,transport,20.34,1
2024-08-12,CAM-10,transport,23.77,1
2024-08-12,CAM-11,transport,18.74,1
2024-08-12,CAM-12,transport,21.3,1
2024-08-12,GEN-01,energie,20.36,1
2024-08-12,GEN-02,energie,20.85,1
2024-08-12,GEN-03,energie,22.75,1
2024-08-13,FOR-01,forage,22.45,1
2024-08-13,FOR-02,forage,15.52,1
2024-08-13,FOR-03,forage,20.17,1
2024-08-13,FOR-04,forage,11.41,1
2024-08-13,PEL-01,chargement,22.58,1
2024-08-13,PEL-02,chargement,16.28,1
2024-08-13,PEL-03,chargement,19.28,1
2024-08-13,PEL-04,chargement,17.1,1
2024-08-13,PEL-05,chargement,16.9,1
2024-08-13,CAM-01,transport,15.79,1
2024-08-13,CAM-02,transport,16.35,1
2024-08-13,CAM-03,transport,15.57,1
2024-08-13,CAM-04,transport,19.66,1
2024-08-13,CAM-05,transport,14.07,1
2024-08-13,CAM-06,transport,14.24,1
2024-08-13,CAM-07,transport,20.46,1
2024-08-13,CAM-08,transport,16.53,1
2024-08-13,CAM-09,transport,16.63,1
2024-08-13,CAM-10,transport,20.52,1
2024-08-13,CAM-11,transport,14.44,1
2024-08-13,CAM-12,transport,19.49,1
2024-08-13,GEN-01,energie,21.67,1
2024-08-13,GEN-02,energie,23.16,1
2024-08-13,GEN-03,energie,19.68,1
2024-08-14,FOR-01,forage,17.43,1
2024-08-14,FOR-02,forage,20.07,1
2024-08-14,FOR-03,forage,0.0,0
2024-08-14,FOR-04,forage,17.76,1
2024-08-14,PEL-01,chargement,15.76,1
2024-08-14,PEL-02,chargement,20.04,1
2024-08-14,PEL-03,chargement,19.55,1
2024-08-14,PEL-04,chargement,12.22,1
2024-08-14,PEL-05,chargement,16.46,1
2024-08-14,CAM-01,transport,18.4,1
2024-08-14,CAM-02,transport,24.0,1
2024-08-14,CAM-03,transport,17.61,1
2024-08-14,CAM-04,transport,22.22,1
2024-08-14,CAM-05,transport,21.48,1
2024-08-14,CAM-06,transport,20.11,1
2024-08-14,CAM-07,transport,22.19,1
2024-08-14,CAM-08,transport,20.44,1
2024-08-14,CAM-09,transport,15.33,1
2024-08-14,CAM-10,transport,18.46,1
2024-08-14,CAM-11,transport,15.9,1
2024-08-14,CAM-12,transport,15.47,1
2024-08-14,GEN-01,energie,22.39,1
2024-08-14,GEN-02,energie,21.82,1
2024-08-14,GEN-03,energie,23.28,1
2024-08-15,FOR-01,forage,12.91,1
2024-08-15,FOR-02,forage,15.96,1
2024-08-15,FOR-03,forage,24.0,1
2024-08-15,FOR-04,forage,15.97,1
2024-08-15,PEL-01,chargement,20.08,1
2024-08-15,PEL-02,chargement,0.0,0
2024-08-15,PEL-03,chargement,14.24,1
2024-08-15,PEL-04,chargement,10.99,1
2024-08-15,PEL-05,chargement,16.0,1
2024-08-15,CAM-01,transport,20.73,1
2024-08-15,CAM-02,transport,17.66,1
2024-08-15,CAM-03,transport,0.0,0
2024-08-15,CAM-04,transport,21.01,1
2024-08-15,CAM-05,transport,19.85,1
2024-08-15,CAM-06,transport,14.55,1
2024-08-15,CAM-07,transport,14.01,1
2024-08-15,CAM-08,transport,18.48,1
2024-08-15,CAM-09,transport,0.0,0
2024-08-15,CAM-10,transport,14.35,1
2024-08-15,CAM-11,transport,17.6,1
2024-08-15,CAM-12,transport,20.45,1
2024-08-15,GEN-01,energie,22.72,1
2024-08-15,GEN-02,energie,20.16,1
2024-08-15,GEN-03,energie,0.0,0
2024-08-16,FOR-01,forage,15.05,1
2024-08-16,FOR-02,forage,21.06,1
2024-08-16,FOR-03,forage,0.0,0
2024-08-16,FOR-04,forage,18.39,1
2024-08-16,PEL-01,chargement,18.93,1
2024-08-16,PEL-02,chargement,17.12,1
2024-08-16,PEL-03,chargement,21.85,1
2024-08-16,PEL-04,chargement,15.32,1
2024-08-16,PEL-05,chargement,17.74,1
2024-08-16,CAM-01,transport,17.95,1
2024-08-16,CAM-02,transport,17.95,1
2024-08-16,CAM-03,transport,16.17,1
2024-08-16,CAM-04,transport,17.35,1
2024-08-16,CAM-05,transport,14.7,1
2024-08-16,CAM-06,transport,13.96,1
2024-08-16,CAM-07,transport,14.36,1
2024-08-16,CAM-08,transport,19.05,1
2024-08-16,CAM-09,transport,9.94,1
2024-08-16,CAM-10,transport,17.59,1
2024-08-16,CAM-11,transport,16.21,1
2024-08-16,CAM-12,transport,21.63,1
2024-08-16,GEN-01,energie,20.28,1
2024-08-16,GEN-02,energie,22.04,1
2024-08-16,GEN-03,energie,0.0,0
2024-08-17,FOR-01,forage,19.04,1
2024-08-17,FOR-02,forage,17.32,1
2024-08-17,FOR-03,forage,24.0,1
2024-08-17,FOR-04,forage,19.57,1
2024-08-17,PEL-01,chargement,14.36,1
2024-08-17,PEL-02,chargement,19.61,1
2024-08-17,PEL-03,chargement,13.01,1
2024-08-17,PEL-04,chargement,17.81,1
2024-08-17,PEL-05,chargement,17.33,1
2024-08-17,CAM-01,transport,16.58,1
2024-08-17,CAM-02,transport,22.95,1
2024-08-17,CAM-03,transport,19.29,1
2024-08-17,CAM-04,transport,17.81,1
2024-08-17,CAM-05,transport,19.78,1
2024-08-17,CAM-06,transport,17.55,1
2024-08-17,CAM-07,transport,13.93,1
2024-08-17,CAM-08,transport,20.7,1
2024-08-17,CAM-09,transport,19.13,1
2024-08-17,CAM-10,transport,12.68,1
2024-08-17,CAM-11,transport,22.16,1
2024-08-17,CAM-12,transport,22.16,1
2024-08-17,GEN-01,energie,20.41,1
2024-08-17,GEN-02,energie,21.89,1
2024-08-17,GEN-03,energie,20.87,1
2024-08-18,FOR-01,forage,18.41,1
2024-08-18,FOR-02,forage,16.9,1
2024-08-18,FOR-03,forage,19.75,1
2024-08-18,FOR-04,forage,18.27,1
2024-08-18,PEL-01,chargement,16.6,1
2024-08-18,PEL-02,chargement,23.2,1
2024-08-18,PEL-03,chargement,16.82,1
2024-08-18,PEL-04,chargement,15.13,1
2024-08-18,PEL-05,chargement,17.55,1
2024-08-18,CAM-01,transport,15.8,1
2024-08-18,CAM-02,transport,16.4,1
2024-08-18,CAM-03,transport,19.68,1
2024-08-18,CAM-04,transport,19.89,1
2024-08-18,CAM-05,transport,19.28,1
2024-08-18,CAM-06,transport,18.39,1
2024-08-18,CAM-07,transport,17.98,1
2024-08-18,CAM-08,transport,18.43,1
2024-08-18,CAM-09,transport,19.56,1
2024-08-18,CAM-10,transport,20.8,1
2024-08-18,CAM-11,transport,17.39,1
2024-08-18,CAM-12,transport,23.76,1
2024-08-18,GEN-01,energie,23.94,1
2024-08-18,GEN-02,energie,24.0,1
2024-08-18,GEN-03,energie,24.0,1
2024-08-19,FOR-01,forage,19.42,1
2024-08-19,FOR-02,forage,21.17,1
2024-08-19,FOR-03,forage,21.68,1
2024-08-19,FOR-04,forage,17.54,1
2024-08-19,PEL-01,chargement,17.66,1
2024-08-19,PEL-02,chargement,13.95,1
2024-08-19,PEL-03,chargement,12.66,1
2024-08-19,PEL-04,chargement,19.27,1
2024-08-19,PEL-05,chargement,20.47,1
2024-08-19,CAM-01,transport,14.43,1
2024-08-19,CAM-02,transport,0.0,0
2024-08-19,CAM-03,transport,16.1,1
2024-08-19,CAM-04,transport,19.13,1
2024-08-19,CAM-05,transport,20.89,1
2024-08-19,CAM-06,transport,13.49,1
2024-08-19,CAM-07,transport,19.67,1
2024-08-19,CAM-08,transport,20.67,1
2024-08-19,CAM-09,transport,0.0,0
2024-08-19,CAM-10,transport,19.09,1
2024-08-19,CAM-11,transport,19.48,1
2024-08-19,CAM-12,transport,23.5,1
2024-08-19,GEN-01,energie,23.65,1
2024-08-19,GEN-02,energie,23.96,1
2024-08-19,GEN-03,energie,23.45,1
2024-08-20,FOR-01,forage,20.19,1
2024-08-20,FOR-02,forage,19.76,1
2024-08-20,FOR-03,forage,12.25,1
2024-08-20,FOR-04,forage,17.95,1
2024-08-20,PEL-01,chargement,17.15,1
2024-08-20,PEL-02,chargement,17.08,1
2024-08-20,PEL-03,chargement,0.0,0
2024-08-20,PEL-04,chargement,19.07,1
2024-08-20,PEL-05,chargement,20.18,1
2024-08-20,CAM-01,transport,20.75,1
2024-08-20,CAM-02,transport,21.55,1
2024-08-20,CAM-03,transport,15.65,1
2024-08-20,CAM-04,transport,16.66,1
2024-08-20,CAM-05,transport,22.13,1
2024-08-20,CAM-06,transport,20.2,1
2024-08-20,CAM-07,transport,19.4,1
2024-08-20,CAM-08,transport,21.16,1
2024-08-20,CAM-09,transport,17.54,1
2024-08-20,CAM-10,transport,18.9,1
2024-08-20,CAM-11,transport,14.05,1
2024-08-20,CAM-12,transport,16.66,1
2024-08-20,GEN-01,energie,24.0,1
2024-08-20,GEN-02,energie,20.43,1
2024-08-20,GEN-03,energie,22.99,1
2024-08-21,FOR-01,forage,19.83,1
2024-08-21,FOR-02,forage,21.35,1
2024-08-21,FOR-03,forage,14.06,1
2024-08-21,FOR-04,forage,17.2,1
2024-08-21,PEL-01,chargement,16.78,1
2024-08-21,PEL-02,chargement,14.44,1
2024-08-21,PEL-03,chargement,20.54,1
2024-08-21,PEL-04,chargement,23.9,1
2024-08-21,PEL-05,chargement,20.36,1
2024-08-21,CAM-01,transport,14.71,1
2024-08-21,CAM-02,transport,15.19,1
2024-08-21,CAM-03,transport,17.43,1
2024-08-21,CAM-04,transport,0.0,0
2024-08-21,CAM-05,transport,17.36,1
2024-08-21,CAM-06,transport,16.44,1
2024-08-21,CAM-07,transport,19.35,1
2024-08-21,CAM-08,transport,18.05,1
2024-08-21,CAM-09,transport,16.41,1
2024-08-21,CAM-10,transport,17.93,1
2024-08-21,CAM-11,transport,15.72,1
2024-08-21,CAM-12,transport,19.09,1
2024-08-21,GEN-01,energie,23.94,1
2024-08-21,GEN-02,energie,24.0,1
2024-08-21,GEN-03,energie,22.3,1
2024-08-22,FOR-01,forage,0.0,0
2024-08-22,FOR-02,forage,23.92,1
2024-08-22,FOR-03,forage,17.59,1
2024-08-22,FOR-04,forage,22.96,1
2024-08-22,PEL-01,chargement,14.77,1
2024-08-22,PEL-02,chargement,13.25,1
2024-08-22,PEL-03,chargement,17.66,1
2024-08-22,PEL-04,chargement,20.73,1
2024-08-22,PEL-05,chargement,23.81,1
2024-08-22,CAM-01,transport,19.42,1
2024-08-22,CAM-02,transport,15.99,1
2024-08-22,CAM-03,transport,20.2,1
2024-08-22,CAM-04,transport,17.58,1
2024-08-22,CAM-05,transport,20.22,1
2024-08-22,CAM-06,transport,16.78,1
2024-08-22,CAM-07,transport,21.46,1
2024-08-22,CAM-08,transport,14.91,1
2024-08-22,CAM-09,transport,16.15,1
2024-08-22,CAM-10,transport,17.36,1
2024-08-22,CAM-11,transport,18.83,1
2024-08-22,CAM-12,transport,17.71,1
2024-08-22,GEN-01,energie,22.69,1
2024-08-22,GEN-02,energie,20.94,1
2024-08-22,GEN-03,energie,19.13,1
2024-08-23,FOR-01,forage,24.0,1
2024-08-23,FOR-02,forage,17.22,1
2024-08-23,FOR-03,forage,22.98,1
2024-08-23,FOR-04,forage,17.64,1
2024-08-23,PEL-01,chargement,24.0,1
2024-08-23,PEL-02,chargement,24.0,1
2024-08-23,PEL-03,chargement,19.28,1
2024-08-23,PEL-04,chargement,17.96,1
2024-08-23,PEL-05,chargement,16.94,1
2024-08-23,CAM-01,transport,19.92,1
2024-08-23,CAM-02,transport,24.0,1
2024-08-23,CAM-03,transport,21.91,1
2024-08-23,CAM-04,transport,19.9,1
2024-08-23,CAM-05,transport,19.76,1
2024-08-23,CAM-06,transport,18.55,1
2024-08-23,CAM-07,transport,20.42,1
2024-08-23,CAM-08,transport,17.79,1
2024-08-23,CAM-09,transport,15.47,1
2024-08-23,CAM-10,transport,14.79,1
2024-08-23,CAM-11,transport,21.26,1
2024-08-23,CAM-12,transport,16.27,1
2024-08-23,GEN-01,energie,21.8,1
2024-08-23,GEN-02,energie,24.0,1
2024-08-23,GEN-03,energie,21.48,1
2024-08-24,FOR-01,forage,17.87,1
2024-08-24,FOR-02,forage,17.74,1
2024-08-24,FOR-03,forage,18.69,1
2024-08-24,FOR-04,forage,18.18,1
2024-08-24,PEL-01,chargement,15.94,1
2024-08-24,PEL-02,chargement,24.0,1
2024-08-24,PEL-03,chargement,19.68,1
2024-08-24,PEL-04,chargement,21.13,1
2024-08-24,PEL-05,chargement,15.43,1
2024-08-24,CAM-01,transport,0.0,0
2024-08-24,CAM-02,transport,18.13,1
2024-08-24,CAM-03,transport,17.52,1
2024-08-24,CAM-04,transport,16.58,1
2024-08-24,CAM-05,transport,17.19,1
2024-08-24,CAM-06,transport,19.34,1
2024-08-24,CAM-07,transport,11.5,1
2024-08-24,CAM-08,transport,14.49,1
2024-08-24,CAM-09,transport,22.01,1
2024-08-24,CAM-10,transport,15.83,1
2024-08-24,CAM-11,transport,21.61,1
2024-08-24,CAM-12,transport,17.35,1
2024-08-24,GEN-01,energie,24.0,1
2024-08-24,GEN-02,energie,22.79,1
2024-08-24,GEN-03,energie,22.95,1
2024-08-25,FOR-01,forage,15.81,1
2024-08-25,FOR-02,forage,13.77,1
2024-08-25,FOR-03,forage,17.7,1
2024-08-25,FOR-04,forage,18.01,1
2024-08-25,PEL-01,chargement,17.65,1
2024-08-25,PEL-02,chargement,23.33,1
2024-08-25,PEL-03,chargement,17.14,1
2024-08-25,PEL-04,chargement,16.06,1
2024-08-25,PEL-05,chargement,19.35,1
2024-08-25,CAM-01,transport,18.42,1
2024-08-25,CAM-02,transport,15.45,1
2024-08-25,CAM-03,transport,12.59,1
2024-08-25,CAM-04,transport,20.12,1
2024-08-25,CAM-05,transport,14.57,1
2024-08-25,CAM-06,transport,18.11,1
2024-08-25,CAM-07,transport,19.27,1
2024-08-25,CAM-08,transport,16.99,1
2024-08-25,CAM-09,transport,21.72,1
2024-08-25,CAM-10,transport,22.48,1
2024-08-25,CAM-11,transport,14.5,1
2024-08-25,CAM-12,transport,18.36,1
2024-08-25,GEN-01,energie,22.69,1
2024-08-25,GEN-02,energie,22.45,1
2024-08-25,GEN-03,energie,22.02,1
2024-08-26,FOR-01,forage,18.77,1
2024-08-26,FOR-02,forage,0.0,0
2024-08-26,FOR-03,forage,17.11,1
2024-08-26,FOR-04,forage,15.38,1
2024-08-26,PEL-01,chargement,21.85,1
2024-08-26,PEL-02,chargement,18.87,1
2024-08-26,PEL-03,chargement,19.2,1
2024-08-26,PEL-04,chargement,20.07,1
2024-08-26,PEL-05,chargement,18.51,1
2024-08-26,CAM-01,transport,14.47,1
2024-08-26,CAM-02,transport,18.24,1
2024-08-26,CAM-03,transport,13.22,1
2024-08-26,CAM-04,transport,20.67,1
2024-08-26,CAM-05,transport,19.45,1
2024-08-26,CAM-06,transport,14.38,1
2024-08-26,CAM-07,transport,20.0,1
2024-08-26,CAM-08,transport,8.0,1
2024-08-26,CAM-09,transport,12.53,1
2024-08-26,CAM-10,transport,19.76,1
2024-08-26,CAM-11,transport,11.71,1
2024-08-26,CAM-12,transport,17.42,1
2024-08-26,GEN-01,energie,22.67,1
2024-08-26,GEN-02,energie,23.34,1
2024-08-26,GEN-03,energie,18.64,1
2024-08-27,FOR-01,forage,16.18,1
2024-08-27,FOR-02,forage,18.98,1
2024-08-27,FOR-03,forage,24.0,1
2024-08-27,FOR-04,forage,17.71,1
2024-08-27,PEL-01,chargement,11.96,1
2024-08-27,PEL-02,chargement,13.02,1
2024-08-27,PEL-03,chargement,20.58,1
2024-08-27,PEL-04,chargement,15.46,1
2024-08-27,PEL-05,chargement,18.35,1
2024-08-27,CAM-01,transport,15.55,1
2024-08-27,CAM-02,transport,21.41,1
2024-08-27,CAM-03,transport,19.01,1
2024-08-27,CAM-04,transport,12.92,1
2024-08-27,CAM-05,transport,19.62,1
2024-08-27,CAM-06,transport,21.15,1
2024-08-27,CAM-07,transport,14.44,1
2024-08-27,CAM-08,transport,15.71,1
2024-08-27,CAM-09,transport,18.33,1
2024-08-27,CAM-10,transport,17.53,1
2024-08-27,CAM-11,transport,16.57,1
2024-08-27,CAM-12,transport,13.59,1
2024-08-27,GEN-01,energie,21.8,1
2024-08-27,GEN-02,energie,23.5,1
2024-08-27,GEN-03,energie,24.0,1
2024-08-28,FOR-01,forage,22.6,1
2024-08-28,FOR-02,forage,24.0,1
2024-08-28,FOR-03,forage,20.34,1
2024-08-28,FOR-04,forage,18.67,1
2024-08-28,PEL-01,chargement,20.29,1
2024-08-28,PEL-02,chargement,17.17,1
2024-08-28,PEL-03,chargement,21.82,1
2024-08-28,PEL-04,chargement,20.44,1
2024-08-28,PEL-05,chargement,20.66,1
2024-08-28,CAM-01,transport,16.78,1
2024-08-28,CAM-02,transport,19.33,1
2024-08-28,CAM-03,transport,14.96,1
2024-08-28,CAM-04,transport,14.58,1
2024-08-28,CAM-05,transport,20.19,1
2024-08-28,CAM-06,transport,24.0,1
2024-08-28,CAM-07,transport,17.79,1
2024-08-28,CAM-08,transport,20.91,1
2024-08-28,CAM-09,transport,18.51,1
2024-08-28,CAM-10,transport,16.54,1
2024-08-28,CAM-11,transport,18.25,1
2024-08-28,CAM-12,transport,20.54,1
2024-08-28,GEN-01,energie,18.68,1
2024-08-28,GEN-02,energie,24.0,1
2024-08-28,GEN-03,energie,18.73,1
2024-08-29,FOR-01,forage,20.06,1
2024-08-29,FOR-02,forage,21.36,1
2024-08-29,FOR-03,forage,15.37,1
2024-08-29,FOR-04,forage,16.15,1
2024-08-29,PEL-01,chargement,10.72,1
2024-08-29,PEL-02,chargement,16.52,1
2024-08-29,PEL-03,chargement,20.05,1
2024-08-29,PEL-04,chargement,20.45,1
2024-08-29,PEL-05,chargement,15.93,1
2024-08-29,CAM-01,transport,18.53,1
2024-08-29,CAM-02,transport,19.73,1
2024-08-29,CAM-03,transport,15.44,1
2024-08-29,CAM-04,transport,19.46,1
2024-08-29,CAM-05,transport,0.0,0
2024-08-29,CAM-06,transport,17.0,1
2024-08-29,CAM-07,transport,17.95,1
2024-08-29,CAM-08,transport,13.86,1
2024-08-29,CAM-09,transport,12.05,1
2024-08-29,CAM-10,transport,19.04,1
2024-08-29,CAM-11,transport,18.14,1
2024-08-29,CAM-12,transport,17.22,1
2024-08-29,GEN-01,energie,22.93,1
2024-08-29,GEN-02,energie,20.98,1
2024-08-29,GEN-03,energie,22.21,1
2024-08-30,FOR-01,forage,16.41,1
2024-08-30,FOR-02,forage,11.73,1
2024-08-30,FOR-03,forage,16.65,1
2024-08-30,FOR-04,forage,20.8,1
2024-08-30,PEL-01,chargement,16.92,1
2024-08-30,PEL-02,chargement,18.42,1
2024-08-30,PEL-03,chargement,18.96,1
2024-08-30,PEL-04,chargement,18.1,1
2024-08-30,PEL-05,chargement,19.63,1
2024-08-30,CAM-01,transport,18.01,1
2024-08-30,CAM-02,transport,21.72,1
2024-08-30,CAM-03,transport,17.53,1
2024-08-30,CAM-04,transport,17.27,1
2024-08-30,CAM-05,transport,18.63,1
2024-08-30,CAM-06,transport,16.68,1
2024-08-30,CAM-07,transport,15.85,1
2024-08-30,CAM-08,transport,20.05,1
2024-08-30,CAM-09,transport,17.03,1
2024-08-30,CAM-10,transport,18.5,1
2024-08-30,CAM-11,transport,19.84,1
2024-08-30,CAM-12,transport,18.64,1
2024-08-30,GEN-01,energie,23.41,1
2024-08-30,GEN-02,energie,22.32,1
2024-08-30,GEN-03,energie,24.0,1
2024-08-31,FOR-01,forage,18.15,1
2024-08-31,FOR-02,forage,20.36,1
2024-08-31,FOR-03,forage,19.24,1
2024-08-31,FOR-04,forage,0.0,0
2024-08-31,PEL-01,chargement,18.41,1
2024-08-31,PEL-02,chargement,0.0,0
2024-08-31,PEL-03,chargement,21.18,1
2024-08-31,PEL-04,chargement,15.34,1
2024-08-31,PEL-05,chargement,15.63,1
2024-08-31,CAM-01,transport,19.16,1
2024-08-31,CAM-02,transport,19.27,1
2024-08-31,CAM-03,transport,19.6,1
2024-08-31,CAM-04,transport,16.5,1
2024-08-31,CAM-05,transport,16.67,1
2024-08-31,CAM-06,transport,13.07,1
2024-08-31,CAM-07,transport,18.09,1
2024-08-31,CAM-08,transport,18.21,1
2024-08-31,CAM-09,transport,18.86,1
2024-08-31,CAM-10,transport,17.68,1
2024-08-31,CAM-11,transport,19.21,1
2024-08-31,CAM-12,transport,12.27,1
2024-08-31,GEN-01,energie,22.68,1
2024-08-31,GEN-02,energie,22.63,1
2024-08-31,GEN-03,energie,24.0,1
2024-09-01,FOR-01,forage,21.1,1
2024-09-01,FOR-02,forage,16.69,1
2024-09-01,FOR-03,forage,22.47,1
2024-09-01,FOR-04,forage,12.8,1
2024-09-01,PEL-01,chargement,18.6,1
2024-09-01,PEL-02,chargement,18.19,1
2024-09-01,PEL-03,chargement,23.6,1
2024-09-01,PEL-04,chargement,12.95,1
2024-09-01,PEL-05,chargement,17.72,1
2024-09-01,CAM-01,transport,19.86,1
2024-09-01,CAM-02,transport,20.6,1
2024-09-01,CAM-03,transport,16.97,1
2024-09-01,CAM-04,transport,20.13,1
2024-09-01,CAM-05,transport,11.96,1
2024-09-01,CAM-06,transport,11.03,1
2024-09-01,CAM-07,transport,17.44,1
2024-09-01,CAM-08,transport,19.18,1
2024-09-01,CAM-09,transport,21.37,1
2024-09-01,CAM-10,transport,19.48,1
2024-09-01,CAM-11,transport,12.76,1
2024-09-01,CAM-12,transport,16.85,1
2024-09-01,GEN-01,energie,19.99,1
2024-09-01,GEN-02,energie,24.0,1
2024-09-01,GEN-03,energie,18.02,1
2024-09-02,FOR-01,forage,12.43,1
2024-09-02,FOR-02,forage,16.16,1
2024-09-02,FOR-03,forage,17.79,1
2024-09-02,FOR-04,forage,23.41,1
2024-09-02,PEL-01,chargement,0.0,0
2024-09-02,PEL-02,chargement,20.53,1
2024-09-02,PEL-03,chargement,21.12,1
2024-09-02,PEL-04,chargement,21.5,1
2024-09-02,PEL-05,chargement,19.91,1
2024-09-02,CAM-01,transport,17.64,1
2024-09-02,CAM-02,transport,20.75,1
2024-09-02,CAM-03,transport,14.51,1
2024-09-02,CAM-04,transport,21.21,1
2024-09-02,CAM-05,transport,17.17,1
2024-09-02,CAM-06,transport,22.39,1
2024-09-02,CAM-07,transport,19.32,1
2024-09-02,CAM-08,transport,19.91,1
2024-09-02,CAM-09,transport,14.39,1
2024-09-02,CAM-10,transport,21.12,1
2024-09-02,CAM-11,transport,19.78,1
2024-09-02,CAM-12,transport,20.31,1
2024-09-02,GEN-01,energie,19.89,1
2024-09-02,GEN-02,energie,20.93,1
2024-09-02,GEN-03,energie,24.0,1
2024-09-03,FOR-01,forage,15.43,1
2024-09-03,FOR-02,forage,16.46,1
2024-09-03,FOR-03,forage,0.0,0
2024-09-03,FOR-04,forage,22.84,1
2024-09-03,PEL-01,chargement,17.38,1
2024-09-03,PEL-02,chargement,0.0,0
2024-09-03,PEL-03,chargement,17.29,1
2024-09-03,PEL-04,chargement,14.16,1
2024-09-03,PEL-05,chargement,20.05,1
2024-09-03,CAM-01,transport,15.26,1
2024-09-03,CAM-02,transport,11.95,1
2024-09-03,CAM-03,transport,15.6,1
2024-09-03,CAM-04,transport,12.4,1
2024-09-03,CAM-05,transport,19.48,1
2024-09-03,CAM-06,transport,10.63,1
2024-09-03,CAM-07,transport,18.38,1
2024-09-03,CAM-08,transport,19.45,1
2024-09-03,CAM-09,transport,17.29,1
2024-09-03,CAM-10,transport,20.48,1
2024-09-03,CAM-11,transport,18.13,1
2024-09-03,CAM-12,transport,15.21,1
2024-09-03,GEN-01,energie,22.72,1
2024-09-03,GEN-02,energie,22.05,1
2024-09-03,GEN-03,energie,23.38,1
2024-09-04,FOR-01,forage,15.47,1
2024-09-04,FOR-02,forage,16.1,1
2024-09-04,FOR-03,forage,19.96,1
2024-09-04,FOR-04,forage,24.0,1
2024-09-04,PEL-01,chargement,15.58,1
2024-09-04,PEL-02,chargement,12.69,1
2024-09-04,PEL-03,chargement,20.02,1
2024-09-04,PEL-04,chargement,18.34,1
2024-09-04,PEL-05,chargement,19.21,1
2024-09-04,CAM-01,transport,18.96,1
2024-09-04,CAM-02,transport,17.93,1
2024-09-04,CAM-03,transport,18.53,1
2024-09-04,CAM-04,transport,19.1,1
2024-09-04,CAM-05,transport,19.75,1
2024-09-04,CAM-06,transport,18.81,1
2024-09-04,CAM-07,transport,16.43,1
2024-09-04,CAM-08,transport,18.67,1
2024-09-04,CAM-09,transport,12.39,1
2024-09-04,CAM-10,transport,0.0,0
2024-09-04,CAM-11,transport,16.47,1
2024-09-04,CAM-12,transport,16.29,1
2024-09-04,GEN-01,energie,21.61,1
2024-09-04,GEN-02,energie,20.24,1
2024-09-04,GEN-03,energie,19.6,1
2024-09-05,FOR-01,forage,14.83,1
2024-09-05,FOR-02,forage,10.71,1
2024-09-05,FOR-03,forage,16.88,1
2024-09-05,FOR-04,forage,19.67,1
2024-09-05,PEL-01,chargement,18.99,1
2024-09-05,PEL-02,chargement,19.72,1
2024-09-05,PEL-03,chargement,8.9,1
2024-09-05,PEL-04,chargement,0.0,0
2024-09-05,PEL-05,chargement,17.61,1
2024-09-05,CAM-01,transport,20.0,1
2024-09-05,CAM-02,transport,21.46,1
2024-09-05,CAM-03,transport,13.66,1
2024-09-05,CAM-04,transport,16.33,1
2024-09-05,CAM-05,transport,17.06,1
2024-09-05,CAM-06,transport,19.62,1
2024-09-05,CAM-07,transport,19.25,1
2024-09-05,CAM-08,transport,16.87,1
2024-09-05,CAM-09,transport,19.03,1
2024-09-05,CAM-10,transport,19.12,1
2024-09-05,CAM-11,transport,14.12,1
2024-09-05,CAM-12,transport,12.09,1
2024-09-05,GEN-01,energie,20.34,1
2024-09-05,GEN-02,energie,23.04,1
2024-09-05,GEN-03,energie,0.0,0
2024-09-06,FOR-01,forage,17.09,1
2024-09-06,FOR-02,forage,12.7,1
2024-09-06,FOR-03,forage,16.35,1
2024-09-06,FOR-04,forage,19.03,1
2024-09-06,PEL-01,chargement,15.4,1
2024-09-06,PEL-02,chargement,16.4,1
2024-09-06,PEL-03,chargement,17.15,1
2024-09-06,PEL-04,chargement,21.0,1
2024-09-06,PEL-05,chargement,19.92,1
2024-09-06,CAM-01,transport,16.43,1
2024-09-06,CAM-02,transport,19.55,1
2024-09-06,CAM-03,transport,17.53,1
2024-09-06,CAM-04,transport,0.0,0
2024-09-06,CAM-05,transport,17.51,1
2024-09-06,CAM-06,transport,18.13,1
2024-09-06,CAM-07,transport,15.48,1
2024-09-06,CAM-08,transport,18.42,1
2024-09-06,CAM-09,transport,17.19,1
2024-09-06,CAM-10,transport,19.15,1
2024-09-06,CAM-11,transport,13.37,1
2024-09-06,CAM-12,transport,0.0,0
2024-09-06,GEN-01,energie,21.38,1
2024-09-06,GEN-02,energie,24.0,1
2024-09-06,GEN-03,energie,20.11,1
2024-09-07,FOR-01,forage,18.88,1
2024-09-07,FOR-02,forage,23.43,1
2024-09-07,FOR-03,forage,18.85,1
2024-09-07,FOR-04,forage,17.57,1
2024-09-07,PEL-01,chargement,12.83,1
2024-09-07,PEL-02,chargement,16.59,1
2024-09-07,PEL-03,chargement,18.81,1
2024-09-07,PEL-04,chargement,18.08,1
2024-09-07,PEL-05,chargement,16.64,1
2024-09-07,CAM-01,transport,18.67,1
2024-09-07,CAM-02,transport,19.47,1
2024-09-07,CAM-03,transport,16.11,1
2024-09-07,CAM-04,transport,14.02,1
2024-09-07,CAM-05,transport,15.49,1
2024-09-07,CAM-06,transport,15.27,1
2024-09-07,CAM-07,transport,0.0,0
2024-09-07,CAM-08,transport,24.0,1
2024-09-07,CAM-09,transport,23.73,1
2024-09-07,CAM-10,transport,17.02,1
2024-09-07,CAM-11,transport,14.24,1
2024-09-07,CAM-12,transport,19.05,1
2024-09-07,GEN-01,energie,24.0,1
2024-09-07,GEN-02,energie,19.06,1
2024-09-07,GEN-03,energie,20.78,1
2024-09-08,FOR-01,forage,22.17,1
2024-09-08,FOR-02,forage,14.98,1
2024-09-08,FOR-03,forage,24.0,1
2024-09-08,FOR-04,forage,19.44,1
2024-09-08,PEL-01,chargement,17.65,1
2024-09-08,PEL-02,chargement,21.31,1
2024-09-08,PEL-03,chargement,18.36,1
2024-09-08,PEL-04,chargement,21.45,1
2024-09-08,PEL-05,chargement,20.5,1
2024-09-08,CAM-01,transport,21.59,1
2024-09-08,CAM-02,transport,16.43,1
2024-09-08,CAM-03,transport,19.51,1
2024-09-08,CAM-04,transport,0.0,0
2024-09-08,CAM-05,transport,20.19,1
2024-09-08,CAM-06,transport,14.08,1
2024-09-08,CAM-07,transport,21.22,1
2024-09-08,CAM-08,transport,13.47,1
2024-09-08,CAM-09,transport,17.34,1
2024-09-08,CAM-10,transport,20.01,1
2024-09-08,CAM-11,transport,20.02,1
2024-09-08,CAM-12,transport,18.17,1
2024-09-08,GEN-01,energie,23.82,1
2024-09-08,GEN-02,energie,24.0,1
2024-09-08,GEN-03,energie,23.29,1
2024-09-09,FOR-01,forage,17.31,1
2024-09-09,FOR-02,forage,21.26,1
2024-09-09,FOR-03,forage,21.55,1
2024-09-09,FOR-04,forage,14.87,1
2024-09-09,PEL-01,chargement,19.76,1
2024-09-09,PEL-02,chargement,17.26,1
2024-09-09,PEL-03,chargement,23.33,1
2024-09-09,PEL-04,chargement,17.54,1
2024-09-09,PEL-05,chargement,17.71,1
2024-09-09,CAM-01,transport,19.05,1
2024-09-09,CAM-02,transport,12.34,1
2024-09-09,CAM-03,transport,19.57,1
2024-09-09,CAM-04,transport,18.91,1
2024-09-09,CAM-05,transport,21.73,1
2024-09-09,CAM-06,transport,19.59,1
2024-09-09,CAM-07,transport,20.96,1
2024-09-09,CAM-08,transport,19.15,1
2024-09-09,CAM-09,transport,20.72,1
2024-09-09,CAM-10,transport,16.43,1
2024-09-09,CAM-11,transport,21.32,1
2024-09-09,CAM-12,transport,17.55,1
2024-09-09,GEN-01,energie,22.44,1
2024-09-09,GEN-02,energie,23.69,1
2024-09-09,GEN-03,energie,23.51,1
2024-09-10,FOR-01,forage,17.61,1
2024-09-10,FOR-02,forage,13.78,1
2024-09-10,FOR-03,forage,13.96,1
2024-09-10,FOR-04,forage,17.35,1
2024-09-10,PEL-01,chargement,15.33,1
2024-09-10,PEL-02,chargement,21.96,1
2024-09-10,PEL-03,chargement,18.57,1
2024-09-10,PEL-04,chargement,22.19,1
2024-09-10,PEL-05,chargement,0.0,0
2024-09-10,CAM-01,transport,20.89,1
2024-09-10,CAM-02,transport,9.65,1
2024-09-10,CAM-03,transport,15.69,1
2024-09-10,CAM-04,transport,18.49,1
2024-09-10,CAM-05,transport,17.34,1
2024-09-10,CAM-06,transport,19.34,1
2024-09-10,CAM-07,transport,18.21,1
2024-09-10,CAM-08,transport,16.29,1
2024-09-10,CAM-09,transport,22.29,1
2024-09-10,CAM-10,transport,22.55,1
2024-09-10,CAM-11,transport,17.72,1
2024-09-10,CAM-12,transport,21.85,1
2024-09-10,GEN-01,energie,20.4,1
2024-09-10,GEN-02,energie,19.81,1
2024-09-10,GEN-03,energie,20.78,1
2024-09-11,FOR-01,forage,14.71,1
2024-09-11,FOR-02,forage,17.03,1
2024-09-11,FOR-03,forage,15.6,1
2024-09-11,FOR-04,forage,19.37,1
2024-09-11,PEL-01,chargement,24.0,1
2024-09-11,PEL-02,chargement,17.02,1
2024-09-11,PEL-03,chargement,19.69,1
2024-09-11,PEL-04,chargement,22.16,1
2024-09-11,PEL-05,chargement,17.84,1
2024-09-11,CAM-01,transport,20.67,1
2024-09-11,CAM-02,transport,20.26,1
2024-09-11,CAM-03,transport,16.48,1
2024-09-11,CAM-04,transport,15.12,1
2024-09-11,CAM-05,transport,17.69,1
2024-09-11,CAM-06,transport,0.0,0
2024-09-11,CAM-07,transport,23.64,1
2024-09-11,CAM-08,transport,0.0,0
2024-09-11,CAM-09,transport,12.39,1
2024-09-11,CAM-10,transport,16.73,1
2024-09-11,CAM-11,transport,18.5,1
2024-09-11,CAM-12,transport,17.64,1
2024-09-11,GEN-01,energie,18.85,1
2024-09-11,GEN-02,energie,24.0,1
2024-09-11,GEN-03,energie,21.77,1
2024-09-12,FOR-01,forage,19.73,1
2024-09-12,FOR-02,forage,16.09,1
2024-09-12,FOR-03,forage,17.7,1
2024-09-12,FOR-04,forage,16.57,1
2024-09-12,PEL-01,chargement,22.23,1
2024-09-12,PEL-02,chargement,22.14,1
2024-09-12,PEL-03,chargement,22.62,1
2024-09-12,PEL-04,chargement,24.0,1
2024-09-12,PEL-05,chargement,14.19,1
2024-09-12,CAM-01,transport,24.0,1
2024-09-12,CAM-02,transport,21.41,1
2024-09-12,CAM-03,transport,18.91,1
2024-09-12,CAM-04,transport,19.08,1
2024-09-12,CAM-05,transport,18.65,1
2024-09-12,CAM-06,transport,15.41,1
2024-09-12,CAM-07,transport,0.0,0
2024-09-12,CAM-08,transport,17.09,1
2024-09-12,CAM-09,transport,18.76,1
2024-09-12,CAM-10,transport,22.29,1
2024-09-12,CAM-11,transport,17.88,1
2024-09-12,CAM-12,transport,11.68,1
2024-09-12,GEN-01,energie,22.64,1
2024-09-12,GEN-02,energie,20.18,1
2024-09-12,GEN-03,energie,0.0,0
2024-09-13,FOR-01,forage,18.71,1
2024-09-13,FOR-02,forage,18.84,1
2024-09-13,FOR-03,forage,18.54,1
2024-09-13,FOR-04,forage,16.18,1
2024-09-13,PEL-01,chargement,12.65,1
2024-09-13,PEL-02,chargement,13.69,1
2024-09-13,PEL-03,chargement,22.01,1
2024-09-13,PEL-04,chargement,15.9,1
2024-09-13,PEL-05,chargement,17.64,1
2024-09-13,CAM-01,transport,20.09,1
2024-09-13,CAM-02,transport,9.69,1
2024-09-13,CAM-03,transport,14.09,1
2024-09-13,CAM-04,transport,18.77,1
2024-09-13,CAM-05,transport,11.01,1
2024-09-13,CAM-06,transport,14.87,1
2024-09-13,CAM-07,transport,20.61,1
2024-09-13,CAM-08,transport,18.48,1
2024-09-13,CAM-09,transport,0.0,0
2024-09-13,CAM-10,transport,19.77,1
2024-09-13,CAM-11,transport,19.58,1
2024-09-13,CAM-12,transport,21.01,1
2024-09-13,GEN-01,energie,23.75,1
2024-09-13,GEN-02,energie,21.27,1
2024-09-13,GEN-03,energie,24.0,1
2024-09-14,FOR-01,forage,21.78,1
2024-09-14,FOR-02,forage,19.67,1
2024-09-14,FOR-03,forage,11.61,1
2024-09-14,FOR-04,forage,15.14,1
2024-09-14,PEL-01,chargement,13.05,1
2024-09-14,PEL-02,chargement,17.35,1
2024-09-14,PEL-03,chargement,15.34,1
2024-09-14,PEL-04,chargement,20.74,1
2024-09-14,PEL-05,chargement,15.64,1
2024-09-14,CAM-01,transport,16.22,1
2024-09-14,CAM-02,transport,14.95,1
2024-09-14,CAM-03,transport,19.08,1
2024-09-14,CAM-04,transport,13.67,1
2024-09-14,CAM-05,transport,13.62,1
2024-09-14,CAM-06,transport,13.81,1
2024-09-14,CAM-07,transport,17.16,1
2024-09-14,CAM-08,transport,20.84,1
2024-09-14,CAM-09,transport,18.19,1
2024-09-14,CAM-10,transport,21.94,1
2024-09-14,CAM-11,transport,16.05,1
2024-09-14,CAM-12,transport,18.43,1
2024-09-14,GEN-01,energie,20.99,1
2024-09-14,GEN-02,energie,19.06,1
2024-09-14,GEN-03,energie,22.88,1
2024-09-15,FOR-01,forage,18.79,1
2024-09-15,FOR-02,forage,18.75,1
2024-09-15,FOR-03,forage,19.51,1
2024-09-15,FOR-04,forage,24.0,1
2024-09-15,PEL-01,chargement,16.58,1
2024-09-15,PEL-02,chargement,19.61,1
2024-09-15,PEL-03,chargement,22.83,1
2024-09-15,PEL-04,chargement,17.28,1
2024-09-15,PEL-05,chargement,24.0,1
2024-09-15,CAM-01,transport,17.04,1
2024-09-15,CAM-02,transport,9.76,1
2024-09-15,CAM-03,transport,15.24,1
2024-09-15,CAM-04,transport,21.93,1
2024-09-15,CAM-05,transport,18.21,1
2024-09-15,CAM-06,transport,19.02,1
2024-09-15,CAM-07,transport,24.0,1
2024-09-15,CAM-08,transport,16.44,1
2024-09-15,CAM-09,transport,11.2,1
2024-09-15,CAM-10,transport,17.82,1
2024-09-15,CAM-11,transport,20.19,1
2024-09-15,CAM-12,transport,15.72,1
2024-09-15,GEN-01,energie,0.0,0
2024-09-15,GEN-02,energie,24.0,1
2024-09-15,GEN-03,energie,23.68,1
2024-09-16,FOR-01,forage,21.87,1
2024-09-16,FOR-02,forage,20.99,1
2024-09-16,FOR-03,forage,23.39,1
2024-09-16,FOR-04,forage,19.19,1
2024-09-16,PEL-01,chargement,19.64,1
2024-09-16,PEL-02,chargement,20.86,1
2024-09-16,PEL-03,chargement,17.47,1
2024-09-16,PEL-04,chargement,19.15,1
2024-09-16,PEL-05,chargement,18.58,1
2024-09-16,CAM-01,transport,18.87,1
2024-09-16,CAM-02,transport,19.7,1
2024-09-16,CAM-03,transport,14.19,1
2024-09-16,CAM-04,transport,20.81,1
2024-09-16,CAM-05,transport,16.92,1
2024-09-16,CAM-06,transport,20.51,1
2024-09-16,CAM-07,transport,20.49,1
2024-09-16,CAM-08,transport,19.6,1
2024-09-16,CAM-09,transport,0.0,0
2024-09-16,CAM-10,transport,14.73,1
2024-09-16,CAM-11,transport,15.12,1
2024-09-16,CAM-12,transport,22.51,1
2024-09-16,GEN-01,energie,0.0,0
2024-09-16,GEN-02,energie,17.47,1
2024-09-16,GEN-03,energie,24.0,1
2024-09-17,FOR-01,forage,19.88,1
2024-09-17,FOR-02,forage,19.37,1
2024-09-17,FOR-03,forage,15.96,1
2024-09-17,FOR-04,forage,18.0,1
2024-09-17,PEL-01,chargement,17.17,1
2024-09-17,PEL-02,chargement,16.7,1
2024-09-17,PEL-03,chargement,19.25,1
2024-09-17,PEL-04,chargement,15.98,1
2024-09-17,PEL-05,chargement,24.0,1
2024-09-17,CAM-01,transport,13.68,1
2024-09-17,CAM-02,transport,17.68,1
2024-09-17,CAM-03,transport,15.0,1
2024-09-17,CAM-04,transport,17.07,1
2024-09-17,CAM-05,transport,22.88,1
2024-09-17,CAM-06,transport,17.66,1
2024-09-17,CAM-07,transport,19.9,1
2024-09-17,CAM-08,transport,18.96,1
2024-09-17,CAM-09,transport,17.33,1
2024-09-17,CAM-10,transport,11.37,1
2024-09-17,CAM-11,transport,21.24,1
2024-09-17,CAM-12,transport,19.17,1
2024-09-17,GEN-01,energie,24.0,1
2024-09-17,GEN-02,energie,20.61,1
2024-09-17,GEN-03,energie,19.86,1
2024-09-18,FOR-01,forage,17.6,1
2024-09-18,FOR-02,forage,10.04,1
2024-09-18,FOR-03,forage,14.18,1
2024-09-18,FOR-04,forage,15.49,1
2024-09-18,PEL-01,chargement,17.18,1
2024-09-18,PEL-02,chargement,19.27,1
2024-09-18,PEL-03,chargement,16.63,1
2024-09-18,PEL-04,chargement,19.31,1
2024-09-18,PEL-05,chargement,21.57,1
2024-09-18,CAM-01,transport,19.73,1
2024-09-18,CAM-02,transport,19.61,1
2024-09-18,CAM-03,transport,21.36,1
2024-09-18,CAM-04,transport,16.94,1
2024-09-18,CAM-05,transport,14.45,1
2024-09-18,CAM-06,transport,19.76,1
2024-09-18,CAM-07,transport,17.49,1
2024-09-18,CAM-08,transport,17.23,1
2024-09-18,CAM-09,transport,16.53,1
2024-09-18,CAM-10,transport,14.01,1
2024-09-18,CAM-11,transport,16.33,1
2024-09-18,CAM-12,transport,18.88,1
2024-09-18,GEN-01,energie,20.6,1
2024-09-18,GEN-02,energie,16.86,1
2024-09-18,GEN-03,energie,20.89,1
2024-09-19,FOR-01,forage,17.85,1
2024-09-19,FOR-02,forage,20.32,1
2024-09-19,FOR-03,forage,19.78,1
2024-09-19,FOR-04,forage,24.0,1
2024-09-19,PEL-01,chargement,18.57,1
2024-09-19,PEL-02,chargement,19.31,1
2024-09-19,PEL-03,chargement,21.44,1
2024-09-19,PEL-04,chargement,19.22,1
2024-09-19,PEL-05,chargement,16.78,1
2024-09-19,CAM-01,transport,19.66,1
2024-09-19,CAM-02,transport,20.9,1
2024-09-19,CAM-03,transport,0.0,0
2024-09-19,CAM-04,transport,12.01,1
2024-09-19,CAM-05,transport,16.37,1
2024-09-19,CAM-06,transport,18.85,1
2024-09-19,CAM-07,transport,16.84,1
2024-09-19,CAM-08,transport,19.72,1
2024-09-19,CAM-09,transport,18.6,1
2024-09-19,CAM-10,transport,19.48,1
2024-09-19,CAM-11,transport,17.17,1
2024-09-19,CAM-12,transport,16.0,1
2024-09-19,GEN-01,energie,19.92,1
2024-09-19,GEN-02,energie,22.92,1
2024-09-19,GEN-03,energie,24.0,1
2024-09-20,FOR-01,forage,17.96,1
2024-09-20,FOR-02,forage,24.0,1
2024-09-20,FOR-03,forage,19.25,1
2024-09-20,FOR-04,forage,24.0,1
2024-09-20,PEL-01,chargement,21.72,1
2024-09-20,PEL-02,chargement,14.68,1
2024-09-20,PEL-03,chargement,20.29,1
2024-09-20,PEL-04,chargement,13.84,1
2024-09-20,PEL-05,chargement,19.69,1
2024-09-20,CAM-01,transport,19.26,1
2024-09-20,CAM-02,transport,17.02,1
2024-09-20,CAM-03,transport,15.29,1
2024-09-20,CAM-04,transport,18.45,1
2024-09-20,CAM-05,transport,21.2,1
2024-09-20,CAM-06,transport,20.51,1
2024-09-20,CAM-07,transport,13.73,1
2024-09-20,CAM-08,transport,16.5,1
2024-09-20,CAM-09,transport,21.47,1
2024-09-20,CAM-10,transport,21.09,1
2024-09-20,CAM-11,transport,13.46,1
2024-09-20,CAM-12,transport,18.51,1
2024-09-20,GEN-01,energie,24.0,1
2024-09-20,GEN-02,energie,23.92,1
2024-09-20,GEN-03,energie,21.14,1
2024-09-21,FOR-01,forage,17.07,1
2024-09-21,FOR-02,forage,20.79,1
2024-09-21,FOR-03,forage,17.07,1
2024-09-21,FOR-04,forage,0.0,0
2024-09-21,PEL-01,chargement,14.09,1
2024-09-21,PEL-02,chargement,14.49,1
2024-09-21,PEL-03,chargement,13.31,1
2024-09-21,PEL-04,chargement,21.06,1
2024-09-21,PEL-05,chargement,18.76,1
2024-09-21,CAM-01,transport,16.79,1
2024-09-21,CAM-02,transport,22.27,1
2024-09-21,CAM-03,transport,0.0,0
2024-09-21,CAM-04,transport,16.91,1
2024-09-21,CAM-05,transport,20.01,1
2024-09-21,CAM-06,transport,19.07,1
2024-09-21,CAM-07,transport,22.6,1
2024-09-21,CAM-08,transport,23.24,1
2024-09-21,CAM-09,transport,13.53,1
2024-09-21,CAM-10,transport,17.78,1
2024-09-21,CAM-11,transport,14.11,1
2024-09-21,CAM-12,transport,24.0,1
2024-09-21,GEN-01,energie,20.19,1
2024-09-21,GEN-02,energie,19.96,1
2024-09-21,GEN-03,energie,21.51,1
2024-09-22,FOR-01,forage,17.09,1
2024-09-22,FOR-02,forage,17.15,1
2024-09-22,FOR-03,forage,12.6,1
2024-09-22,FOR-04,forage,16.73,1
2024-09-22,PEL-01,chargement,21.79,1
2024-09-22,PEL-02,chargement,23.81,1
2024-09-22,PEL-03,chargement,22.27,1
2024-09-22,PEL-04,chargement,19.45,1
2024-09-22,PEL-05,chargement,16.26,1
2024-09-22,CAM-01,transport,19.67,1
2024-09-22,CAM-02,transport,14.84,1
2024-09-22,CAM-03,transport,17.63,1
2024-09-22,CAM-04,transport,19.25,1
2024-09-22,CAM-05,transport,20.02,1
2024-09-22,CAM-06,transport,14.68,1
2024-09-22,CAM-07,transport,14.3,1
2024-09-22,CAM-08,transport,16.01,1
2024-09-22,CAM-09,transport,16.86,1
2024-09-22,CAM-10,transport,22.22,1
2024-09-22,CAM-11,transport,11.97,1
2024-09-22,CAM-12,transport,16.1,1
2024-09-22,GEN-01,energie,21.2,1
2024-09-22,GEN-02,energie,21.67,1
2024-09-22,GEN-03,energie,24.0,1
2024-09-23,FOR-01,forage,0.0,0
2024-09-23,FOR-02,forage,19.65,1
2024-09-23,FOR-03,forage,23.09,1
2024-09-23,FOR-04,forage,22.61,1
2024-09-23,PEL-01,chargement,24.0,1
2024-09-23,PEL-02,chargement,12.79,1
2024-09-23,PEL-03,chargement,14.86,1
2024-09-23,PEL-04,chargement,18.58,1
2024-09-23,PEL-05,chargement,13.28,1
2024-09-23,CAM-01,transport,17.12,1
2024-09-23,CAM-02,transport,21.23,1
2024-09-23,CAM-03,transport,17.0,1
2024-09-23,CAM-04,transport,17.53,1
2024-09-23,CAM-05,transport,20.89,1
2024-09-23,CAM-06,transport,20.06,1
2024-09-23,CAM-07,transport,17.03,1
2024-09-23,CAM-08,transport,13.07,1
2024-09-23,CAM-09,transport,22.14,1
2024-09-23,CAM-10,transport,17.17,1
2024-09-23,CAM-11,transport,18.01,1
2024-09-23,CAM-12,transport,19.18,1
2024-09-23,GEN-01,energie,23.91,1
2024-09-23,GEN-02,energie,24.0,1
2024-09-23,GEN-03,energie,21.99,1
2024-09-24,FOR-01,forage,16.34,1
2024-09-24,FOR-02,forage,0.0,0
2024-09-24,FOR-03,forage,0.0,0
2024-09-24,FOR-04,forage,18.4,1
2024-09-24,PEL-01,chargement,17.73,1
2024-09-24,PEL-02,chargement,15.79,1
2024-09-24,PEL-03,chargement,19.46,1
2024-09-24,PEL-04,chargement,21.36,1
2024-09-24,PEL-05,chargement,20.59,1
2024-09-24,CAM-01,transport,19.37,1
2024-09-24,CAM-02,transport,19.44,1
2024-09-24,CAM-03,transport,13.8,1
2024-09-24,CAM-04,transport,19.34,1
2024-09-24,CAM-05,transport,21.32,1
2024-09-24,CAM-06,transport,20.98,1
2024-09-24,CAM-07,transport,13.83,1
2024-09-24,CAM-08,transport,21.68,1
2024-09-24,CAM-09,transport,11.54,1
2024-09-24,CAM-10,transport,16.17,1
2024-09-24,CAM-11,transport,15.0,1
2024-09-24,CAM-12,transport,20.71,1
2024-09-24,GEN-01,energie,24.0,1
2024-09-24,GEN-02,energie,21.9,1
2024-09-24,GEN-03,energie,24.0,1
2024-09-25,FOR-01,forage,18.63,1
2024-09-25,FOR-02,forage,22.82,1
2024-09-25,FOR-03,forage,16.26,1
2024-09-25,FOR-04,forage,15.49,1
2024-09-25,PEL-01,chargement,13.17,1
2024-09-25,PEL-02,chargement,14.56,1
2024-09-25,PEL-03,chargement,20.14,1
2024-09-25,PEL-04,chargement,17.49,1
2024-09-25,PEL-05,chargement,22.8,1
2024-09-25,CAM-01,transport,21.93,1
2024-09-25,CAM-02,transport,18.23,1
2024-09-25,CAM-03,transport,16.17,1
2024-09-25,CAM-04,transport,17.36,1
2024-09-25,CAM-05,transport,15.1,1
2024-09-25,CAM-06,transport,20.01,1
2024-09-25,CAM-07,transport,17.96,1
2024-09-25,CAM-08,transport,16.94,1
2024-09-25,CAM-09,transport,18.62,1
2024-09-25,CAM-10,transport,19.84,1
2024-09-25,CAM-11,transport,20.32,1
2024-09-25,CAM-12,transport,16.98,1
2024-09-25,GEN-01,energie,19.62,1
2024-09-25,GEN-02,energie,24.0,1
2024-09-25,GEN-03,energie,19.87,1
2024-09-26,FOR-01,forage,15.1,1
2024-09-26,FOR-02,forage,16.44,1
2024-09-26,FOR-03,forage,18.51,1
2024-09-26,FOR-04,forage,19.77,1
2024-09-26,PEL-01,chargement,18.67,1
2024-09-26,PEL-02,chargement,13.74,1
2024-09-26,PEL-03,chargement,18.93,1
2024-09-26,PEL-04,chargement,21.0,1
2024-09-26,PEL-05,chargement,18.75,1
2024-09-26,CAM-01,transport,15.74,1
2024-09-26,CAM-02,transport,21.53,1
2024-09-26,CAM-03,transport,13.18,1
2024-09-26,CAM-04,transport,20.8,1
2024-09-26,CAM-05,transport,16.76,1
2024-09-26,CAM-06,transport,15.8,1
2024-09-26,CAM-07,transport,13.67,1
2024-09-26,CAM-08,transport,23.05,1
2024-09-26,CAM-09,transport,20.1,1
2024-09-26,CAM-10,transport,0.0,0
2024-09-26,CAM-11,transport,20.21,1
2024-09-26,CAM-12,transport,14.66,1
2024-09-26,GEN-01,energie,22.2,1
2024-09-26,GEN-02,energie,21.62,1
2024-09-26,GEN-03,energie,23.02,1
2024-09-27,FOR-01,forage,13.22,1
2024-09-27,FOR-02,forage,17.18,1
2024-09-27,FOR-03,forage,21.37,1
2024-09-27,FOR-04,forage,20.73,1
2024-09-27,PEL-01,chargement,14.13,1
2024-09-27,PEL-02,chargement,19.91,1
2024-09-27,PEL-03,chargement,13.97,1
2024-09-27,PEL-04,chargement,9.4,1
2024-09-27,PEL-05,chargement,17.17,1
2024-09-27,CAM-01,transport,17.98,1
2024-09-27,CAM-02,transport,17.43,1
2024-09-27,CAM-03,transport,16.5,1
2024-09-27,CAM-04,transport,18.29,1
2024-09-27,CAM-05,transport,8.09,1
2024-09-27,CAM-06,transport,14.19,1
2024-09-27,CAM-07,transport,16.51,1
2024-09-27,CAM-08,transport,16.36,1
2024-09-27,CAM-09,transport,19.48,1
2024-09-27,CAM-10,transport,16.19,1
2024-09-27,CAM-11,transport,14.0,1
2024-09-27,CAM-12,transport,12.99,1
2024-09-27,GEN-01,energie,20.3,1
2024-09-27,GEN-02,energie,0.0,0
2024-09-27,GEN-03,energie,22.55,1
2024-09-28,FOR-01,forage,16.16,1
2024-09-28,FOR-02,forage,14.4,1
2024-09-28,FOR-03,forage,19.07,1
2024-09-28,FOR-04,forage,11.83,1
2024-09-28,PEL-01,chargement,19.76,1
2024-09-28,PEL-02,chargement,16.1,1
2024-09-28,PEL-03,chargement,16.32,1
2024-09-28,PEL-04,chargement,20.42,1
2024-09-28,PEL-05,chargement,18.72,1
2024-09-28,CAM-01,transport,18.58,1
2024-09-28,CAM-02,transport,19.71,1
2024-09-28,CAM-03,transport,21.42,1
2024-09-28,CAM-04,transport,22.23,1
2024-09-28,CAM-05,transport,17.4,1
2024-09-28,CAM-06,transport,22.29,1
2024-09-28,CAM-07,transport,18.32,1
2024-09-28,CAM-08,transport,17.55,1
2024-09-28,CAM-09,transport,20.3,1
2024-09-28,CAM-10,transport,14.17,1
2024-09-28,CAM-11,transport,19.62,1
2024-09-28,CAM-12,transport,21.08,1
2024-09-28,GEN-01,energie,22.57,1
2024-09-28,GEN-02,energie,22.25,1
2024-09-28,GEN-03,energie,23.36,1
2024-09-29,FOR-01,forage,16.5,1
2024-09-29,FOR-02,forage,20.02,1
2024-09-29,FOR-03,forage,24.0,1
2024-09-29,FOR-04,forage,18.88,1
2024-09-29,PEL-01,chargement,12.87,1
2024-09-29,PEL-02,chargement,17.92,1
2024-09-29,PEL-03,chargement,17.53,1
2024-09-29,PEL-04,chargement,23.24,1
2024-09-29,PEL-05,chargement,17.48,1
2024-09-29,CAM-01,transport,14.43,1
2024-09-29,CAM-02,transport,0.0,0
2024-09-29,CAM-03,transport,15.88,1
2024-09-29,CAM-04,transport,16.07,1
2024-09-29,CAM-05,transport,11.6,1
2024-09-29,CAM-06,transport,16.89,1
2024-09-29,CAM-07,transport,16.73,1
2024-09-29,CAM-08,transport,18.08,1
2024-09-29,CAM-09,transport,14.87,1
2024-09-29,CAM-10,transport,17.28,1
2024-09-29,CAM-11,transport,19.68,1
2024-09-29,CAM-12,transport,23.34,1
2024-09-29,GEN-01,energie,0.0,0
2024-09-29,GEN-02,energie,24.0,1
2024-09-29,GEN-03,energie,23.52,1
2024-09-30,FOR-01,forage,0.0,0
2024-09-30,FOR-02,forage,17.06,1
2024-09-30,FOR-03,forage,19.85,1
2024-09-30,FOR-04,forage,13.95,1
2024-09-30,PEL-01,chargement,16.88,1
2024-09-30,PEL-02,chargement,15.57,1
2024-09-30,PEL-03,chargement,17.15,1
2024-09-30,PEL-04,chargement,17.61,1
2024-09-30,PEL-05,chargement,21.09,1
2024-09-30,CAM-01,transport,19.96,1
2024-09-30,CAM-02,transport,18.02,1
2024-09-30,CAM-03,transport,13.09,1
2024-09-30,CAM-04,transport,22.09,1
2024-09-30,CAM-05,transport,17.81,1
2024-09-30,CAM-06,transport,18.49,1
2024-09-30,CAM-07,transport,20.63,1
2024-09-30,CAM-08,transport,17.89,1
2024-09-30,CAM-09,transport,21.54,1
2024-09-30,CAM-10,transport,22.96,1
2024-09-30,CAM-11,transport,19.27,1
2024-09-30,CAM-12,transport,23.94,1
2024-09-30,GEN-01,energie,22.17,1
2024-09-30,GEN-02,energie,20.81,1
2024-09-30,GEN-03,energie,24.0,1
2024-10-01,FOR-01,forage,21.39,1
2024-10-01,FOR-02,forage,13.3,1
2024-10-01,FOR-03,forage,18.16,1
2024-10-01,FOR-04,forage,19.64,1
2024-10-01,PEL-01,chargement,17.59,1
2024-10-01,PEL-02,chargement,18.87,1
2024-10-01,PEL-03,chargement,18.19,1
2024-10-01,PEL-04,chargement,21.57,1
2024-10-01,PEL-05,chargement,0.0,0
2024-10-01,CAM-01,transport,17.28,1
2024-10-01,CAM-02,transport,17.8,1
2024-10-01,CAM-03,transport,24.0,1
2024-10-01,CAM-04,transport,22.55,1
2024-10-01,CAM-05,transport,18.18,1
2024-10-01,CAM-06,transport,18.73,1
2024-10-01,CAM-07,transport,18.33,1
2024-10-01,CAM-08,transport,18.72,1
2024-10-01,CAM-09,transport,14.62,1
2024-10-01,CAM-10,transport,23.0,1
2024-10-01,CAM-11,transport,16.49,1
2024-10-01,CAM-12,transport,13.45,1
2024-10-01,GEN-01,energie,19.14,1
2024-10-01,GEN-02,energie,22.44,1
2024-10-01,GEN-03,energie,21.34,1
2024-10-02,FOR-01,forage,21.02,1
2024-10-02,FOR-02,forage,17.64,1
2024-10-02,FOR-03,forage,17.06,1
2024-10-02,FOR-04,forage,20.65,1
2024-10-02,PEL-01,chargement,18.41,1
2024-10-02,PEL-02,chargement,16.71,1
2024-10-02,PEL-03,chargement,19.28,1
2024-10-02,PEL-04,chargement,20.72,1
2024-10-02,PEL-05,chargement,19.53,1
2024-10-02,CAM-01,transport,19.63,1
2024-10-02,CAM-02,transport,23.33,1
2024-10-02,CAM-03,transport,22.31,1
2024-10-02,CAM-04,transport,16.54,1
2024-10-02,CAM-05,transport,17.58,1
2024-10-02,CAM-06,transport,20.87,1
2024-10-02,CAM-07,transport,16.85,1
2024-10-02,CAM-08,transport,24.0,1
2024-10-02,CAM-09,transport,15.2,1
2024-10-02,CAM-10,transport,13.99,1
2024-10-02,CAM-11,transport,13.55,1
2024-10-02,CAM-12,transport,18.57,1
2024-10-02,GEN-01,energie,22.85,1
2024-10-02,GEN-02,energie,23.72,1
2024-10-02,GEN-03,energie,22.72,1
2024-10-03,FOR-01,forage,19.67,1
2024-10-03,FOR-02,forage,18.44,1
2024-10-03,FOR-03,forage,17.6,1
2024-10-03,FOR-04,forage,18.09,1
2024-10-03,PEL-01,chargement,15.2,1
2024-10-03,PEL-02,chargement,19.23,1
2024-10-03,PEL-03,chargement,18.04,1
2024-10-03,PEL-04,chargement,18.88,1
2024-10-03,PEL-05,chargement,20.3,1
2024-10-03,CAM-01,transport,16.46,1
2024-10-03,CAM-02,transport,15.93,1
2024-10-03,CAM-03,transport,0.0,0
2024-10-03,CAM-04,transport,16.21,1
2024-10-03,CAM-05,transport,19.74,1
2024-10-03,CAM-06,transport,19.57,1
2024-10-03,CAM-07,transport,20.15,1
2024-10-03,CAM-08,transport,15.36,1
2024-10-03,CAM-09,transport,17.54,1
2024-10-03,CAM-10,transport,20.88,1
2024-10-03,CAM-11,transport,19.13,1
2024-10-03,CAM-12,transport,17.08,1
2024-10-03,GEN-01,energie,24.0,1
2024-10-03,GEN-02,energie,18.88,1
2024-10-03,GEN-03,energie,24.0,1
2024-10-04,FOR-01,forage,19.24,1
2024-10-04,FOR-02,forage,23.12,1
2024-10-04,FOR-03,forage,19.72,1
2024-10-04,FOR-04,forage,15.66,1
2024-10-04,PEL-01,chargement,0.0,0
2024-10-04,PEL-02,chargement,18.12,1
2024-10-04,PEL-03,chargement,20.02,1
2024-10-04,PEL-04,chargement,15.74,1
2024-10-04,PEL-05,chargement,22.9,1
2024-10-04,CAM-01,transport,20.25,1
2024-10-04,CAM-02,transport,24.0,1
2024-10-04,CAM-03,transport,19.0,1
2024-10-04,CAM-04,transport,14.49,1
2024-10-04,CAM-05,transport,14.12,1
2024-10-04,CAM-06,transport,18.63,1
2024-10-04,CAM-07,transport,19.33,1
2024-10-04,CAM-08,transport,24.0,1
2024-10-04,CAM-09,transport,0.0,0
2024-10-04,CAM-10,transport,14.89,1
2024-10-04,CAM-11,transport,16.21,1
2024-10-04,CAM-12,transport,22.9,1
2024-10-04,GEN-01,energie,23.57,1
2024-10-04,GEN-02,energie,23.87,1
2024-10-04,GEN-03,energie,21.43,1
2024-10-05,FOR-01,forage,19.38,1
2024-10-05,FOR-02,forage,13.44,1
2024-10-05,FOR-03,forage,19.13,1
2024-10-05,FOR-04,forage,14.12,1
2024-10-05,PEL-01,chargement,13.65,1
2024-10-05,PEL-02,chargement,13.93,1
2024-10-05,PEL-03,chargement,19.06,1
2024-10-05,PEL-04,chargement,19.38,1
2024-10-05,PEL-05,chargement,22.31,1
2024-10-05,CAM-01,transport,18.9,1
2024-10-05,CAM-02,transport,17.35,1
2024-10-05,CAM-03,transport,21.73,1
2024-10-05,CAM-04,transport,18.17,1
2024-10-05,CAM-05,transport,19.26,1
2024-10-05,CAM-06,transport,22.15,1
2024-10-05,CAM-07,transport,15.68,1
2024-10-05,CAM-08,transport,18.63,1
2024-10-05,CAM-09,transport,21.22,1
2024-10-05,CAM-10,transport,19.54,1
2024-10-05,CAM-11,transport,16.82,1
2024-10-05,CAM-12,transport,13.41,1
2024-10-05,GEN-01,energie,24.0,1
2024-10-05,GEN-02,energie,20.16,1
2024-10-05,GEN-03,energie,24.0,1
2024-10-06,FOR-01,forage,16.72,1
2024-10-06,FOR-02,forage,18.2,1
2024-10-06,FOR-03,forage,16.32,1
2024-10-06,FOR-04,forage,22.36,1
2024-10-06,PEL-01,chargement,17.72,1
2024-10-06,PEL-02,chargement,19.25,1
2024-10-06,PEL-03,chargement,18.94,1
2024-10-06,PEL-04,chargement,21.21,1
2024-10-06,PEL-05,chargement,16.95,1
2024-10-06,CAM-01,transport,14.97,1
2024-10-06,CAM-02,transport,19.73,1
2024-10-06,CAM-03,transport,19.84,1
2024-10-06,CAM-04,transport,16.34,1
2024-10-06,CAM-05,transport,16.78,1
2024-10-06,CAM-06,transport,18.49,1
2024-10-06,CAM-07,transport,0.0,0
2024-10-06,CAM-08,transport,20.83,1
2024-10-06,CAM-09,transport,20.21,1
2024-10-06,CAM-10,transport,13.77,1
2024-10-06,CAM-11,transport,18.04,1
2024-10-06,CAM-12,transport,18.81,1
2024-10-06,GEN-01,energie,0.0,0
2024-10-06,GEN-02,energie,22.17,1
2024-10-06,GEN-03,energie,20.91,1
2024-10-07,FOR-01,forage,19.18,1
2024-10-07,FOR-02,forage,19.63,1
2024-10-07,FOR-03,forage,19.22,1
2024-10-07,FOR-04,forage,19.73,1
2024-10-07,PEL-01,chargement,20.99,1
2024-10-07,PEL-02,chargement,20.52,1
2024-10-07,PEL-03,chargement,0.0,0
2024-10-07,PEL-04,chargement,17.65,1
2024-10-07,PEL-05,chargement,17.52,1
2024-10-07,CAM-01,transport,13.78,1
2024-10-07,CAM-02,transport,23.98,1
2024-10-07,CAM-03,transport,15.44,1
2024-10-07,CAM-04,transport,18.45,1
2024-10-07,CAM-05,transport,20.95,1
2024-10-07,CAM-06,transport,17.04,1
2024-10-07,CAM-07,transport,19.92,1
2024-10-07,CAM-08,transport,15.45,1
2024-10-07,CAM-09,transport,18.4,1
2024-10-07,CAM-10,transport,20.76,1
2024-10-07,CAM-11,transport,17.83,1
2024-10-07,CAM-12,transport,17.11,1
2024-10-07,GEN-01,energie,24.0,1
2024-10-07,GEN-02,energie,19.52,1
2024-10-07,GEN-03,energie,24.0,1
2024-10-08,FOR-01,forage,20.05,1
2024-10-08,FOR-02,forage,19.86,1
2024-10-08,FOR-03,forage,15.2,1
2024-10-08,FOR-04,forage,21.39,1
2024-10-08,PEL-01,chargement,15.31,1
2024-10-08,PEL-02,chargement,17.33,1
2024-10-08,PEL-03,chargement,16.49,1
2024-10-08,PEL-04,chargement,21.73,1
2024-10-08,PEL-05,chargement,20.43,1
2024-10-08,CAM-01,transport,20.36,1
2024-10-08,CAM-02,transport,17.22,1
2024-10-08,CAM-03,transport,21.81,1
2024-10-08,CAM-04,transport,24.0,1
2024-10-08,CAM-05,transport,15.98,1
2024-10-08,CAM-06,transport,24.0,1
2024-10-08,CAM-07,transport,18.76,1
2024-10-08,CAM-08,transport,19.57,1
2024-10-08,CAM-09,transport,17.71,1
2024-10-08,CAM-10,transport,17.08,1
2024-10-08,CAM-11,transport,17.88,1
2024-10-08,CAM-12,transport,17.08,1
2024-10-08,GEN-01,energie,21.41,1
2024-10-08,GEN-02,energie,23.95,1
2024-10-08,GEN-03,energie,24.0,1
2024-10-09,FOR-01,forage,9.73,1
2024-10-09,FOR-02,forage,20.33,1
2024-10-09,FOR-03,forage,21.04,1
2024-10-09,FOR-04,forage,16.66,1
2024-10-09,PEL-01,chargement,8.75,1
2024-10-09,PEL-02,chargement,14.72,1
2024-10-09,PEL-03,chargement,20.99,1
2024-10-09,PEL-04,chargement,24.0,1
2024-10-09,PEL-05,chargement,14.02,1
2024-10-09,CAM-01,transport,14.55,1
2024-10-09,CAM-02,transport,20.35,1
2024-10-09,CAM-03,transport,20.39,1
2024-10-09,CAM-04,transport,15.75,1
2024-10-09,CAM-05,transport,21.58,1
2024-10-09,CAM-06,transport,17.55,1
2024-10-09,CAM-07,transport,18.12,1
2024-10-09,CAM-08,transport,18.9,1
2024-10-09,CAM-09,transport,17.99,1
2024-10-09,CAM-10,transport,12.62,1
2024-10-09,CAM-11,transport,13.41,1
2024-10-09,CAM-12,transport,12.44,1
2024-10-09,GEN-01,energie,23.13,1
2024-10-09,GEN-02,energie,22.42,1
2024-10-09,GEN-03,energie,21.42,1
2024-10-10,FOR-01,forage,18.76,1
2024-10-10,FOR-02,forage,19.67,1
2024-10-10,FOR-03,forage,16.59,1
2024-10-10,FOR-04,forage,18.23,1
2024-10-10,PEL-01,chargement,20.67,1
2024-10-10,PEL-02,chargement,17.34,1
2024-10-10,PEL-03,chargement,21.7,1
2024-10-10,PEL-04,chargement,17.23,1
2024-10-10,PEL-05,chargement,15.79,1
2024-10-10,CAM-01,transport,17.63,1
2024-10-10,CAM-02,transport,22.76,1
2024-10-10,CAM-03,transport,17.72,1
2024-10-10,CAM-04,transport,15.32,1
2024-10-10,CAM-05,transport,18.26,1
2024-10-10,CAM-06,transport,18.06,1
2024-10-10,CAM-07,transport,17.3,1
2024-10-10,CAM-08,transport,21.02,1
2024-10-10,CAM-09,transport,19.4,1
2024-10-10,CAM-10,transport,21.49,1
2024-10-10,CAM-11,transport,0.0,0
2024-10-10,CAM-12,transport,17.8,1
2024-10-10,GEN-01,energie,24.0,1
2024-10-10,GEN-02,energie,19.81,1
2024-10-10,GEN-03,energie,23.47,1
2024-10-11,FOR-01,forage,24.0,1
2024-10-11,FOR-02,forage,22.39,1
2024-10-11,FOR-03,forage,19.43,1
2024-10-11,FOR-04,forage,15.94,1
2024-10-11,PEL-01,chargement,20.91,1
2024-10-11,PEL-02,chargement,20.62,1
2024-10-11,PEL-03,chargement,24.0,1
2024-10-11,PEL-04,chargement,17.55,1
2024-10-11,PEL-05,chargement,16.77,1
2024-10-11,CAM-01,transport,15.77,1
2024-10-11,CAM-02,transport,19.83,1
2024-10-11,CAM-03,transport,22.69,1
2024-10-11,CAM-04,transport,19.31,1
2024-10-11,CAM-05,transport,10.25,1
2024-10-11,CAM-06,transport,17.46,1
2024-10-11,CAM-07,transport,18.17,1
2024-10-11,CAM-08,transport,21.17,1
2024-10-11,CAM-09,transport,16.19,1
2024-10-11,CAM-10,transport,17.62,1
2024-10-11,CAM-11,transport,18.34,1
2024-10-11,CAM-12,transport,20.08,1
2024-10-11,GEN-01,energie,22.29,1
2024-10-11,GEN-02,energie,22.02,1
2024-10-11,GEN-03,energie,22.19,1
2024-10-12,FOR-01,forage,22.43,1
2024-10-12,FOR-02,forage,23.27,1
2024-10-12,FOR-03,forage,19.69,1
2024-10-12,FOR-04,forage,14.62,1
2024-10-12,PEL-01,chargement,16.26,1
2024-10-12,PEL-02,chargement,15.8,1
2024-10-12,PEL-03,chargement,22.78,1
2024-10-12,PEL-04,chargement,20.67,1
2024-10-12,PEL-05,chargement,0.0,0
2024-10-12,CAM-01,transport,21.73,1
2024-10-12,CAM-02,transport,18.54,1
2024-10-12,CAM-03,transport,16.47,1
2024-10-12,CAM-04,transport,21.32,1
2024-10-12,CAM-05,transport,20.54,1
2024-10-12,CAM-06,transport,18.13,1
2024-10-12,CAM-07,transport,13.87,1
2024-10-12,CAM-08,transport,22.3,1
2024-10-12,CAM-09,transport,16.78,1
2024-10-12,CAM-10,transport,18.35,1
2024-10-12,CAM-11,transport,16.14,1
2024-10-12,CAM-12,transport,17.06,1
2024-10-12,GEN-01,energie,19.84,1
2024-10-12,GEN-02,energie,22.77,1
2024-10-12,GEN-03,energie,22.73,1
2024-10-13,FOR-01,forage,18.08,1
2024-10-13,FOR-02,forage,19.53,1
2024-10-13,FOR-03,forage,20.21,1
2024-10-13,FOR-04,forage,13.95,1
2024-10-13,PEL-01,chargement,20.48,1
2024-10-13,PEL-02,chargement,18.67,1
2024-10-13,PEL-03,chargement,22.25,1
2024-10-13,PEL-04,chargement,19.95,1
2024-10-13,PEL-05,chargement,14.02,1
2024-10-13,CAM-01,transport,18.96,1
2024-10-13,CAM-02,transport,17.13,1
2024-10-13,CAM-03,transport,15.29,1
2024-10-13,CAM-04,transport,15.7,1
2024-10-13,CAM-05,transport,13.9,1
2024-10-13,CAM-06,transport,18.92,1
2024-10-13,CAM-07,transport,14.92,1
2024-10-13,CAM-08,transport,14.53,1
2024-10-13,CAM-09,transport,20.86,1
2024-10-13,CAM-10,transport,23.34,1
2024-10-13,CAM-11,transport,19.47,1
2024-10-13,CAM-12,transport,21.75,1
2024-10-13,GEN-01,energie,19.4,1
2024-10-13,GEN-02,energie,21.76,1
2024-10-13,GEN-03,energie,21.77,1
2024-10-14,FOR-01,forage,15.64,1
2024-10-14,FOR-02,forage,20.28,1
2024-10-14,FOR-03,forage,14.52,1
2024-10-14,FOR-04,forage,20.34,1
2024-10-14,PEL-01,chargement,19.94,1
2024-10-14,PEL-02,chargement,18.0,1
2024-10-14,PEL-03,chargement,17.99,1
2024-10-14,PEL-04,chargement,18.82,1
2024-10-14,PEL-05,chargement,0.0,0
2024-10-14,CAM-01,transport,8.86,1
2024-10-14,CAM-02,transport,17.99,1
2024-10-14,CAM-03,transport,20.58,1
2024-10-14,CAM-04,transport,14.62,1
2024-10-14,CAM-05,transport,20.93,1
2024-10-14,CAM-06,transport,20.9,1
2024-10-14,CAM-07,transport,18.04,1
2024-10-14,CAM-08,transport,15.12,1
2024-10-14,CAM-09,transport,19.11,1
2024-10-14,CAM-10,transport,24.0,1
2024-10-14,CAM-11,transport,18.92,1
2024-10-14,CAM-12,transport,0.0,0
2024-10-14,GEN-01,energie,0.0,0
2024-10-14,GEN-02,energie,24.0,1
2024-10-14,GEN-03,energie,24.0,1
2024-10-15,FOR-01,forage,20.03,1
2024-10-15,FOR-02,forage,17.26,1
2024-10-15,FOR-03,forage,16.1,1
2024-10-15,FOR-04,forage,18.6,1
2024-10-15,PEL-01,chargement,17.49,1
2024-10-15,PEL-02,chargement,20.09,1
2024-10-15,PEL-03,chargement,15.07,1
2024-10-15,PEL-04,chargement,13.72,1
2024-10-15,PEL-05,chargement,18.98,1
2024-10-15,CAM-01,transport,20.76,1
2024-10-15,CAM-02,transport,16.91,1
2024-10-15,CAM-03,transport,12.47,1
2024-10-15,CAM-04,transport,18.7,1
2024-10-15,CAM-05,transport,13.77,1
2024-10-15,CAM-06,transport,21.32,1
2024-10-15,CAM-07,transport,17.0,1
2024-10-15,CAM-08,transport,12.57,1
2024-10-15,CAM-09,transport,15.7,1
2024-10-15,CAM-10,transport,12.46,1
2024-10-15,CAM-11,transport,18.43,1
2024-10-15,CAM-12,transport,20.37,1
2024-10-15,GEN-01,energie,22.98,1
2024-10-15,GEN-02,energie,18.15,1
2024-10-15,GEN-03,energie,21.45,1
2024-10-16,FOR-01,forage,15.05,1
2024-10-16,FOR-02,forage,17.61,1
2024-10-16,FOR-03,forage,18.95,1
2024-10-16,FOR-04,forage,20.04,1
2024-10-16,PEL-01,chargement,17.13,1
2024-10-16,PEL-02,chargement,15.92,1
2024-10-16,PEL-03,chargement,20.07,1
2024-10-16,PEL-04,chargement,17.48,1
2024-10-16,PEL-05,chargement,20.64,1
2024-10-16,CAM-01,transport,17.98,1
2024-10-16,CAM-02,transport,0.0,0
2024-10-16,CAM-03,transport,22.94,1
2024-10-16,CAM-04,transport,15.46,1
2024-10-16,CAM-05,transport,18.59,1
2024-10-16,CAM-06,transport,24.0,1
2024-10-16,CAM-07,transport,15.7,1
2024-10-16,CAM-08,transport,21.44,1
2024-10-16,CAM-09,transport,18.99,1
2024-10-16,CAM-10,transport,16.93,1
2024-10-16,CAM-11,transport,12.03,1
2024-10-16,CAM-12,transport,19.13,1
2024-10-16,GEN-01,energie,24.0,1
2024-10-16,GEN-02,energie,22.38,1
2024-10-16,GEN-03,energie,0.0,0
2024-10-17,FOR-01,forage,17.26,1
2024-10-17,FOR-02,forage,11.99,1
2024-10-17,FOR-03,forage,19.98,1
2024-10-17,FOR-04,forage,19.22,1
2024-10-17,PEL-01,chargement,18.65,1
2024-10-17,PEL-02,chargement,21.84,1
2024-10-17,PEL-03,chargement,15.89,1
2024-10-17,PEL-04,chargement,19.57,1
2024-10-17,PEL-05,chargement,14.93,1
2024-10-17,CAM-01,transport,21.62,1
2024-10-17,CAM-02,transport,19.05,1
2024-10-17,CAM-03,transport,20.55,1
2024-10-17,CAM-04,transport,16.94,1
2024-10-17,CAM-05,transport,20.59,1
2024-10-17,CAM-06,transport,22.71,1
2024-10-17,CAM-07,transport,14.56,1
2024-10-17,CAM-08,transport,23.32,1
2024-10-17,CAM-09,transport,21.28,1
2024-10-17,CAM-10,transport,20.54,1
2024-10-17,CAM-11,transport,16.34,1
2024-10-17,CAM-12,transport,13.86,1
2024-10-17,GEN-01,energie,24.0,1
2024-10-17,GEN-02,energie,23.21,1
2024-10-17,GEN-03,energie,22.68,1
2024-10-18,FOR-01,forage,20.47,1
2024-10-18,FOR-02,forage,17.07,1
2024-10-18,FOR-03,forage,18.3,1
2024-10-18,FOR-04,forage,0.0,0
2024-10-18,PEL-01,chargement,18.74,1
2024-10-18,PEL-02,chargement,11.71,1
2024-10-18,PEL-03,chargement,19.76,1
2024-10-18,PEL-04,chargement,20.83,1
2024-10-18,PEL-05,chargement,21.7,1
2024-10-18,CAM-01,transport,18.27,1
2024-10-18,CAM-02,transport,20.75,1
2024-10-18,CAM-03,transport,17.65,1
2024-10-18,CAM-04,transport,0.0,0
2024-10-18,CAM-05,transport,19.7,1
2024-10-18,CAM-06,transport,20.91,1
2024-10-18,CAM-07,transport,17.6,1
2024-10-18,CAM-08,transport,18.16,1
2024-10-18,CAM-09,transport,18.14,1
2024-10-18,CAM-10,transport,15.84,1
2024-10-18,CAM-11,transport,17.62,1
2024-10-18,CAM-12,transport,19.1,1
2024-10-18,GEN-01,energie,24.0,1
2024-10-18,GEN-02,energie,24.0,1
2024-10-18,GEN-03,energie,21.8,1
2024-10-19,FOR-01,forage,16.85,1
2024-10-19,FOR-02,forage,14.96,1
2024-10-19,FOR-03,forage,19.22,1
2024-10-19,FOR-04,forage,21.11,1
2024-10-19,PEL-01,chargement,21.96,1
2024-10-19,PEL-02,chargement,17.17,1
2024-10-19,PEL-03,chargement,15.7,1
2024-10-19,PEL-04,chargement,14.64,1
2024-10-19,PEL-05,chargement,12.58,1
2024-10-19,CAM-01,transport,13.72,1
2024-10-19,CAM-02,transport,16.88,1
2024-10-19,CAM-03,transport,21.83,1
2024-10-19,CAM-04,transport,19.64,1
2024-10-19,CAM-05,transport,10.32,1
2024-10-19,CAM-06,transport,13.92,1
2024-10-19,CAM-07,transport,18.52,1
2024-10-19,CAM-08,transport,20.38,1
2024-10-19,CAM-09,transport,20.5,1
2024-10-19,CAM-10,transport,0.0,0
2024-10-19,CAM-11,transport,17.24,1
2024-10-19,CAM-12,transport,14.96,1
2024-10-19,GEN-01,energie,22.16,1
2024-10-19,GEN-02,energie,19.62,1
2024-10-19,GEN-03,energie,22.16,1
2024-10-20,FOR-01,forage,14.97,1
2024-10-20,FOR-02,forage,22.62,1
2024-10-20,FOR-03,forage,20.38,1
2024-10-20,FOR-04,forage,17.97,1
2024-10-20,PEL-01,chargement,24.0,1
2024-10-20,PEL-02,chargement,23.89,1
2024-10-20,PEL-03,chargement,20.31,1
2024-10-20,PEL-04,chargement,19.48,1
2024-10-20,PEL-05,chargement,0.0,0
2024-10-20,CAM-01,transport,19.98,1
2024-10-20,CAM-02,transport,17.34,1
2024-10-20,CAM-03,transport,14.52,1
2024-10-20,CAM-04,transport,17.02,1
2024-10-20,CAM-05,transport,20.15,1
2024-10-20,CAM-06,transport,20.48,1
2024-10-20,CAM-07,transport,20.46,1
2024-10-20,CAM-08,transport,13.74,1
2024-10-20,CAM-09,transport,13.81,1
2024-10-20,CAM-10,transport,17.33,1
2024-10-20,CAM-11,transport,16.1,1
2024-10-20,CAM-12,transport,16.96,1
2024-10-20,GEN-01,energie,24.0,1
2024-10-20,GEN-02,energie,23.64,1
2024-10-20,GEN-03,energie,23.43,1
2024-10-21,FOR-01,forage,22.59,1
2024-10-21,FOR-02,forage,0.0,0
2024-10-21,FOR-03,forage,21.2,1
2024-10-21,FOR-04,forage,20.57,1
2024-10-21,PEL-01,chargement,17.24,1
2024-10-21,PEL-02,chargement,18.22,1
2024-10-21,PEL-03,chargement,23.49,1
2024-10-21,PEL-04,chargement,16.21,1
2024-10-21,PEL-05,chargement,16.85,1
2024-10-21,CAM-01,transport,18.16,1
2024-10-21,CAM-02,transport,20.1,1
2024-10-21,CAM-03,transport,14.17,1
2024-10-21,CAM-04,transport,19.26,1
2024-10-21,CAM-05,transport,15.44,1
2024-10-21,CAM-06,transport,15.78,1
2024-10-21,CAM-07,transport,17.93,1
2024-10-21,CAM-08,transport,18.46,1
2024-10-21,CAM-09,transport,13.17,1
2024-10-21,CAM-10,transport,21.16,1
2024-10-21,CAM-11,transport,20.19,1
2024-10-21,CAM-12,transport,16.44,1
2024-10-21,GEN-01,energie,24.0,1
2024-10-21,GEN-02,energie,21.39,1
2024-10-21,GEN-03,energie,18.59,1
2024-10-22,FOR-01,forage,22.53,1
2024-10-22,FOR-02,forage,23.63,1
2024-10-22,FOR-03,forage,13.74,1
2024-10-22,FOR-04,forage,15.81,1
2024-10-22,PEL-01,chargement,24.0,1
2024-10-22,PEL-02,chargement,22.07,1
2024-10-22,PEL-03,chargement,19.49,1
2024-10-22,PEL-04,chargement,16.47,1
2024-10-22,PEL-05,chargement,20.93,1
2024-10-22,CAM-01,transport,19.91,1
2024-10-22,CAM-02,transport,0.0,0
2024-10-22,CAM-03,transport,20.71,1
2024-10-22,CAM-04,transport,17.59,1
2024-10-22,CAM-05,transport,20.25,1
2024-10-22,CAM-06,transport,17.31,1
2024-10-22,CAM-07,transport,14.89,1
2024-10-22,CAM-08,transport,19.82,1
2024-10-22,CAM-09,transport,13.51,1
2024-10-22,CAM-10,transport,0.0,0
2024-10-22,CAM-11,transport,22.22,1
2024-10-22,CAM-12,transport,21.75,1
2024-10-22,GEN-01,energie,21.37,1
2024-10-22,GEN-02,energie,22.96,1
2024-10-22,GEN-03,energie,20.59,1
2024-10-23,FOR-01,forage,20.44,1
2024-10-23,FOR-02,forage,15.25,1
2024-10-23,FOR-03,forage,13.44,1
2024-10-23,FOR-04,forage,14.85,1
2024-10-23,PEL-01,chargement,19.57,1
2024-10-23,PEL-02,chargement,13.56,1
2024-10-23,PEL-03,chargement,16.67,1
2024-10-23,PEL-04,chargement,20.5,1
2024-10-23,PEL-05,chargement,15.85,1
2024-10-23,CAM-01,transport,12.45,1
2024-10-23,CAM-02,transport,18.43,1
2024-10-23,CAM-03,transport,20.28,1
2024-10-23,CAM-04,transport,14.96,1
2024-10-23,CAM-05,transport,17.92,1
2024-10-23,CAM-06,transport,19.53,1
2024-10-23,CAM-07,transport,19.87,1
2024-10-23,CAM-08,transport,21.17,1
2024-10-23,CAM-09,transport,23.0,1
2024-10-23,CAM-10,transport,19.54,1
2024-10-23,CAM-11,transport,21.1,1
2024-10-23,CAM-12,transport,16.36,1
2024-10-23,GEN-01,energie,20.82,1
2024-10-23,GEN-02,energie,24.0,1
2024-10-23,GEN-03,energie,21.83,1
2024-10-24,FOR-01,forage,17.34,1
2024-10-24,FOR-02,forage,0.0,0
2024-10-24,FOR-03,forage,16.85,1
2024-10-24,FOR-04,forage,21.34,1
2024-10-24,PEL-01,chargement,19.73,1
2024-10-24,PEL-02,chargement,20.09,1
2024-10-24,PEL-03,chargement,18.24,1
2024-10-24,PEL-04,chargement,17.29,1
2024-10-24,PEL-05,chargement,12.0,1
2024-10-24,CAM-01,transport,22.06,1
2024-10-24,CAM-02,transport,14.99,1
2024-10-24,CAM-03,transport,17.48,1
2024-10-24,CAM-04,transport,19.04,1
2024-10-24,CAM-05,transport,14.59,1
2024-10-24,CAM-06,transport,18.47,1
2024-10-24,CAM-07,transport,17.76,1
2024-10-24,CAM-08,transport,14.95,1
2024-10-24,CAM-09,transport,17.86,1
2024-10-24,CAM-10,transport,16.02,1
2024-10-24,CAM-11,transport,18.31,1
2024-10-24,CAM-12,transport,13.81,1
2024-10-24,GEN-01,energie,24.0,1
2024-10-24,GEN-02,energie,22.23,1
2024-10-24,GEN-03,energie,24.0,1
2024-10-25,FOR-01,forage,17.76,1
2024-10-25,FOR-02,forage,21.03,1
2024-10-25,FOR-03,forage,18.56,1
2024-10-25,FOR-04,forage,12.19,1
2024-10-25,PEL-01,chargement,17.4,1
2024-10-25,PEL-02,chargement,20.32,1
2024-10-25,PEL-03,chargement,16.09,1
2024-10-25,PEL-04,chargement,15.75,1
2024-10-25,PEL-05,chargement,19.99,1
2024-10-25,CAM-01,transport,23.66,1
2024-10-25,CAM-02,transport,19.33,1
2024-10-25,CAM-03,transport,16.4,1
2024-10-25,CAM-04,transport,20.97,1
2024-10-25,CAM-05,transport,18.3,1
2024-10-25,CAM-06,transport,12.29,1
2024-10-25,CAM-07,transport,17.83,1
2024-10-25,CAM-08,transport,17.75,1
2024-10-25,CAM-09,transport,19.23,1
2024-10-25,CAM-10,transport,16.24,1
2024-10-25,CAM-11,transport,18.47,1
2024-10-25,CAM-12,transport,20.06,1
2024-10-25,GEN-01,energie,21.97,1
2024-10-25,GEN-02,energie,21.52,1
2024-10-25,GEN-03,energie,21.07,1
2024-10-26,FOR-01,forage,20.76,1
2024-10-26,FOR-02,forage,19.58,1
2024-10-26,FOR-03,forage,17.64,1
2024-10-26,FOR-04,forage,15.43,1
2024-10-26,PEL-01,chargement,18.44,1
2024-10-26,PEL-02,chargement,17.02,1
2024-10-26,PEL-03,chargement,16.57,1
2024-10-26,PEL-04,chargement,19.29,1
2024-10-26,PEL-05,chargement,19.55,1
2024-10-26,CAM-01,transport,20.71,1
2024-10-26,CAM-02,transport,22.38,1
2024-10-26,CAM-03,transport,17.04,1
2024-10-26,CAM-04,transport,13.73,1
2024-10-26,CAM-05,transport,15.55,1
2024-10-26,CAM-06,transport,18.1,1
2024-10-26,CAM-07,transport,17.9,1
2024-10-26,CAM-08,transport,0.0,0
2024-10-26,CAM-09,transport,22.52,1
2024-10-26,CAM-10,transport,20.22,1
2024-10-26,CAM-11,transport,19.25,1
2024-10-26,CAM-12,transport,16.11,1
2024-10-26,GEN-01,energie,19.97,1
2024-10-26,GEN-02,energie,21.22,1
2024-10-26,GEN-03,energie,20.56,1
2024-10-27,FOR-01,forage,17.82,1
2024-10-27,FOR-02,forage,17.83,1
2024-10-27,FOR-03,forage,20.42,1
2024-10-27,FOR-04,forage,22.58,1
2024-10-27,PEL-01,chargement,24.0,1
2024-10-27,PEL-02,chargement,21.34,1
2024-10-27,PEL-03,chargement,14.2,1
2024-10-27,PEL-04,chargement,16.39,1
2024-10-27,PEL-05,chargement,0.0,0
2024-10-27,CAM-01,transport,17.65,1
2024-10-27,CAM-02,transport,12.63,1
2024-10-27,CAM-03,transport,16.14,1
2024-10-27,CAM-04,transport,20.35,1
2024-10-27,CAM-05,transport,19.61,1
2024-10-27,CAM-06,transport,21.86,1
2024-10-27,CAM-07,transport,19.09,1
2024-10-27,CAM-08,transport,17.02,1
2024-10-27,CAM-09,transport,20.03,1
2024-10-27,CAM-10,transport,15.77,1
2024-10-27,CAM-11,transport,21.33,1
2024-10-27,CAM-12,transport,17.87,1
2024-10-27,GEN-01,energie,22.46,1
2024-10-27,GEN-02,energie,22.51,1
2024-10-27,GEN-03,energie,23.99,1
2024-10-28,FOR-01,forage,17.82,1
2024-10-28,FOR-02,forage,17.12,1
2024-10-28,FOR-03,forage,21.35,1
2024-10-28,FOR-04,forage,14.19,1
2024-10-28,PEL-01,chargement,23.12,1
2024-10-28,PEL-02,chargement,18.53,1
2024-10-28,PEL-03,chargement,22.7,1
2024-10-28,PEL-04,chargement,16.37,1
2024-10-28,PEL-05,chargement,20.33,1
2024-10-28,CAM-01,transport,20.13,1
2024-10-28,CAM-02,transport,21.54,1
2024-10-28,CAM-03,transport,19.21,1
2024-10-28,CAM-04,transport,18.43,1
2024-10-28,CAM-05,transport,15.54,1
2024-10-28,CAM-06,transport,14.36,1
2024-10-28,CAM-07,transport,13.81,1
2024-10-28,CAM-08,transport,21.76,1
2024-10-28,CAM-09,transport,24.0,1
2024-10-28,CAM-10,transport,19.14,1
2024-10-28,CAM-11,transport,17.43,1
2024-10-28,CAM-12,transport,22.73,1
2024-10-28,GEN-01,energie,24.0,1
2024-10-28,GEN-02,energie,23.64,1
2024-10-28,GEN-03,energie,23.69,1
2024-10-29,FOR-01,forage,18.52,1
2024-10-29,FOR-02,forage,17.39,1
2024-10-29,FOR-03,forage,15.82,1
2024-10-29,FOR-04,forage,17.7,1
2024-10-29,PEL-01,chargement,17.63,1
2024-10-29,PEL-02,chargement,23.15,1
2024-10-29,PEL-03,chargement,17.48,1
2024-10-29,PEL-04,chargement,0.0,0
2024-10-29,PEL-05,chargement,18.02,1
2024-10-29,CAM-01,transport,16.84,1
2024-10-29,CAM-02,transport,16.89,1
2024-10-29,CAM-03,transport,0.0,0
2024-10-29,CAM-04,transport,19.92,1
2024-10-29,CAM-05,transport,24.0,1
2024-10-29,CAM-06,transport,19.43,1
2024-10-29,CAM-07,transport,16.01,1
2024-10-29,CAM-08,transport,20.37,1
2024-10-29,CAM-09,transport,18.56,1
2024-10-29,CAM-10,transport,23.94,1
2024-10-29,CAM-11,transport,20.64,1
2024-10-29,CAM-12,transport,18.98,1
2024-10-29,GEN-01,energie,21.95,1
2024-10-29,GEN-02,energie,22.9,1
2024-10-29,GEN-03,energie,23.86,1
2024-10-30,FOR-01,forage,12.44,1
2024-10-30,FOR-02,forage,19.02,1
2024-10-30,FOR-03,forage,17.93,1
2024-10-30,FOR-04,forage,15.26,1
2024-10-30,PEL-01,chargement,15.87,1
2024-10-30,PEL-02,chargement,15.78,1
2024-10-30,PEL-03,chargement,17.35,1
2024-10-30,PEL-04,chargement,19.41,1
2024-10-30,PEL-05,chargement,18.6,1
2024-10-30,CAM-01,transport,20.78,1
2024-10-30,CAM-02,transport,19.35,1
2024-10-30,CAM-03,transport,23.63,1
2024-10-30,CAM-04,transport,19.24,1
2024-10-30,CAM-05,transport,13.96,1
2024-10-30,CAM-06,transport,15.93,1
2024-10-30,CAM-07,transport,14.19,1
2024-10-30,CAM-08,transport,18.29,1
2024-10-30,CAM-09,transport,18.22,1
2024-10-30,CAM-10,transport,23.73,1
2024-10-30,CAM-11,transport,12.36,1
2024-10-30,CAM-12,transport,17.44,1
2024-10-30,GEN-01,energie,21.82,1
2024-10-30,GEN-02,energie,21.37,1
2024-10-30,GEN-03,energie,24.0,1
2024-10-31,FOR-01,forage,18.31,1
2024-10-31,FOR-02,forage,12.34,1
2024-10-31,FOR-03,forage,19.38,1
2024-10-31,FOR-04,forage,13.36,1
2024-10-31,PEL-01,chargement,19.02,1
2024-10-31,PEL-02,chargement,15.99,1
2024-10-31,PEL-03,chargement,0.0,0
2024-10-31,PEL-04,chargement,20.45,1
2024-10-31,PEL-05,chargement,20.15,1
2024-10-31,CAM-01,transport,20.04,1
2024-10-31,CAM-02,transport,16.26,1
2024-10-31,CAM-03,transport,15.06,1
2024-10-31,CAM-04,transport,16.19,1
2024-10-31,CAM-05,transport,19.37,1
2024-10-31,CAM-06,transport,21.48,1
2024-10-31,CAM-07,transport,19.05,1
2024-10-31,CAM-08,transport,23.18,1
2024-10-31,CAM-09,transport,18.85,1
2024-10-31,CAM-10,transport,19.67,1
2024-10-31,CAM-11,transport,20.73,1
2024-10-31,CAM-12,transport,15.56,1
2024-10-31,GEN-01,energie,22.85,1
2024-10-31,GEN-02,energie,23.73,1
2024-10-31,GEN-03,energie,21.1,1
2024-11-01,FOR-01,forage,21.67,1
2024-11-01,FOR-02,forage,21.51,1
2024-11-01,FOR-03,forage,19.72,1
2024-11-01,FOR-04,forage,0.0,0
2024-11-01,PEL-01,chargement,17.18,1
2024-11-01,PEL-02,chargement,11.0,1
2024-11-01,PEL-03,chargement,20.52,1
2024-11-01,PEL-04,chargement,0.0,0
2024-11-01,PEL-05,chargement,14.62,1
2024-11-01,CAM-01,transport,14.38,1
2024-11-01,CAM-02,transport,19.48,1
2024-11-01,CAM-03,transport,21.01,1
2024-11-01,CAM-04,transport,18.42,1
2024-11-01,CAM-05,transport,23.73,1
2024-11-01,CAM-06,transport,18.67,1
2024-11-01,CAM-07,transport,17.23,1
2024-11-01,CAM-08,transport,17.59,1
2024-11-01,CAM-09,transport,18.3,1
2024-11-01,CAM-10,transport,22.23,1
2024-11-01,CAM-11,transport,15.76,1
2024-11-01,CAM-12,transport,20.8,1
2024-11-01,GEN-01,energie,21.72,1
2024-11-01,GEN-02,energie,18.68,1
2024-11-01,GEN-03,energie,22.75,1
2024-11-02,FOR-01,forage,19.47,1
2024-11-02,FOR-02,forage,20.41,1
2024-11-02,FOR-03,forage,18.94,1
2024-11-02,FOR-04,forage,19.69,1
2024-11-02,PEL-01,chargement,23.32,1
2024-11-02,PEL-02,chargement,17.89,1
2024-11-02,PEL-03,chargement,12.32,1
2024-11-02,PEL-04,chargement,20.79,1
2024-11-02,PEL-05,chargement,15.33,1
2024-11-02,CAM-01,transport,17.61,1
2024-11-02,CAM-02,transport,17.02,1
2024-11-02,CAM-03,transport,19.6,1
2024-11-02,CAM-04,transport,21.83,1
2024-11-02,CAM-05,transport,21.16,1
2024-11-02,CAM-06,transport,22.25,1
2024-11-02,CAM-07,transport,17.83,1
2024-11-02,CAM-08,transport,17.84,1
2024-11-02,CAM-09,transport,18.06,1
2024-11-02,CAM-10,transport,19.6,1
2024-11-02,CAM-11,transport,16.24,1
2024-11-02,CAM-12,transport,15.28,1
2024-11-02,GEN-01,energie,24.0,1
2024-11-02,GEN-02,energie,22.57,1
2024-11-02,GEN-03,energie,22.96,1
2024-11-03,FOR-01,forage,19.2,1
2024-11-03,FOR-02,forage,19.14,1
2024-11-03,FOR-03,forage,0.0,0
2024-11-03,FOR-04,forage,19.2,1
2024-11-03,PEL-01,chargement,19.32,1
2024-11-03,PEL-02,chargement,18.24,1
2024-11-03,PEL-03,chargement,14.96,1
2024-11-03,PEL-04,chargement,22.49,1
2024-11-03,PEL-05,chargement,18.9,1
2024-11-03,CAM-01,transport,17.59,1
2024-11-03,CAM-02,transport,17.33,1
2024-11-03,CAM-03,transport,18.91,1
2024-11-03,CAM-04,transport,15.33,1
2024-11-03,CAM-05,transport,16.39,1
2024-11-03,CAM-06,transport,15.61,1
2024-11-03,CAM-07,transport,16.89,1
2024-11-03,CAM-08,transport,18.34,1
2024-11-03,CAM-09,transport,21.96,1
2024-11-03,CAM-10,transport,16.31,1
2024-11-03,CAM-11,transport,21.36,1
2024-11-03,CAM-12,transport,20.33,1
2024-11-03,GEN-01,energie,20.65,1
2024-11-03,GEN-02,energie,22.07,1
2024-11-03,GEN-03,energie,20.78,1
2024-11-04,FOR-01,forage,21.19,1
2024-11-04,FOR-02,forage,18.32,1
2024-11-04,FOR-03,forage,13.77,1
2024-11-04,FOR-04,forage,22.77,1
2024-11-04,PEL-01,chargement,15.68,1
2024-11-04,PEL-02,chargement,0.0,0
2024-11-04,PEL-03,chargement,15.27,1
2024-11-04,PEL-04,chargement,20.74,1
2024-11-04,PEL-05,chargement,0.0,0
2024-11-04,CAM-01,transport,10.71,1
2024-11-04,CAM-02,transport,12.77,1
2024-11-04,CAM-03,transport,19.88,1
2024-11-04,CAM-04,transport,18.34,1
2024-11-04,CAM-05,transport,11.96,1
2024-11-04,CAM-06,transport,20.35,1
2024-11-04,CAM-07,transport,19.73,1
2024-11-04,CAM-08,transport,17.23,1
2024-11-04,CAM-09,transport,16.57,1
2024-11-04,CAM-10,transport,19.69,1
2024-11-04,CAM-11,transport,15.62,1
2024-11-04,CAM-12,transport,10.93,1
2024-11-04,GEN-01,energie,24.0,1
2024-11-04,GEN-02,energie,22.94,1
2024-11-04,GEN-03,energie,22.0,1
2024-11-05,FOR-01,forage,17.71,1
2024-11-05,FOR-02,forage,22.06,1
2024-11-05,FOR-03,forage,19.88,1
2024-11-05,FOR-04,forage,17.7,1
2024-11-05,PEL-01,chargement,20.46,1
2024-11-05,PEL-02,chargement,13.16,1
2024-11-05,PEL-03,chargement,21.43,1
2024-11-05,PEL-04,chargement,22.12,1
2024-11-05,PEL-05,chargement,14.91,1
2024-11-05,CAM-01,transport,12.47,1
2024-11-05,CAM-02,transport,17.86,1
2024-11-05,CAM-03,transport,13.81,1
2024-11-05,CAM-04,transport,0.0,0
2024-11-05,CAM-05,transport,17.45,1
2024-11-05,CAM-06,transport,16.15,1
2024-11-05,CAM-07,transport,17.11,1
2024-11-05,CAM-08,transport,19.27,1
2024-11-05,CAM-09,transport,12.92,1
2024-11-05,CAM-10,transport,13.88,1
2024-11-05,CAM-11,transport,12.36,1
2024-11-05,CAM-12,transport,19.74,1
2024-11-05,GEN-01,energie,19.48,1
2024-11-05,GEN-02,energie,24.0,1
2024-11-05,GEN-03,energie,24.0,1
2024-11-06,FOR-01,forage,9.91,1
2024-11-06,FOR-02,forage,16.55,1
2024-11-06,FOR-03,forage,14.11,1
2024-11-06,FOR-04,forage,0.0,0
2024-11-06,PEL-01,chargement,15.26,1
2024-11-06,PEL-02,chargement,22.87,1
2024-11-06,PEL-03,chargement,17.49,1
2024-11-06,PEL-04,chargement,13.2,1
2024-11-06,PEL-05,chargement,23.4,1
2024-11-06,CAM-01,transport,15.01,1
2024-11-06,CAM-02,transport,19.61,1
2024-11-06,CAM-03,transport,19.04,1
2024-11-06,CAM-04,transport,20.58,1
2024-11-06,CAM-05,transport,17.23,1
2024-11-06,CAM-06,transport,22.05,1
2024-11-06,CAM-07,transport,14.35,1
2024-11-06,CAM-08,transport,24.0,1
2024-11-06,CAM-09,transport,19.59,1
2024-11-06,CAM-10,transport,14.59,1
2024-11-06,CAM-11,transport,18.29,1
2024-11-06,CAM-12,transport,20.15,1
2024-11-06,GEN-01,energie,24.0,1
2024-11-06,GEN-02,energie,24.0,1
2024-11-06,GEN-03,energie,20.02,1
2024-11-07,FOR-01,forage,15.55,1
2024-11-07,FOR-02,forage,19.29,1
2024-11-07,FOR-03,forage,20.14,1
2024-11-07,FOR-04,forage,22.14,1
2024-11-07,PEL-01,chargement,16.3,1
2024-11-07,PEL-02,chargement,11.44,1
2024-11-07,PEL-03,chargement,18.01,1
2024-11-07,PEL-04,chargement,20.05,1
2024-11-07,PEL-05,chargement,15.26,1
2024-11-07,CAM-01,transport,15.23,1
2024-11-07,CAM-02,transport,21.61,1
2024-11-07,CAM-03,transport,17.32,1
2024-11-07,CAM-04,transport,15.29,1
2024-11-07,CAM-05,transport,18.39,1
2024-11-07,CAM-06,transport,14.75,1
2024-11-07,CAM-07,transport,17.82,1
2024-11-07,CAM-08,transport,21.96,1
2024-11-07,CAM-09,transport,17.69,1
2024-11-07,CAM-10,transport,14.93,1
2024-11-07,CAM-11,transport,15.5,1
2024-11-07,CAM-12,transport,18.73,1
2024-11-07,GEN-01,energie,24.0,1
2024-11-07,GEN-02,energie,20.17,1
2024-11-07,GEN-03,energie,22.24,1
2024-11-08,FOR-01,forage,15.99,1
2024-11-08,FOR-02,forage,21.39,1
2024-11-08,FOR-03,forage,14.54,1
2024-11-08,FOR-04,forage,16.69,1
2024-11-08,PEL-01,chargement,0.0,0
2024-11-08,PEL-02,chargement,21.63,1
2024-11-08,PEL-03,chargement,18.05,1
2024-11-08,PEL-04,chargement,17.57,1
2024-11-08,PEL-05,chargement,18.85,1
2024-11-08,CAM-01,transport,15.14,1
2024-11-08,CAM-02,transport,14.28,1
2024-11-08,CAM-03,transport,17.13,1
2024-11-08,CAM-04,transport,17.68,1
2024-11-08,CAM-05,transport,16.54,1
2024-11-08,CAM-06,transport,16.85,1
2024-11-08,CAM-07,transport,14.83,1
2024-11-08,CAM-08,transport,11.45,1
2024-11-08,CAM-09,transport,14.66,1
2024-11-08,CAM-10,transport,14.15,1
2024-11-08,CAM-11,transport,16.54,1
2024-11-08,CAM-12,transport,15.87,1
2024-11-08,GEN-01,energie,16.95,1
2024-11-08,GEN-02,energie,20.15,1
2024-11-08,GEN-03,energie,18.45,1
2024-11-09,FOR-01,forage,21.55,1
2024-11-09,FOR-02,forage,19.02,1
2024-11-09,FOR-03,forage,19.95,1
2024-11-09,FOR-04,forage,20.68,1
2024-11-09,PEL-01,chargement,22.57,1
2024-11-09,PEL-02,chargement,14.79,1
2024-11-09,PEL-03,chargement,22.53,1
2024-11-09,PEL-04,chargement,19.9,1
2024-11-09,PEL-05,chargement,20.32,1
2024-11-09,CAM-01,transport,18.33,1
2024-11-09,CAM-02,transport,14.32,1
2024-11-09,CAM-03,transport,17.2,1
2024-11-09,CAM-04,transport,17.51,1
2024-11-09,CAM-05,transport,14.77,1
2024-11-09,CAM-06,transport,18.9,1
2024-11-09,CAM-07,transport,19.87,1
2024-11-09,CAM-08,transport,17.09,1
2024-11-09,CAM-09,transport,17.94,1
2024-11-09,CAM-10,transport,15.43,1
2024-11-09,CAM-11,transport,21.94,1
2024-11-09,CAM-12,transport,0.0,0
2024-11-09,GEN-01,energie,24.0,1
2024-11-09,GEN-02,energie,17.8,1
2024-11-09,GEN-03,energie,21.83,1
2024-11-10,FOR-01,forage,17.92,1
2024-11-10,FOR-02,forage,19.3,1
2024-11-10,FOR-03,forage,15.88,1
2024-11-10,FOR-04,forage,13.84,1
2024-11-10,PEL-01,chargement,14.1,1
2024-11-10,PEL-02,chargement,22.51,1
2024-11-10,PEL-03,chargement,24.0,1
2024-11-10,PEL-04,chargement,18.44,1
2024-11-10,PEL-05,chargement,18.98,1
2024-11-10,CAM-01,transport,21.62,1
2024-11-10,CAM-02,transport,17.56,1
2024-11-10,CAM-03,transport,16.78,1
2024-11-10,CAM-04,transport,19.65,1
2024-11-10,CAM-05,transport,14.49,1
2024-11-10,CAM-06,transport,19.22,1
2024-11-10,CAM-07,transport,13.08,1
2024-11-10,CAM-08,transport,12.87,1
2024-11-10,CAM-09,transport,21.01,1
2024-11-10,CAM-10,transport,18.19,1
2024-11-10,CAM-11,transport,18.77,1
2024-11-10,CAM-12,transport,14.58,1
2024-11-10,GEN-01,energie,21.76,1
2024-11-10,GEN-02,energie,20.4,1
2024-11-10,GEN-03,energie,20.19,1
2024-11-11,FOR-01,forage,20.67,1
2024-11-11,FOR-02,forage,16.32,1
2024-11-11,FOR-03,forage,13.26,1
2024-11-11,FOR-04,forage,21.48,1
2024-11-11,PEL-01,chargement,19.74,1
2024-11-11,PEL-02,chargement,19.65,1
2024-11-11,PEL-03,chargement,22.18,1
2024-11-11,PEL-04,chargement,14.69,1
2024-11-11,PEL-05,chargement,11.63,1
2024-11-11,CAM-01,transport,17.19,1
2024-11-11,CAM-02,transport,0.0,0
2024-11-11,CAM-03,transport,21.79,1
2024-11-11,CAM-04,transport,0.0,0
2024-11-11,CAM-05,transport,16.73,1
2024-11-11,CAM-06,transport,21.25,1
2024-11-11,CAM-07,transport,0.0,0
2024-11-11,CAM-08,transport,18.08,1
2024-11-11,CAM-09,transport,18.26,1
2024-11-11,CAM-10,transport,15.35,1
2024-11-11,CAM-11,transport,18.52,1
2024-11-11,CAM-12,transport,21.79,1
2024-11-11,GEN-01,energie,23.44,1
2024-11-11,GEN-02,energie,22.14,1
2024-11-11,GEN-03,energie,23.72,1
2024-11-12,FOR-01,forage,19.48,1
2024-11-12,FOR-02,forage,18.28,1
2024-11-12,FOR-03,forage,22.28,1
2024-11-12,FOR-04,forage,21.56,1
2024-11-12,PEL-01,chargement,19.04,1
2024-11-12,PEL-02,chargement,19.66,1
2024-11-12,PEL-03,chargement,17.15,1
2024-11-12,PEL-04,chargement,18.74,1
2024-11-12,PEL-05,chargement,18.15,1
2024-11-12,CAM-01,transport,17.62,1
2024-11-12,CAM-02,transport,20.73,1
2024-11-12,CAM-03,transport,16.88,1
2024-11-12,CAM-04,transport,21.18,1
2024-11-12,CAM-05,transport,20.9,1
2024-11-12,CAM-06,transport,21.27,1
2024-11-12,CAM-07,transport,0.0,0
2024-11-12,CAM-08,transport,20.29,1
2024-11-12,CAM-09,transport,14.69,1
2024-11-12,CAM-10,transport,18.88,1
2024-11-12,CAM-11,transport,20.88,1
2024-11-12,CAM-12,transport,12.77,1
2024-11-12,GEN-01,energie,19.9,1
2024-11-12,GEN-02,energie,21.61,1
2024-11-12,GEN-03,energie,20.46,1
2024-11-13,FOR-01,forage,18.37,1
2024-11-13,FOR-02,forage,15.78,1
2024-11-13,FOR-03,forage,17.07,1
2024-11-13,FOR-04,forage,17.03,1
2024-11-13,PEL-01,chargement,14.36,1
2024-11-13,PEL-02,chargement,14.12,1
2024-11-13,PEL-03,chargement,15.27,1
2024-11-13,PEL-04,chargement,15.3,1
2024-11-13,PEL-05,chargement,16.91,1
2024-11-13,CAM-01,transport,15.44,1
2024-11-13,CAM-02,transport,18.77,1
2024-11-13,CAM-03,transport,22.62,1
2024-11-13,CAM-04,transport,21.2,1
2024-11-13,CAM-05,transport,19.26,1
2024-11-13,CAM-06,transport,17.73,1
2024-11-13,CAM-07,transport,23.67,1
2024-11-13,CAM-08,transport,20.83,1
2024-11-13,CAM-09,transport,20.58,1
2024-11-13,CAM-10,transport,16.75,1
2024-11-13,CAM-11,transport,20.0,1
2024-11-13,CAM-12,transport,20.96,1
2024-11-13,GEN-01,energie,21.79,1
2024-11-13,GEN-02,energie,22.02,1
2024-11-13,GEN-03,energie,17.71,1
2024-11-14,FOR-01,forage,16.16,1
2024-11-14,FOR-02,forage,16.22,1
2024-11-14,FOR-03,forage,15.81,1
2024-11-14,FOR-04,forage,15.24,1
2024-11-14,PEL-01,chargement,17.84,1
2024-11-14,PEL-02,chargement,15.57,1
2024-11-14,PEL-03,chargement,20.94,1
2024-11-14,PEL-04,chargement,19.07,1
2024-11-14,PEL-05,chargement,16.68,1
2024-11-14,CAM-01,transport,20.31,1
2024-11-14,CAM-02,transport,18.8,1
2024-11-14,CAM-03,transport,24.0,1
2024-11-14,CAM-04,transport,14.88,1
2024-11-14,CAM-05,transport,24.0,1
2024-11-14,CAM-06,transport,17.94,1
2024-11-14,CAM-07,transport,17.87,1
2024-11-14,CAM-08,transport,18.72,1
2024-11-14,CAM-09,transport,21.09,1
2024-11-14,CAM-10,transport,18.88,1
2024-11-14,CAM-11,transport,14.15,1
2024-11-14,CAM-12,transport,16.49,1
2024-11-14,GEN-01,energie,21.46,1
2024-11-14,GEN-02,energie,23.55,1
2024-11-14,GEN-03,energie,21.11,1
2024-11-15,FOR-01,forage,22.52,1
2024-11-15,FOR-02,forage,13.66,1
2024-11-15,FOR-03,forage,17.8,1
2024-11-15,FOR-04,forage,14.82,1
2024-11-15,PEL-01,chargement,17.65,1
2024-11-15,PEL-02,chargement,19.45,1
2024-11-15,PEL-03,chargement,18.58,1
2024-11-15,PEL-04,chargement,22.37,1
2024-11-15,PEL-05,chargement,14.64,1
2024-11-15,CAM-01,transport,19.94,1
2024-11-15,CAM-02,transport,16.8,1
2024-11-15,CAM-03,transport,19.33,1
2024-11-15,CAM-04,transport,18.54,1
2024-11-15,CAM-05,transport,21.96,1
2024-11-15,CAM-06,transport,18.76,1
2024-11-15,CAM-07,transport,18.32,1
2024-11-15,CAM-08,transport,17.29,1
2024-11-15,CAM-09,transport,21.51,1
2024-11-15,CAM-10,transport,15.9,1
2024-11-15,CAM-11,transport,18.35,1
2024-11-15,CAM-12,transport,20.59,1
2024-11-15,GEN-01,energie,21.45,1
2024-11-15,GEN-02,energie,21.51,1
2024-11-15,GEN-03,energie,21.76,1
2024-11-16,FOR-01,forage,19.31,1
2024-11-16,FOR-02,forage,18.39,1
2024-11-16,FOR-03,forage,15.94,1
2024-11-16,FOR-04,forage,17.18,1
2024-11-16,PEL-01,chargement,17.67,1
2024-11-16,PEL-02,chargement,21.3,1
2024-11-16,PEL-03,chargement,16.49,1
2024-11-16,PEL-04,chargement,18.39,1
2024-11-16,PEL-05,chargement,17.81,1
2024-11-16,CAM-01,transport,12.82,1
2024-11-16,CAM-02,transport,17.91,1
2024-11-16,CAM-03,transport,12.69,1
2024-11-16,CAM-04,transport,21.9,1
2024-11-16,CAM-05,transport,14.94,1
2024-11-16,CAM-06,transport,21.67,1
2024-11-16,CAM-07,transport,12.2,1
2024-11-16,CAM-08,transport,19.26,1
2024-11-16,CAM-09,transport,13.55,1
2024-11-16,CAM-10,transport,16.87,1
2024-11-16,CAM-11,transport,22.42,1
2024-11-16,CAM-12,transport,21.31,1
2024-11-16,GEN-01,energie,24.0,1
2024-11-16,GEN-02,energie,21.34,1
2024-11-16,GEN-03,energie,21.87,1
2024-11-17,FOR-01,forage,20.41,1
2024-11-17,FOR-02,forage,15.04,1
2024-11-17,FOR-03,forage,23.74,1
2024-11-17,FOR-04,forage,18.67,1
2024-11-17,PEL-01,chargement,0.0,0
2024-11-17,PEL-02,chargement,19.32,1
2024-11-17,PEL-03,chargement,12.34,1
2024-11-17,PEL-04,chargement,19.27,1
2024-11-17,PEL-05,chargement,16.88,1
2024-11-17,CAM-01,transport,14.2,1
2024-11-17,CAM-02,transport,13.16,1
2024-11-17,CAM-03,transport,20.62,1
2024-11-17,CAM-04,transport,20.14,1
2024-11-17,CAM-05,transport,15.47,1
2024-11-17,CAM-06,transport,18.66,1
2024-11-17,CAM-07,transport,17.17,1
2024-11-17,CAM-08,transport,21.38,1
2024-11-17,CAM-09,transport,15.42,1
2024-11-17,CAM-10,transport,16.28,1
2024-11-17,CAM-11,transport,21.51,1
2024-11-17,CAM-12,transport,12.69,1
2024-11-17,GEN-01,energie,21.62,1
2024-11-17,GEN-02,energie,23.13,1
2024-11-17,GEN-03,energie,22.43,1
2024-11-18,FOR-01,forage,11.35,1
2024-11-18,FOR-02,forage,21.51,1
2024-11-18,FOR-03,forage,21.77,1
2024-11-18,FOR-04,forage,23.01,1
2024-11-18,PEL-01,chargement,17.79,1
2024-11-18,PEL-02,chargement,19.46,1
2024-11-18,PEL-03,chargement,11.25,1
2024-11-18,PEL-04,chargement,15.87,1
2024-11-18,PEL-05,chargement,21.06,1
2024-11-18,CAM-01,transport,17.3,1
2024-11-18,CAM-02,transport,23.11,1
2024-11-18,CAM-03,transport,23.58,1
2024-11-18,CAM-04,transport,15.49,1
2024-11-18,CAM-05,transport,14.69,1
2024-11-18,CAM-06,transport,20.94,1
2024-11-18,CAM-07,transport,21.29,1
2024-11-18,CAM-08,transport,0.0,0
2024-11-18,CAM-09,transport,21.09,1
2024-11-18,CAM-10,transport,16.45,1
2024-11-18,CAM-11,transport,17.89,1
2024-11-18,CAM-12,transport,18.98,1
2024-11-18,GEN-01,energie,20.35,1
2024-11-18,GEN-02,energie,24.0,1
2024-11-18,GEN-03,energie,23.16,1
2024-11-19,FOR-01,forage,19.87,1
2024-11-19,FOR-02,forage,18.31,1
2024-11-19,FOR-03,forage,19.91,1
2024-11-19,FOR-04,forage,14.01,1
2024-11-19,PEL-01,chargement,18.41,1
2024-11-19,PEL-02,chargement,14.2,1
2024-11-19,PEL-03,chargement,21.27,1
2024-11-19,PEL-04,chargement,18.5,1
2024-11-19,PEL-05,chargement,14.8,1
2024-11-19,CAM-01,transport,23.08,1
2024-11-19,CAM-02,transport,20.15,1
2024-11-19,CAM-03,transport,20.33,1
2024-11-19,CAM-04,transport,17.66,1
2024-11-19,CAM-05,transport,15.65,1
2024-11-19,CAM-06,transport,19.06,1
2024-11-19,CAM-07,transport,16.14,1
2024-11-19,CAM-08,transport,24.0,1
2024-11-19,CAM-09,transport,16.02,1
2024-11-19,CAM-10,transport,15.5,1
2024-11-19,CAM-11,transport,16.4,1
2024-11-19,CAM-12,transport,14.16,1
2024-11-19,GEN-01,energie,22.3,1
2024-11-19,GEN-02,energie,22.05,1
2024-11-19,GEN-03,energie,21.06,1
2024-11-20,FOR-01,forage,0.0,0
2024-11-20,FOR-02,forage,17.85,1
2024-11-20,FOR-03,forage,22.56,1
2024-11-20,FOR-04,forage,21.78,1
2024-11-20,PEL-01,chargement,9.92,1
2024-11-20,PEL-02,chargement,11.15,1
2024-11-20,PEL-03,chargement,18.67,1
2024-11-20,PEL-04,chargement,15.42,1
2024-11-20,PEL-05,chargement,17.6,1
2024-11-20,CAM-01,transport,12.45,1
2024-11-20,CAM-02,transport,19.59,1
2024-11-20,CAM-03,transport,22.29,1
2024-11-20,CAM-04,transport,21.9,1
2024-11-20,CAM-05,transport,21.07,1
2024-11-20,CAM-06,transport,19.01,1
2024-11-20,CAM-07,transport,18.75,1
2024-11-20,CAM-08,transport,24.0,1
2024-11-20,CAM-09,transport,15.3,1
2024-11-20,CAM-10,transport,18.5,1
2024-11-20,CAM-11,transport,24.0,1
2024-11-20,CAM-12,transport,13.68,1
2024-11-20,GEN-01,energie,22.61,1
2024-11-20,GEN-02,energie,23.65,1
2024-11-20,GEN-03,energie,21.64,1
2024-11-21,FOR-01,forage,20.61,1
2024-11-21,FOR-02,forage,20.57,1
2024-11-21,FOR-03,forage,17.99,1
2024-11-21,FOR-04,forage,17.24,1
2024-11-21,PEL-01,chargement,12.52,1
2024-11-21,PEL-02,chargement,21.89,1
2024-11-21,PEL-03,chargement,20.81,1
2024-11-21,PEL-04,chargement,15.49,1
2024-11-21,PEL-05,chargement,15.78,1
2024-11-21,CAM-01,transport,13.48,1
2024-11-21,CAM-02,transport,14.36,1
2024-11-21,CAM-03,transport,16.58,1
2024-11-21,CAM-04,transport,19.17,1
2024-11-21,CAM-05,transport,0.0,0
2024-11-21,CAM-06,transport,19.74,1
2024-11-21,CAM-07,transport,18.56,1
2024-11-21,CAM-08,transport,16.94,1
2024-11-21,CAM-09,transport,21.31,1
2024-11-21,CAM-10,transport,13.31,1
2024-11-21,CAM-11,transport,23.6,1
2024-11-21,CAM-12,transport,17.46,1
2024-11-21,GEN-01,energie,18.41,1
2024-11-21,GEN-02,energie,21.43,1
2024-11-21,GEN-03,energie,20.75,1
2024-11-22,FOR-01,forage,22.29,1
2024-11-22,FOR-02,forage,12.18,1
2024-11-22,FOR-03,forage,16.04,1
2024-11-22,FOR-04,forage,20.3,1
2024-11-22,PEL-01,chargement,19.6,1
2024-11-22,PEL-02,chargement,17.36,1
2024-11-22,PEL-03,chargement,22.97,1
2024-11-22,PEL-04,chargement,15.54,1
2024-11-22,PEL-05,chargement,17.68,1
2024-11-22,CAM-01,transport,16.62,1
2024-11-22,CAM-02,transport,0.0,0
2024-11-22,CAM-03,transport,19.05,1
2024-11-22,CAM-04,transport,20.89,1
2024-11-22,CAM-05,transport,23.16,1
2024-11-22,CAM-06,transport,13.28,1
2024-11-22,CAM-07,transport,15.99,1
2024-11-22,CAM-08,transport,19.11,1
2024-11-22,CAM-09,transport,15.76,1
2024-11-22,CAM-10,transport,14.29,1
2024-11-22,CAM-11,transport,18.09,1
2024-11-22,CAM-12,transport,16.68,1
2024-11-22,GEN-01,energie,22.88,1
2024-11-22,GEN-02,energie,24.0,1
2024-11-22,GEN-03,energie,24.0,1
2024-11-23,FOR-01,forage,16.67,1
2024-11-23,FOR-02,forage,18.5,1
2024-11-23,FOR-03,forage,22.3,1
2024-11-23,FOR-04,forage,23.24,1
2024-11-23,PEL-01,chargement,15.12,1
2024-11-23,PEL-02,chargement,21.88,1
2024-11-23,PEL-03,chargement,13.8,1
2024-11-23,PEL-04,chargement,19.93,1
2024-11-23,PEL-05,chargement,17.52,1
2024-11-23,CAM-01,transport,14.98,1
2024-11-23,CAM-02,transport,17.11,1
2024-11-23,CAM-03,transport,14.5,1
2024-11-23,CAM-04,transport,19.99,1
2024-11-23,CAM-05,transport,19.64,1
2024-11-23,CAM-06,transport,19.24,1
2024-11-23,CAM-07,transport,17.2,1
2024-11-23,CAM-08,transport,22.85,1
2024-11-23,CAM-09,transport,19.17,1
2024-11-23,CAM-10,transport,16.4,1
2024-11-23,CAM-11,transport,21.34,1
2024-11-23,CAM-12,transport,18.54,1
2024-11-23,GEN-01,energie,20.39,1
2024-11-23,GEN-02,energie,23.65,1
2024-11-23,GEN-03,energie,18.78,1
2024-11-24,FOR-01,forage,22.17,1
2024-11-24,FOR-02,forage,20.23,1
2024-11-24,FOR-03,forage,21.29,1
2024-11-24,FOR-04,forage,22.69,1
2024-11-24,PEL-01,chargement,19.58,1
2024-11-24,PEL-02,chargement,16.02,1
2024-11-24,PEL-03,chargement,23.54,1
2024-11-24,PEL-04,chargement,15.94,1
2024-11-24,PEL-05,chargement,17.5,1
2024-11-24,CAM-01,transport,17.48,1
2024-11-24,CAM-02,transport,14.87,1
2024-11-24,CAM-03,transport,20.85,1
2024-11-24,CAM-04,transport,14.01,1
2024-11-24,CAM-05,transport,15.58,1
2024-11-24,CAM-06,transport,18.58,1
2024-11-24,CAM-07,transport,17.82,1
2024-11-24,CAM-08,transport,17.87,1
2024-11-24,CAM-09,transport,15.83,1
2024-11-24,CAM-10,transport,19.16,1
2024-11-24,CAM-11,transport,11.8,1
2024-11-24,CAM-12,transport,18.35,1
2024-11-24,GEN-01,energie,19.8,1
2024-11-24,GEN-02,energie,18.35,1
2024-11-24,GEN-03,energie,23.13,1
2024-11-25,FOR-01,forage,17.0,1
2024-11-25,FOR-02,forage,19.19,1
2024-11-25,FOR-03,forage,20.09,1
2024-11-25,FOR-04,forage,22.61,1
2024-11-25,PEL-01,chargement,21.53,1
2024-11-25,PEL-02,chargement,0.0,0
2024-11-25,PEL-03,chargement,21.7,1
2024-11-25,PEL-04,chargement,18.08,1
2024-11-25,PEL-05,chargement,15.14,1
2024-11-25,CAM-01,transport,16.49,1
2024-11-25,CAM-02,transport,17.84,1
2024-11-25,CAM-03,transport,16.59,1
2024-11-25,CAM-04,transport,18.33,1
2024-11-25,CAM-05,transport,18.27,1
2024-11-25,CAM-06,transport,12.96,1
2024-11-25,CAM-07,transport,22.71,1
2024-11-25,CAM-08,transport,21.34,1
2024-11-25,CAM-09,transport,18.88,1
2024-11-25,CAM-10,transport,14.73,1
2024-11-25,CAM-11,transport,22.83,1
2024-11-25,CAM-12,transport,17.96,1
2024-11-25,GEN-01,energie,24.0,1
2024-11-25,GEN-02,energie,24.0,1
2024-11-25,GEN-03,energie,17.95,1
2024-11-26,FOR-01,forage,17.37,1
2024-11-26,FOR-02,forage,19.32,1
2024-11-26,FOR-03,forage,16.11,1
2024-11-26,FOR-04,forage,21.91,1
2024-11-26,PEL-01,chargement,19.54,1
2024-11-26,PEL-02,chargement,20.95,1
2024-11-26,PEL-03,chargement,14.74,1
2024-11-26,PEL-04,chargement,17.4,1
2024-11-26,PEL-05,chargement,16.01,1
2024-11-26,CAM-01,transport,19.54,1
2024-11-26,CAM-02,transport,19.91,1
2024-11-26,CAM-03,transport,20.8,1
2024-11-26,CAM-04,transport,20.77,1
2024-11-26,CAM-05,transport,18.14,1
2024-11-26,CAM-06,transport,18.44,1
2024-11-26,CAM-07,transport,22.87,1
2024-11-26,CAM-08,transport,18.72,1
2024-11-26,CAM-09,transport,18.55,1
2024-11-26,CAM-10,transport,24.0,1
2024-11-26,CAM-11,transport,16.85,1
2024-11-26,CAM-12,transport,14.02,1
2024-11-26,GEN-01,energie,19.48,1
2024-11-26,GEN-02,energie,22.29,1
2024-11-26,GEN-03,energie,23.41,1
2024-11-27,FOR-01,forage,16.83,1
2024-11-27,FOR-02,forage,0.0,0
2024-11-27,FOR-03,forage,21.88,1
2024-11-27,FOR-04,forage,19.47,1
2024-11-27,PEL-01,chargement,12.93,1
2024-11-27,PEL-02,chargement,24.0,1
2024-11-27,PEL-03,chargement,19.1,1
2024-11-27,PEL-04,chargement,20.43,1
2024-11-27,PEL-05,chargement,19.92,1
2024-11-27,CAM-01,transport,18.11,1
2024-11-27,CAM-02,transport,16.24,1
2024-11-27,CAM-03,transport,20.57,1
2024-11-27,CAM-04,transport,20.87,1
2024-11-27,CAM-05,transport,24.0,1
2024-11-27,CAM-06,transport,19.88,1
2024-11-27,CAM-07,transport,20.72,1
2024-11-27,CAM-08,transport,0.0,0
2024-11-27,CAM-09,transport,21.82,1
2024-11-27,CAM-10,transport,12.48,1
2024-11-27,CAM-11,transport,24.0,1
2024-11-27,CAM-12,transport,15.41,1
2024-11-27,GEN-01,energie,19.76,1
2024-11-27,GEN-02,energie,24.0,1
2024-11-27,GEN-03,energie,20.91,1
2024-11-28,FOR-01,forage,17.99,1
2024-11-28,FOR-02,forage,19.47,1
2024-11-28,FOR-03,forage,23.91,1
2024-11-28,FOR-04,forage,12.16,1
2024-11-28,PEL-01,chargement,17.02,1
2024-11-28,PEL-02,chargement,17.82,1
2024-11-28,PEL-03,chargement,18.58,1
2024-11-28,PEL-04,chargement,19.66,1
2024-11-28,PEL-05,chargement,16.67,1
2024-11-28,CAM-01,transport,20.3,1
2024-11-28,CAM-02,transport,13.88,1
2024-11-28,CAM-03,transport,18.22,1
2024-11-28,CAM-04,transport,18.58,1
2024-11-28,CAM-05,transport,14.23,1
2024-11-28,CAM-06,transport,15.13,1
2024-11-28,CAM-07,transport,19.22,1
2024-11-28,CAM-08,transport,16.75,1
2024-11-28,CAM-09,transport,18.03,1
2024-11-28,CAM-10,transport,19.49,1
2024-11-28,CAM-11,transport,19.43,1
2024-11-28,CAM-12,transport,15.45,1
2024-11-28,GEN-01,energie,23.14,1
2024-11-28,GEN-02,energie,22.71,1
2024-11-28,GEN-03,energie,22.23,1
2024-11-29,FOR-01,forage,0.0,0
2024-11-29,FOR-02,forage,18.89,1
2024-11-29,FOR-03,forage,20.66,1
2024-11-29,FOR-04,forage,16.44,1
2024-11-29,PEL-01,chargement,12.67,1
2024-11-29,PEL-02,chargement,17.74,1
2024-11-29,PEL-03,chargement,17.71,1
2024-11-29,PEL-04,chargement,16.88,1
2024-11-29,PEL-05,chargement,15.37,1
2024-11-29,CAM-01,transport,20.38,1
2024-11-29,CAM-02,transport,17.54,1
2024-11-29,CAM-03,transport,17.2,1
2024-11-29,CAM-04,transport,19.77,1
2024-11-29,CAM-05,transport,24.0,1
2024-11-29,CAM-06,transport,18.53,1
2024-11-29,CAM-07,transport,21.76,1
2024-11-29,CAM-08,transport,17.69,1
2024-11-29,CAM-09,transport,0.0,0
2024-11-29,CAM-10,transport,19.22,1
2024-11-29,CAM-11,transport,13.54,1
2024-11-29,CAM-12,transport,22.72,1
2024-11-29,GEN-01,energie,23.63,1
2024-11-29,GEN-02,energie,19.84,1
2024-11-29,GEN-03,energie,21.05,1
2024-11-30,FOR-01,forage,22.77,1
2024-11-30,FOR-02,forage,18.23,1
2024-11-30,FOR-03,forage,14.3,1
2024-11-30,FOR-04,forage,19.58,1
2024-11-30,PEL-01,chargement,15.61,1
2024-11-30,PEL-02,chargement,22.4,1
2024-11-30,PEL-03,chargement,14.09,1
2024-11-30,PEL-04,chargement,17.81,1
2024-11-30,PEL-05,chargement,15.23,1
2024-11-30,CAM-01,transport,18.03,1
2024-11-30,CAM-02,transport,18.59,1
2024-11-30,CAM-03,transport,19.7,1
2024-11-30,CAM-04,transport,17.25,1
2024-11-30,CAM-05,transport,15.43,1
2024-11-30,CAM-06,transport,17.16,1
2024-11-30,CAM-07,transport,18.04,1
2024-11-30,CAM-08,transport,16.01,1
2024-11-30,CAM-09,transport,22.22,1
2024-11-30,CAM-10,transport,14.64,1
2024-11-30,CAM-11,transport,14.81,1
2024-11-30,CAM-12,transport,17.33,1
2024-11-30,GEN-01,energie,23.37,1
2024-11-30,GEN-02,energie,21.79,1
2024-11-30,GEN-03,energie,22.0,1
2024-12-01,FOR-01,forage,19.95,1
2024-12-01,FOR-02,forage,21.39,1
2024-12-01,FOR-03,forage,18.22,1
2024-12-01,FOR-04,forage,15.33,1
2024-12-01,PEL-01,chargement,18.69,1
2024-12-01,PEL-02,chargement,17.93,1
2024-12-01,PEL-03,chargement,12.81,1
2024-12-01,PEL-04,chargement,18.9,1
2024-12-01,PEL-05,chargement,18.61,1
2024-12-01,CAM-01,transport,21.65,1
2024-12-01,CAM-02,transport,24.0,1
2024-12-01,CAM-03,transport,18.96,1
2024-12-01,CAM-04,transport,15.9,1
2024-12-01,CAM-05,transport,16.24,1
2024-12-01,CAM-06,transport,18.31,1
2024-12-01,CAM-07,transport,0.0,0
2024-12-01,CAM-08,transport,14.09,1
2024-12-01,CAM-09,transport,20.84,1
2024-12-01,CAM-10,transport,19.85,1
2024-12-01,CAM-11,transport,10.71,1
2024-12-01,CAM-12,transport,16.82,1
2024-12-01,GEN-01,energie,21.52,1
2024-12-01,GEN-02,energie,23.37,1
2024-12-01,GEN-03,energie,22.19,1
2024-12-02,FOR-01,forage,19.15,1
2024-12-02,FOR-02,forage,0.0,0
2024-12-02,FOR-03,forage,21.89,1
2024-12-02,FOR-04,forage,0.0,0
2024-12-02,PEL-01,chargement,17.59,1
2024-12-02,PEL-02,chargement,17.45,1
2024-12-02,PEL-03,chargement,16.85,1
2024-12-02,PEL-04,chargement,18.81,1
2024-12-02,PEL-05,chargement,19.36,1
2024-12-02,CAM-01,transport,20.56,1
2024-12-02,CAM-02,transport,17.23,1
2024-12-02,CAM-03,transport,0.0,0
2024-12-02,CAM-04,transport,18.62,1
2024-12-02,CAM-05,transport,18.85,1
2024-12-02,CAM-06,transport,16.07,1
2024-12-02,CAM-07,transport,16.46,1
2024-12-02,CAM-08,transport,21.04,1
2024-12-02,CAM-09,transport,14.55,1
2024-12-02,CAM-10,transport,23.9,1
2024-12-02,CAM-11,transport,16.28,1
2024-12-02,CAM-12,transport,20.34,1
2024-12-02,GEN-01,energie,20.26,1
2024-12-02,GEN-02,energie,22.1,1
2024-12-02,GEN-03,energie,22.43,1
2024-12-03,FOR-01,forage,20.85,1
2024-12-03,FOR-02,forage,19.7,1
2024-12-03,FOR-03,forage,7.85,1
2024-12-03,FOR-04,forage,0.0,0
2024-12-03,PEL-01,chargement,16.6,1
2024-12-03,PEL-02,chargement,21.86,1
2024-12-03,PEL-03,chargement,17.06,1
2024-12-03,PEL-04,chargement,20.95,1
2024-12-03,PEL-05,chargement,16.23,1
2024-12-03,CAM-01,transport,14.57,1
2024-12-03,CAM-02,transport,9.14,1
2024-12-03,CAM-03,transport,20.85,1
2024-12-03,CAM-04,transport,12.72,1
2024-12-03,CAM-05,transport,20.69,1
2024-12-03,CAM-06,transport,20.33,1
2024-12-03,CAM-07,transport,19.72,1
2024-12-03,CAM-08,transport,16.4,1
2024-12-03,CAM-09,transport,20.71,1
2024-12-03,CAM-10,transport,11.38,1
2024-12-03,CAM-11,transport,18.31,1
2024-12-03,CAM-12,transport,12.66,1
2024-12-03,GEN-01,energie,24.0,1
2024-12-03,GEN-02,energie,19.43,1
2024-12-03,GEN-03,energie,21.88,1
2024-12-04,FOR-01,forage,16.88,1
2024-12-04,FOR-02,forage,18.29,1
2024-12-04,FOR-03,forage,14.02,1
2024-12-04,FOR-04,forage,16.38,1
2024-12-04,PEL-01,chargement,17.97,1
2024-12-04,PEL-02,chargement,20.27,1
2024-12-04,PEL-03,chargement,24.0,1
2024-12-04,PEL-04,chargement,19.08,1
2024-12-04,PEL-05,chargement,20.16,1
2024-12-04,CAM-01,transport,15.22,1
2024-12-04,CAM-02,transport,24.0,1
2024-12-04,CAM-03,transport,22.43,1
2024-12-04,CAM-04,transport,16.52,1
2024-12-04,CAM-05,transport,16.46,1
2024-12-04,CAM-06,transport,18.98,1
2024-12-04,CAM-07,transport,24.0,1
2024-12-04,CAM-08,transport,14.95,1
2024-12-04,CAM-09,transport,22.8,1
2024-12-04,CAM-10,transport,18.0,1
2024-12-04,CAM-11,transport,12.27,1
2024-12-04,CAM-12,transport,15.9,1
2024-12-04,GEN-01,energie,20.73,1
2024-12-04,GEN-02,energie,22.56,1
2024-12-04,GEN-03,energie,20.52,1
2024-12-05,FOR-01,forage,15.45,1
2024-12-05,FOR-02,forage,15.73,1
2024-12-05,FOR-03,forage,14.15,1
2024-12-05,FOR-04,forage,0.0,0
2024-12-05,PEL-01,chargement,19.0,1
2024-12-05,PEL-02,chargement,16.69,1
2024-12-05,PEL-03,chargement,17.73,1
2024-12-05,PEL-04,chargement,21.7,1
2024-12-05,PEL-05,chargement,16.95,1
2024-12-05,CAM-01,transport,18.04,1
2024-12-05,CAM-02,transport,13.09,1
2024-12-05,CAM-03,transport,20.07,1
2024-12-05,CAM-04,transport,19.74,1
2024-12-05,CAM-05,transport,0.0,0
2024-12-05,CAM-06,transport,13.47,1
2024-12-05,CAM-07,transport,19.74,1
2024-12-05,CAM-08,transport,14.97,1
2024-12-05,CAM-09,transport,15.87,1
2024-12-05,CAM-10,transport,16.78,1
2024-12-05,CAM-11,transport,15.51,1
2024-12-05,CAM-12,transport,17.13,1
2024-12-05,GEN-01,energie,20.84,1
2024-12-05,GEN-02,energie,21.87,1
2024-12-05,GEN-03,energie,20.55,1
2024-12-06,FOR-01,forage,0.0,0
2024-12-06,FOR-02,forage,19.87,1
2024-12-06,FOR-03,forage,17.89,1
2024-12-06,FOR-04,forage,10.78,1
2024-12-06,PEL-01,chargement,14.8,1
2024-12-06,PEL-02,chargement,11.57,1
2024-12-06,PEL-03,chargement,20.02,1
2024-12-06,PEL-04,chargement,19.63,1
2024-12-06,PEL-05,chargement,14.39,1
2024-12-06,CAM-01,transport,21.33,1
2024-12-06,CAM-02,transport,16.64,1
2024-12-06,CAM-03,transport,17.77,1
2024-12-06,CAM-04,transport,18.93,1
2024-12-06,CAM-05,transport,16.27,1
2024-12-06,CAM-06,transport,18.49,1
2024-12-06,CAM-07,transport,17.01,1
2024-12-06,CAM-08,transport,18.7,1
2024-12-06,CAM-09,transport,13.54,1
2024-12-06,CAM-10,transport,20.37,1
2024-12-06,CAM-11,transport,16.19,1
2024-12-06,CAM-12,transport,14.84,1
2024-12-06,GEN-01,energie,24.0,1
2024-12-06,GEN-02,energie,20.39,1
2024-12-06,GEN-03,energie,24.0,1
2024-12-07,FOR-01,forage,20.65,1
2024-12-07,FOR-02,forage,19.03,1
2024-12-07,FOR-03,forage,19.12,1
2024-12-07,FOR-04,forage,14.69,1
2024-12-07,PEL-01,chargement,17.68,1
2024-12-07,PEL-02,chargement,15.0,1
2024-12-07,PEL-03,chargement,15.56,1
2024-12-07,PEL-04,chargement,20.46,1
2024-12-07,PEL-05,chargement,18.8,1
2024-12-07,CAM-01,transport,15.08,1
2024-12-07,CAM-02,transport,23.5,1
2024-12-07,CAM-03,transport,19.21,1
2024-12-07,CAM-04,transport,11.44,1
2024-12-07,CAM-05,transport,17.74,1
2024-12-07,CAM-06,transport,21.4,1
2024-12-07,CAM-07,transport,19.22,1
2024-12-07,CAM-08,transport,16.3,1
2024-12-07,CAM-09,transport,16.74,1
2024-12-07,CAM-10,transport,16.45,1
2024-12-07,CAM-11,transport,14.69,1
2024-12-07,CAM-12,transport,20.67,1
2024-12-07,GEN-01,energie,21.69,1
2024-12-07,GEN-02,energie,22.94,1
2024-12-07,GEN-03,energie,24.0,1
2024-12-08,FOR-01,forage,15.33,1
2024-12-08,FOR-02,forage,20.33,1
2024-12-08,FOR-03,forage,17.78,1
2024-12-08,FOR-04,forage,22.38,1
2024-12-08,PEL-01,chargement,16.17,1
2024-12-08,PEL-02,chargement,21.08,1
2024-12-08,PEL-03,chargement,19.22,1
2024-12-08,PEL-04,chargement,20.28,1
2024-12-08,PEL-05,chargement,23.69,1
2024-12-08,CAM-01,transport,20.4,1
2024-12-08,CAM-02,transport,16.02,1
2024-12-08,CAM-03,transport,22.06,1
2024-12-08,CAM-04,transport,19.24,1
2024-12-08,CAM-05,transport,16.19,1
2024-12-08,CAM-06,transport,20.19,1
2024-12-08,CAM-07,transport,17.77,1
2024-12-08,CAM-08,transport,21.9,1
2024-12-08,CAM-09,transport,16.51,1
2024-12-08,CAM-10,transport,17.11,1
2024-12-08,CAM-11,transport,14.95,1
2024-12-08,CAM-12,transport,19.96,1
2024-12-08,GEN-01,energie,17.42,1
2024-12-08,GEN-02,energie,22.71,1
2024-12-08,GEN-03,energie,23.15,1
2024-12-09,FOR-01,forage,15.83,1
2024-12-09,FOR-02,forage,18.57,1
2024-12-09,FOR-03,forage,19.16,1
2024-12-09,FOR-04,forage,17.22,1
2024-12-09,PEL-01,chargement,13.5,1
2024-12-09,PEL-02,chargement,21.04,1
2024-12-09,PEL-03,chargement,16.45,1
2024-12-09,PEL-04,chargement,17.81,1
2024-12-09,PEL-05,chargement,20.64,1
2024-12-09,CAM-01,transport,23.66,1
2024-12-09,CAM-02,transport,15.51,1
2024-12-09,CAM-03,transport,18.65,1
2024-12-09,CAM-04,transport,18.8,1
2024-12-09,CAM-05,transport,17.87,1
2024-12-09,CAM-06,transport,15.03,1
2024-12-09,CAM-07,transport,17.85,1
2024-12-09,CAM-08,transport,20.78,1
2024-12-09,CAM-09,transport,15.46,1
2024-12-09,CAM-10,transport,18.02,1
2024-12-09,CAM-11,transport,18.89,1
2024-12-09,CAM-12,transport,18.51,1
2024-12-09,GEN-01,energie,19.98,1
2024-12-09,GEN-02,energie,21.52,1
2024-12-09,GEN-03,energie,23.15,1
2024-12-10,FOR-01,forage,14.72,1
2024-12-10,FOR-02,forage,16.63,1
2024-12-10,FOR-03,forage,16.26,1
2024-12-10,FOR-04,forage,24.0,1
2024-12-10,PEL-01,chargement,14.54,1
2024-12-10,PEL-02,chargement,17.01,1
2024-12-10,PEL-03,chargement,13.24,1
2024-12-10,PEL-04,chargement,18.1,1
2024-12-10,PEL-05,chargement,17.73,1
2024-12-10,CAM-01,transport,22.82,1
2024-12-10,CAM-02,transport,20.69,1
2024-12-10,CAM-03,transport,16.51,1
2024-12-10,CAM-04,transport,0.0,0
2024-12-10,CAM-05,transport,18.46,1
2024-12-10,CAM-06,transport,12.86,1
2024-12-10,CAM-07,transport,17.21,1
2024-12-10,CAM-08,transport,17.37,1
2024-12-10,CAM-09,transport,18.85,1
2024-12-10,CAM-10,transport,18.86,1
2024-12-10,CAM-11,transport,15.75,1
2024-12-10,CAM-12,transport,20.16,1
2024-12-10,GEN-01,energie,23.22,1
2024-12-10,GEN-02,energie,21.85,1
2024-12-10,GEN-03,energie,24.0,1
2024-12-11,FOR-01,forage,15.72,1
2024-12-11,FOR-02,forage,20.32,1
2024-12-11,FOR-03,forage,10.13,1
2024-12-11,FOR-04,forage,23.76,1
2024-12-11,PEL-01,chargement,18.42,1
2024-12-11,PEL-02,chargement,21.09,1
2024-12-11,PEL-03,chargement,14.74,1
2024-12-11,PEL-04,chargement,20.64,1
2024-12-11,PEL-05,chargement,17.25,1
2024-12-11,CAM-01,transport,11.84,1
2024-12-11,CAM-02,transport,23.24,1
2024-12-11,CAM-03,transport,18.12,1
2024-12-11,CAM-04,transport,18.8,1
2024-12-11,CAM-05,transport,17.64,1
2024-12-11,CAM-06,transport,15.25,1
2024-12-11,CAM-07,transport,19.13,1
2024-12-11,CAM-08,transport,15.66,1
2024-12-11,CAM-09,transport,19.3,1
2024-12-11,CAM-10,transport,14.84,1
2024-12-11,CAM-11,transport,19.14,1
2024-12-11,CAM-12,transport,0.0,0
2024-12-11,GEN-01,energie,19.62,1
2024-12-11,GEN-02,energie,23.62,1
2024-12-11,GEN-03,energie,19.9,1
2024-12-12,FOR-01,forage,21.29,1
2024-12-12,FOR-02,forage,13.56,1
2024-12-12,FOR-03,forage,17.87,1
2024-12-12,FOR-04,forage,22.96,1
2024-12-12,PEL-01,chargement,14.33,1
2024-12-12,PEL-02,chargement,16.62,1
2024-12-12,PEL-03,chargement,18.95,1
2024-12-12,PEL-04,chargement,18.98,1
2024-12-12,PEL-05,chargement,16.06,1
2024-12-12,CAM-01,transport,20.68,1
2024-12-12,CAM-02,transport,24.0,1
2024-12-12,CAM-03,transport,0.0,0
2024-12-12,CAM-04,transport,22.11,1
2024-12-12,CAM-05,transport,15.96,1
2024-12-12,CAM-06,transport,21.77,1
2024-12-12,CAM-07,transport,12.53,1
2024-12-12,CAM-08,transport,17.39,1
2024-12-12,CAM-09,transport,12.71,1
2024-12-12,CAM-10,transport,14.7,1
2024-12-12,CAM-11,transport,18.72,1
2024-12-12,CAM-12,transport,18.11,1
2024-12-12,GEN-01,energie,22.48,1
2024-12-12,GEN-02,energie,23.06,1
2024-12-12,GEN-03,energie,20.07,1
2024-12-13,FOR-01,forage,16.83,1
2024-12-13,FOR-02,forage,16.83,1
2024-12-13,FOR-03,forage,18.06,1
2024-12-13,FOR-04,forage,16.97,1
2024-12-13,PEL-01,chargement,11.65,1
2024-12-13,PEL-02,chargement,18.3,1
2024-12-13,PEL-03,chargement,19.81,1
2024-12-13,PEL-04,chargement,19.94,1
2024-12-13,PEL-05,chargement,14.48,1
2024-12-13,CAM-01,transport,23.5,1
2024-12-13,CAM-02,transport,15.2,1
2024-12-13,CAM-03,transport,23.29,1
2024-12-13,CAM-04,transport,16.33,1
2024-12-13,CAM-05,transport,20.02,1
2024-12-13,CAM-06,transport,19.27,1
2024-12-13,CAM-07,transport,18.62,1
2024-12-13,CAM-08,transport,14.5,1
2024-12-13,CAM-09,transport,15.22,1
2024-12-13,CAM-10,transport,24.0,1
2024-12-13,CAM-11,transport,19.37,1
2024-12-13,CAM-12,transport,24.0,1
2024-12-13,GEN-01,energie,22.47,1
2024-12-13,GEN-02,energie,21.77,1
2024-12-13,GEN-03,energie,22.39,1
2024-12-14,FOR-01,forage,22.0,1
2024-12-14,FOR-02,forage,17.91,1
2024-12-14,FOR-03,forage,14.86,1
2024-12-14,FOR-04,forage,18.85,1
2024-12-14,PEL-01,chargement,0.0,0
2024-12-14,PEL-02,chargement,19.88,1
2024-12-14,PEL-03,chargement,17.51,1
2024-12-14,PEL-04,chargement,19.44,1
2024-12-14,PEL-05,chargement,22.79,1
2024-12-14,CAM-01,transport,15.61,1
2024-12-14,CAM-02,transport,18.92,1
2024-12-14,CAM-03,transport,18.54,1
2024-12-14,CAM-04,transport,16.51,1
2024-12-14,CAM-05,transport,19.63,1
2024-12-14,CAM-06,transport,19.3,1
2024-12-14,CAM-07,transport,24.0,1
2024-12-14,CAM-08,transport,18.45,1
2024-12-14,CAM-09,transport,24.0,1
2024-12-14,CAM-10,transport,22.54,1
2024-12-14,CAM-11,transport,16.37,1
2024-12-14,CAM-12,transport,19.05,1
2024-12-14,GEN-01,energie,22.38,1
2024-12-14,GEN-02,energie,18.35,1
2024-12-14,GEN-03,energie,24.0,1
2024-12-15,FOR-01,forage,18.3,1
2024-12-15,FOR-02,forage,12.8,1
2024-12-15,FOR-03,forage,20.55,1
2024-12-15,FOR-04,forage,18.87,1
2024-12-15,PEL-01,chargement,16.17,1
2024-12-15,PEL-02,chargement,20.42,1
2024-12-15,PEL-03,chargement,17.18,1
2024-12-15,PEL-04,chargement,22.37,1
2024-12-15,PEL-05,chargement,20.3,1
2024-12-15,CAM-01,transport,15.59,1
2024-12-15,CAM-02,transport,22.23,1
2024-12-15,CAM-03,transport,14.44,1
2024-12-15,CAM-04,transport,24.0,1
2024-12-15,CAM-05,transport,20.16,1
2024-12-15,CAM-06,transport,18.26,1
2024-12-15,CAM-07,transport,15.52,1
2024-12-15,CAM-08,transport,0.0,0
2024-12-15,CAM-09,transport,23.48,1
2024-12-15,CAM-10,transport,18.94,1
2024-12-15,CAM-11,transport,18.05,1
2024-12-15,CAM-12,transport,16.55,1
2024-12-15,GEN-01,energie,21.16,1
2024-12-15,GEN-02,energie,20.09,1
2024-12-15,GEN-03,energie,20.65,1
2024-12-16,FOR-01,forage,20.84,1
2024-12-16,FOR-02,forage,16.62,1
2024-12-16,FOR-03,forage,14.43,1
2024-12-16,FOR-04,forage,18.85,1
2024-12-16,PEL-01,chargement,18.29,1
2024-12-16,PEL-02,chargement,19.45,1
2024-12-16,PEL-03,chargement,16.37,1
2024-12-16,PEL-04,chargement,14.93,1
2024-12-16,PEL-05,chargement,13.55,1
2024-12-16,CAM-01,transport,15.92,1
2024-12-16,CAM-02,transport,13.55,1
2024-12-16,CAM-03,transport,17.4,1
2024-12-16,CAM-04,transport,14.77,1
2024-12-16,CAM-05,transport,21.54,1
2024-12-16,CAM-06,transport,12.34,1
2024-12-16,CAM-07,transport,16.35,1
2024-12-16,CAM-08,transport,20.36,1
2024-12-16,CAM-09,transport,15.53,1
2024-12-16,CAM-10,transport,19.48,1
2024-12-16,CAM-11,transport,20.15,1
2024-12-16,CAM-12,transport,18.42,1
2024-12-16,GEN-01,energie,19.89,1
2024-12-16,GEN-02,energie,19.19,1
2024-12-16,GEN-03,energie,22.36,1
2024-12-17,FOR-01,forage,17.97,1
2024-12-17,FOR-02,forage,16.17,1
2024-12-17,FOR-03,forage,15.64,1
2024-12-17,FOR-04,forage,16.99,1
2024-12-17,PEL-01,chargement,20.4,1
2024-12-17,PEL-02,chargement,17.59,1
2024-12-17,PEL-03,chargement,16.22,1
2024-12-17,PEL-04,chargement,20.14,1
2024-12-17,PEL-05,chargement,12.9,1
2024-12-17,CAM-01,transport,20.14,1
2024-12-17,CAM-02,transport,18.17,1
2024-12-17,CAM-03,transport,20.06,1
2024-12-17,CAM-04,transport,17.77,1
2024-12-17,CAM-05,transport,17.93,1
2024-12-17,CAM-06,transport,17.57,1
2024-12-17,CAM-07,transport,20.45,1
2024-12-17,CAM-08,transport,23.05,1
2024-12-17,CAM-09,transport,20.39,1
2024-12-17,CAM-10,transport,15.72,1
2024-12-17,CAM-11,transport,15.76,1
2024-12-17,CAM-12,transport,18.08,1
2024-12-17,GEN-01,energie,22.32,1
2024-12-17,GEN-02,energie,17.96,1
2024-12-17,GEN-03,energie,19.94,1
2024-12-18,FOR-01,forage,16.95,1
2024-12-18,FOR-02,forage,22.69,1
2024-12-18,FOR-03,forage,18.21,1
2024-12-18,FOR-04,forage,19.58,1
2024-12-18,PEL-01,chargement,16.23,1
2024-12-18,PEL-02,chargement,17.2,1
2024-12-18,PEL-03,chargement,17.11,1
2024-12-18,PEL-04,chargement,16.05,1
2024-12-18,PEL-05,chargement,19.63,1
2024-12-18,CAM-01,transport,0.0,0
2024-12-18,CAM-02,transport,19.13,1
2024-12-18,CAM-03,transport,10.26,1
2024-12-18,CAM-04,transport,23.5,1
2024-12-18,CAM-05,transport,15.74,1
2024-12-18,CAM-06,transport,14.27,1
2024-12-18,CAM-07,transport,16.97,1
2024-12-18,CAM-08,transport,15.24,1
2024-12-18,CAM-09,transport,20.24,1
2024-12-18,CAM-10,transport,13.47,1
2024-12-18,CAM-11,transport,24.0,1
2024-12-18,CAM-12,transport,13.14,1
2024-12-18,GEN-01,energie,24.0,1
2024-12-18,GEN-02,energie,22.64,1
2024-12-18,GEN-03,energie,20.7,1
2024-12-19,FOR-01,forage,12.09,1
2024-12-19,FOR-02,forage,14.05,1
2024-12-19,FOR-03,forage,19.25,1
2024-12-19,FOR-04,forage,23.28,1
2024-12-19,PEL-01,chargement,16.76,1
2024-12-19,PEL-02,chargement,18.59,1
2024-12-19,PEL-03,chargement,17.79,1
2024-12-19,PEL-04,chargement,17.62,1
2024-12-19,PEL-05,chargement,19.15,1
2024-12-19,CAM-01,transport,17.32,1
2024-12-19,CAM-02,transport,15.68,1
2024-12-19,CAM-03,transport,15.66,1
2024-12-19,CAM-04,transport,17.17,1
2024-12-19,CAM-05,transport,17.77,1
2024-12-19,CAM-06,transport,17.52,1
2024-12-19,CAM-07,transport,20.78,1
2024-12-19,CAM-08,transport,17.12,1
2024-12-19,CAM-09,transport,16.0,1
2024-12-19,CAM-10,transport,16.67,1
2024-12-19,CAM-11,transport,22.64,1
2024-12-19,CAM-12,transport,17.0,1
2024-12-19,GEN-01,energie,24.0,1
2024-12-19,GEN-02,energie,22.96,1
2024-12-19,GEN-03,energie,21.37,1
2024-12-20,FOR-01,forage,12.16,1
2024-12-20,FOR-02,forage,15.45,1
2024-12-20,FOR-03,forage,16.69,1
2024-12-20,FOR-04,forage,20.08,1
2024-12-20,PEL-01,chargement,15.73,1
2024-12-20,PEL-02,chargement,17.66,1
2024-12-20,PEL-03,chargement,19.65,1
2024-12-20,PEL-04,chargement,19.41,1
2024-12-20,PEL-05,chargement,19.31,1
2024-12-20,CAM-01,transport,20.01,1
2024-12-20,CAM-02,transport,15.38,1
2024-12-20,CAM-03,transport,18.55,1
2024-12-20,CAM-04,transport,16.95,1
2024-12-20,CAM-05,transport,19.26,1
2024-12-20,CAM-06,transport,11.14,1
2024-12-20,CAM-07,transport,18.94,1
2024-12-20,CAM-08,transport,16.12,1
2024-12-20,CAM-09,transport,19.56,1
2024-12-20,CAM-10,transport,18.59,1
2024-12-20,CAM-11,transport,21.22,1
2024-12-20,CAM-12,transport,21.01,1
2024-12-20,GEN-01,energie,21.81,1
2024-12-20,GEN-02,energie,22.77,1
2024-12-20,GEN-03,energie,23.02,1
2024-12-21,FOR-01,forage,14.46,1
2024-12-21,FOR-02,forage,13.35,1
2024-12-21,FOR-03,forage,17.98,1
2024-12-21,FOR-04,forage,16.96,1
2024-12-21,PEL-01,chargement,21.42,1
2024-12-21,PEL-02,chargement,14.39,1
2024-12-21,PEL-03,chargement,20.21,1
2024-12-21,PEL-04,chargement,21.59,1
2024-12-21,PEL-05,chargement,19.28,1
2024-12-21,CAM-01,transport,15.9,1
2024-12-21,CAM-02,transport,13.57,1
2024-12-21,CAM-03,transport,20.98,1
2024-12-21,CAM-04,transport,15.45,1
2024-12-21,CAM-05,transport,16.41,1
2024-12-21,CAM-06,transport,19.02,1
2024-12-21,CAM-07,transport,10.35,1
2024-12-21,CAM-08,transport,13.15,1
2024-12-21,CAM-09,transport,19.82,1
2024-12-21,CAM-10,transport,11.54,1
2024-12-21,CAM-11,transport,19.96,1
2024-12-21,CAM-12,transport,18.22,1
2024-12-21,GEN-01,energie,21.02,1
2024-12-21,GEN-02,energie,21.9,1
2024-12-21,GEN-03,energie,22.27,1
2024-12-22,FOR-01,forage,17.05,1
2024-12-22,FOR-02,forage,16.46,1
2024-12-22,FOR-03,forage,0.0,0
2024-12-22,FOR-04,forage,19.97,1
2024-12-22,PEL-01,chargement,18.47,1
2024-12-22,PEL-02,chargement,17.36,1
2024-12-22,PEL-03,chargement,16.52,1
2024-12-22,PEL-04,chargement,20.2,1
2024-12-22,PEL-05,chargement,24.0,1
2024-12-22,CAM-01,transport,18.0,1
2024-12-22,CAM-02,transport,18.67,1
2024-12-22,CAM-03,transport,16.54,1
2024-12-22,CAM-04,transport,20.05,1
2024-12-22,CAM-05,transport,14.04,1
2024-12-22,CAM-06,transport,15.42,1
2024-12-22,CAM-07,transport,13.4,1
2024-12-22,CAM-08,transport,0.0,0
2024-12-22,CAM-09,transport,16.29,1
2024-12-22,CAM-10,transport,13.41,1
2024-12-22,CAM-11,transport,18.37,1
2024-12-22,CAM-12,transport,20.17,1
2024-12-22,GEN-01,energie,22.75,1
2024-12-22,GEN-02,energie,23.29,1
2024-12-22,GEN-03,energie,21.8,1
2024-12-23,FOR-01,forage,14.28,1
2024-12-23,FOR-02,forage,15.1,1
2024-12-23,FOR-03,forage,14.64,1
2024-12-23,FOR-04,forage,19.05,1
2024-12-23,PEL-01,chargement,18.83,1
2024-12-23,PEL-02,chargement,18.18,1
2024-12-23,PEL-03,chargement,13.07,1
2024-12-23,PEL-04,chargement,24.0,1
2024-12-23,PEL-05,chargement,20.07,1
2024-12-23,CAM-01,transport,15.79,1
2024-12-23,CAM-02,transport,19.48,1
2024-12-23,CAM-03,transport,19.51,1
2024-12-23,CAM-04,transport,15.48,1
2024-12-23,CAM-05,transport,13.85,1
2024-12-23,CAM-06,transport,18.67,1
2024-12-23,CAM-07,transport,19.79,1
2024-12-23,CAM-08,transport,18.85,1
2024-12-23,CAM-09,transport,23.14,1
2024-12-23,CAM-10,transport,19.22,1
2024-12-23,CAM-11,transport,18.99,1
2024-12-23,CAM-12,transport,21.93,1
2024-12-23,GEN-01,energie,22.38,1
2024-12-23,GEN-02,energie,21.4,1
2024-12-23,GEN-03,energie,19.37,1
2024-12-24,FOR-01,forage,17.64,1
2024-12-24,FOR-02,forage,21.27,1
2024-12-24,FOR-03,forage,16.6,1
2024-12-24,FOR-04,forage,14.67,1
2024-12-24,PEL-01,chargement,17.41,1
2024-12-24,PEL-02,chargement,17.34,1
2024-12-24,PEL-03,chargement,20.86,1
2024-12-24,PEL-04,chargement,14.64,1
2024-12-24,PEL-05,chargement,21.71,1
2024-12-24,CAM-01,transport,16.55,1
2024-12-24,CAM-02,transport,20.35,1
2024-12-24,CAM-03,transport,14.47,1
2024-12-24,CAM-04,transport,20.0,1
2024-12-24,CAM-05,transport,9.21,1
2024-12-24,CAM-06,transport,17.33,1
2024-12-24,CAM-07,transport,21.13,1
2024-12-24,CAM-08,transport,16.6,1
2024-12-24,CAM-09,transport,20.16,1
2024-12-24,CAM-10,transport,15.93,1
2024-12-24,CAM-11,transport,0.0,0
2024-12-24,CAM-12,transport,19.46,1
2024-12-24,GEN-01,energie,24.0,1
2024-12-24,GEN-02,energie,20.56,1
2024-12-24,GEN-03,energie,21.07,1
2024-12-25,FOR-01,forage,19.41,1
2024-12-25,FOR-02,forage,16.28,1
2024-12-25,FOR-03,forage,18.09,1
2024-12-25,FOR-04,forage,19.66,1
2024-12-25,PEL-01,chargement,15.25,1
2024-12-25,PEL-02,chargement,14.9,1
2024-12-25,PEL-03,chargement,16.03,1
2024-12-25,PEL-04,chargement,21.48,1
2024-12-25,PEL-05,chargement,19.22,1
2024-12-25,CAM-01,transport,17.69,1
2024-12-25,CAM-02,transport,19.91,1
2024-12-25,CAM-03,transport,17.56,1
2024-12-25,CAM-04,transport,20.8,1
2024-12-25,CAM-05,transport,0.0,0
2024-12-25,CAM-06,transport,18.3,1
2024-12-25,CAM-07,transport,15.41,1
2024-12-25,CAM-08,transport,17.59,1
2024-12-25,CAM-09,transport,22.65,1
2024-12-25,CAM-10,transport,18.55,1
2024-12-25,CAM-11,transport,15.44,1
2024-12-25,CAM-12,transport,20.11,1
2024-12-25,GEN-01,energie,24.0,1
2024-12-25,GEN-02,energie,22.73,1
2024-12-25,GEN-03,energie,21.08,1
2024-12-26,FOR-01,forage,18.31,1
2024-12-26,FOR-02,forage,21.28,1
2024-12-26,FOR-03,forage,17.47,1
2024-12-26,FOR-04,forage,17.22,1
2024-12-26,PEL-01,chargement,16.36,1
2024-12-26,PEL-02,chargement,23.01,1
2024-12-26,PEL-03,chargement,22.51,1
2024-12-26,PEL-04,chargement,16.7,1
2024-12-26,PEL-05,chargement,20.48,1
2024-12-26,CAM-01,transport,23.69,1
2024-12-26,CAM-02,transport,20.36,1
2024-12-26,CAM-03,transport,16.66,1
2024-12-26,CAM-04,transport,22.03,1
2024-12-26,CAM-05,transport,17.98,1
2024-12-26,CAM-06,transport,15.05,1
2024-12-26,CAM-07,transport,19.83,1
2024-12-26,CAM-08,transport,24.0,1
2024-12-26,CAM-09,transport,16.31,1
2024-12-26,CAM-10,transport,16.07,1
2024-12-26,CAM-11,transport,21.86,1
2024-12-26,CAM-12,transport,19.83,1
2024-12-26,GEN-01,energie,21.81,1
2024-12-26,GEN-02,energie,19.29,1
2024-12-26,GEN-03,energie,23.85,1
2024-12-27,FOR-01,forage,18.17,1
2024-12-27,FOR-02,forage,16.37,1
2024-12-27,FOR-03,forage,17.77,1
2024-12-27,FOR-04,forage,17.07,1
2024-12-27,PEL-01,chargement,17.57,1
2024-12-27,PEL-02,chargement,16.94,1
2024-12-27,PEL-03,chargement,19.91,1
2024-12-27,PEL-04,chargement,20.5,1
2024-12-27,PEL-05,chargement,20.66,1
2024-12-27,CAM-01,transport,17.34,1
2024-12-27,CAM-02,transport,14.39,1
2024-12-27,CAM-03,transport,15.94,1
2024-12-27,CAM-04,transport,19.23,1
2024-12-27,CAM-05,transport,14.78,1
2024-12-27,CAM-06,transport,22.71,1
2024-12-27,CAM-07,transport,23.71,1
2024-12-27,CAM-08,transport,18.65,1
2024-12-27,CAM-09,transport,17.45,1
2024-12-27,CAM-10,transport,18.55,1
2024-12-27,CAM-11,transport,11.31,1
2024-12-27,CAM-12,transport,23.74,1
2024-12-27,GEN-01,energie,19.46,1
2024-12-27,GEN-02,energie,21.32,1
2024-12-27,GEN-03,energie,22.65,1
2024-12-28,FOR-01,forage,19.43,1
2024-12-28,FOR-02,forage,17.79,1
2024-12-28,FOR-03,forage,14.77,1
2024-12-28,FOR-04,forage,21.44,1
2024-12-28,PEL-01,chargement,0.0,0
2024-12-28,PEL-02,chargement,15.41,1
2024-12-28,PEL-03,chargement,17.38,1
2024-12-28,PEL-04,chargement,16.85,1
2024-12-28,PEL-05,chargement,21.3,1
2024-12-28,CAM-01,transport,13.92,1
2024-12-28,CAM-02,transport,19.02,1
2024-12-28,CAM-03,transport,19.44,1
2024-12-28,CAM-04,transport,21.44,1
2024-12-28,CAM-05,transport,16.22,1
2024-12-28,CAM-06,transport,15.24,1
2024-12-28,CAM-07,transport,0.0,0
2024-12-28,CAM-08,transport,20.35,1
2024-12-28,CAM-09,transport,14.44,1
2024-12-28,CAM-10,transport,24.0,1
2024-12-28,CAM-11,transport,16.2,1
2024-12-28,CAM-12,transport,14.24,1
2024-12-28,GEN-01,energie,18.18,1
2024-12-28,GEN-02,energie,20.39,1
2024-12-28,GEN-03,energie,21.26,1
2024-12-29,FOR-01,forage,20.97,1
2024-12-29,FOR-02,forage,16.46,1
2024-12-29,FOR-03,forage,18.73,1
2024-12-29,FOR-04,forage,0.0,0
2024-12-29,PEL-01,chargement,18.01,1
2024-12-29,PEL-02,chargement,18.1,1
2024-12-29,PEL-03,chargement,15.67,1
2024-12-29,PEL-04,chargement,14.44,1
2024-12-29,PEL-05,chargement,17.12,1
2024-12-29,CAM-01,transport,21.59,1
2024-12-29,CAM-02,transport,16.23,1
2024-12-29,CAM-03,transport,17.19,1
2024-12-29,CAM-04,transport,12.52,1
2024-12-29,CAM-05,transport,15.07,1
2024-12-29,CAM-06,transport,23.62,1
2024-12-29,CAM-07,transport,16.02,1
2024-12-29,CAM-08,transport,16.44,1
2024-12-29,CAM-09,transport,17.48,1
2024-12-29,CAM-10,transport,15.01,1
2024-12-29,CAM-11,transport,20.21,1
2024-12-29,CAM-12,transport,11.08,1
2024-12-29,GEN-01,energie,24.0,1
2024-12-29,GEN-02,energie,20.11,1
2024-12-29,GEN-03,energie,21.49,1
2024-12-30,FOR-01,forage,14.36,1
2024-12-30,FOR-02,forage,24.0,1
2024-12-30,FOR-03,forage,21.47,1
2024-12-30,FOR-04,forage,19.88,1
2024-12-30,PEL-01,chargement,17.92,1
2024-12-30,PEL-02,chargement,21.52,1
2024-12-30,PEL-03,chargement,15.55,1
2024-12-30,PEL-04,chargement,14.48,1
2024-12-30,PEL-05,chargement,16.79,1
2024-12-30,CAM-01,transport,17.27,1
2024-12-30,CAM-02,transport,20.14,1
2024-12-30,CAM-03,transport,20.3,1
2024-12-30,CAM-04,transport,24.0,1
2024-12-30,CAM-05,transport,0.0,0
2024-12-30,CAM-06,transport,13.88,1
2024-12-30,CAM-07,transport,16.47,1
2024-12-30,CAM-08,transport,23.37,1
2024-12-30,CAM-09,transport,18.49,1
2024-12-30,CAM-10,transport,18.69,1
2024-12-30,CAM-11,transport,16.64,1
2024-12-30,CAM-12,transport,14.39,1
2024-12-30,GEN-01,energie,23.55,1
2024-12-30,GEN-02,energie,24.0,1
2024-12-30,GEN-03,energie,23.94,1
2024-12-31,FOR-01,forage,14.22,1
2024-12-31,FOR-02,forage,18.44,1
2024-12-31,FOR-03,forage,13.94,1
2024-12-31,FOR-04,forage,19.61,1
2024-12-31,PEL-01,chargement,13.01,1
2024-12-31,PEL-02,chargement,16.67,1
2024-12-31,PEL-03,chargement,0.0,0
2024-12-31,PEL-04,chargement,14.62,1
2024-12-31,PEL-05,chargement,20.61,1
2024-12-31,CAM-01,transport,16.54,1
2024-12-31,CAM-02,transport,19.78,1
2024-12-31,CAM-03,transport,20.74,1
2024-12-31,CAM-04,transport,21.08,1
2024-12-31,CAM-05,transport,15.23,1
2024-12-31,CAM-06,transport,15.5,1
2024-12-31,CAM-07,transport,21.39,1
2024-12-31,CAM-08,transport,21.97,1
2024-12-31,CAM-09,transport,17.36,1
2024-12-31,CAM-10,transport,22.59,1
2024-12-31,CAM-11,transport,18.32,1
2024-12-31,CAM-12,transport,15.64,1
2024-12-31,GEN-01,energie,21.52,1
2024-12-31,GEN-02,energie,20.01,1
2024-12-31,GEN-03,energie,24.0,1
2025-01-01,FOR-01,forage,20.05,1
2025-01-01,FOR-02,forage,17.52,1
2025-01-01,FOR-03,forage,18.9,1
2025-01-01,FOR-04,forage,18.81,1
2025-01-01,PEL-01,chargement,18.39,1
2025-01-01,PEL-02,chargement,18.7,1
2025-01-01,PEL-03,chargement,18.84,1
2025-01-01,PEL-04,chargement,21.6,1
2025-01-01,PEL-05,chargement,19.07,1
2025-01-01,CAM-01,transport,18.25,1
2025-01-01,CAM-02,transport,18.21,1
2025-01-01,CAM-03,transport,0.0,0
2025-01-01,CAM-04,transport,13.38,1
2025-01-01,CAM-05,transport,21.85,1
2025-01-01,CAM-06,transport,21.4,1
2025-01-01,CAM-07,transport,22.4,1
2025-01-01,CAM-08,transport,16.48,1
2025-01-01,CAM-09,transport,20.06,1
2025-01-01,CAM-10,transport,16.27,1
2025-01-01,CAM-11,transport,20.08,1
2025-01-01,CAM-12,transport,23.02,1
2025-01-01,GEN-01,energie,21.49,1
2025-01-01,GEN-02,energie,21.6,1
2025-01-01,GEN-03,energie,19.04,1
2025-01-02,FOR-01,forage,21.59,1
2025-01-02,FOR-02,forage,18.05,1
2025-01-02,FOR-03,forage,19.96,1
2025-01-02,FOR-04,forage,17.66,1
2025-01-02,PEL-01,chargement,20.95,1
2025-01-02,PEL-02,chargement,17.72,1
2025-01-02,PEL-03,chargement,16.38,1
2025-01-02,PEL-04,chargement,18.0,1
2025-01-02,PEL-05,chargement,24.0,1
2025-01-02,CAM-01,transport,20.87,1
2025-01-02,CAM-02,transport,21.47,1
2025-01-02,CAM-03,transport,16.03,1
2025-01-02,CAM-04,transport,16.1,1
2025-01-02,CAM-05,transport,0.0,0
2025-01-02,CAM-06,transport,18.02,1
2025-01-02,CAM-07,transport,17.19,1
2025-01-02,CAM-08,transport,14.39,1
2025-01-02,CAM-09,transport,17.0,1
2025-01-02,CAM-10,transport,23.17,1
2025-01-02,CAM-11,transport,13.92,1
2025-01-02,CAM-12,transport,17.27,1
2025-01-02,GEN-01,energie,24.0,1
2025-01-02,GEN-02,energie,23.12,1
2025-01-02,GEN-03,energie,21.04,1
2025-01-03,FOR-01,forage,13.35,1
2025-01-03,FOR-02,forage,14.16,1
2025-01-03,FOR-03,forage,19.36,1
2025-01-03,FOR-04,forage,0.0,0
2025-01-03,PEL-01,chargement,19.88,1
2025-01-03,PEL-02,chargement,22.97,1
2025-01-03,PEL-03,chargement,16.51,1
2025-01-03,PEL-04,chargement,22.37,1
2025-01-03,PEL-05,chargement,11.79,1
2025-01-03,CAM-01,transport,16.76,1
2025-01-03,CAM-02,transport,16.56,1
2025-01-03,CAM-03,transport,11.35,1
2025-01-03,CAM-04,transport,18.19,1
2025-01-03,CAM-05,transport,16.54,1
2025-01-03,CAM-06,transport,16.73,1
2025-01-03,CAM-07,transport,18.01,1
2025-01-03,CAM-08,transport,21.27,1
2025-01-03,CAM-09,transport,10.29,1
2025-01-03,CAM-10,transport,19.09,1
2025-01-03,CAM-11,transport,15.22,1
2025-01-03,CAM-12,transport,16.28,1
2025-01-03,GEN-01,energie,19.7,1
2025-01-03,GEN-02,energie,20.15,1
2025-01-03,GEN-03,energie,17.62,1
2025-01-04,FOR-01,forage,21.91,1
2025-01-04,FOR-02,forage,15.0,1
2025-01-04,FOR-03,forage,19.09,1
2025-01-04,FOR-04,forage,15.57,1
2025-01-04,PEL-01,chargement,17.41,1
2025-01-04,PEL-02,chargement,16.76,1
2025-01-04,PEL-03,chargement,16.83,1
2025-01-04,PEL-04,chargement,18.32,1
2025-01-04,PEL-05,chargement,16.96,1
2025-01-04,CAM-01,transport,14.24,1
2025-01-04,CAM-02,transport,19.98,1
2025-01-04,CAM-03,transport,9.94,1
2025-01-04,CAM-04,transport,18.65,1
2025-01-04,CAM-05,transport,13.46,1
2025-01-04,CAM-06,transport,15.15,1
2025-01-04,CAM-07,transport,0.0,0
2025-01-04,CAM-08,transport,19.83,1
2025-01-04,CAM-09,transport,12.88,1
2025-01-04,CAM-10,transport,18.02,1
2025-01-04,CAM-11,transport,17.95,1
2025-01-04,CAM-12,transport,15.15,1
2025-01-04,GEN-01,energie,15.93,1
2025-01-04,GEN-02,energie,24.0,1
2025-01-04,GEN-03,energie,21.4,1
2025-01-05,FOR-01,forage,19.44,1
2025-01-05,FOR-02,forage,15.73,1
2025-01-05,FOR-03,forage,17.92,1
2025-01-05,FOR-04,forage,16.92,1
2025-01-05,PEL-01,chargement,15.8,1
2025-01-05,PEL-02,chargement,11.36,1
2025-01-05,PEL-03,chargement,22.81,1
2025-01-05,PEL-04,chargement,19.62,1
2025-01-05,PEL-05,chargement,15.98,1
2025-01-05,CAM-01,transport,24.0,1
2025-01-05,CAM-02,transport,18.77,1
2025-01-05,CAM-03,transport,24.0,1
2025-01-05,CAM-04,transport,18.18,1
2025-01-05,CAM-05,transport,17.26,1
2025-01-05,CAM-06,transport,20.06,1
2025-01-05,CAM-07,transport,17.08,1
2025-01-05,CAM-08,transport,0.0,0
2025-01-05,CAM-09,transport,0.0,0
2025-01-05,CAM-10,transport,19.63,1
2025-01-05,CAM-11,transport,20.23,1
2025-01-05,CAM-12,transport,14.17,1
2025-01-05,GEN-01,energie,20.06,1
2025-01-05,GEN-02,energie,24.0,1
2025-01-05,GEN-03,energie,20.15,1
2025-01-06,FOR-01,forage,21.35,1
2025-01-06,FOR-02,forage,14.1,1
2025-01-06,FOR-03,forage,17.17,1
2025-01-06,FOR-04,forage,17.26,1
2025-01-06,PEL-01,chargement,21.55,1
2025-01-06,PEL-02,chargement,14.14,1
2025-01-06,PEL-03,chargement,18.09,1
2025-01-06,PEL-04,chargement,14.22,1
2025-01-06,PEL-05,chargement,16.15,1
2025-01-06,CAM-01,transport,20.04,1
2025-01-06,CAM-02,transport,19.93,1
2025-01-06,CAM-03,transport,22.05,1
2025-01-06,CAM-04,transport,15.31,1
2025-01-06,CAM-05,transport,17.53,1
2025-01-06,CAM-06,transport,21.9,1
2025-01-06,CAM-07,transport,19.34,1
2025-01-06,CAM-08,transport,24.0,1
2025-01-06,CAM-09,transport,16.88,1
2025-01-06,CAM-10,transport,17.9,1
2025-01-06,CAM-11,transport,19.31,1
2025-01-06,CAM-12,transport,16.24,1
2025-01-06,GEN-01,energie,18.41,1
2025-01-06,GEN-02,energie,19.54,1
2025-01-06,GEN-03,energie,20.45,1
2025-01-07,FOR-01,forage,19.91,1
2025-01-07,FOR-02,forage,20.51,1
2025-01-07,FOR-03,forage,18.47,1
2025-01-07,FOR-04,forage,18.86,1
2025-01-07,PEL-01,chargement,15.34,1
2025-01-07,PEL-02,chargement,18.82,1
2025-01-07,PEL-03,chargement,12.13,1
2025-01-07,PEL-04,chargement,19.13,1
2025-01-07,PEL-05,chargement,10.93,1
2025-01-07,CAM-01,transport,24.0,1
2025-01-07,CAM-02,transport,12.94,1
2025-01-07,CAM-03,transport,14.9,1
2025-01-07,CAM-04,transport,15.28,1
2025-01-07,CAM-05,transport,21.28,1
2025-01-07,CAM-06,transport,16.2,1
2025-01-07,CAM-07,transport,20.63,1
2025-01-07,CAM-08,transport,16.31,1
2025-01-07,CAM-09,transport,16.38,1
2025-01-07,CAM-10,transport,17.21,1
2025-01-07,CAM-11,transport,16.76,1
2025-01-07,CAM-12,transport,15.92,1
2025-01-07,GEN-01,energie,23.06,1
2025-01-07,GEN-02,energie,24.0,1
2025-01-07,GEN-03,energie,22.98,1
2025-01-08,FOR-01,forage,21.38,1
2025-01-08,FOR-02,forage,20.53,1
2025-01-08,FOR-03,forage,20.89,1
2025-01-08,FOR-04,forage,17.49,1
2025-01-08,PEL-01,chargement,16.92,1
2025-01-08,PEL-02,chargement,17.89,1
2025-01-08,PEL-03,chargement,19.82,1
2025-01-08,PEL-04,chargement,16.37,1
2025-01-08,PEL-05,chargement,16.0,1
2025-01-08,CAM-01,transport,16.44,1
2025-01-08,CAM-02,transport,18.09,1
2025-01-08,CAM-03,transport,18.41,1
2025-01-08,CAM-04,transport,16.3,1
2025-01-08,CAM-05,transport,17.36,1
2025-01-08,CAM-06,transport,20.18,1
2025-01-08,CAM-07,transport,23.42,1
2025-01-08,CAM-08,transport,18.4,1
2025-01-08,CAM-09,transport,17.05,1
2025-01-08,CAM-10,transport,16.72,1
2025-01-08,CAM-11,transport,21.73,1
2025-01-08,CAM-12,transport,16.32,1
2025-01-08,GEN-01,energie,22.02,1
2025-01-08,GEN-02,energie,16.75,1
2025-01-08,GEN-03,energie,19.29,1
2025-01-09,FOR-01,forage,18.7,1
2025-01-09,FOR-02,forage,16.22,1
2025-01-09,FOR-03,forage,22.12,1
2025-01-09,FOR-04,forage,20.69,1
2025-01-09,PEL-01,chargement,19.65,1
2025-01-09,PEL-02,chargement,15.96,1
2025-01-09,PEL-03,chargement,17.76,1
2025-01-09,PEL-04,chargement,20.49,1
2025-01-09,PEL-05,chargement,16.18,1
2025-01-09,CAM-01,transport,15.38,1
2025-01-09,CAM-02,transport,12.55,1
2025-01-09,CAM-03,transport,17.4,1
2025-01-09,CAM-04,transport,20.95,1
2025-01-09,CAM-05,transport,17.27,1
2025-01-09,CAM-06,transport,20.94,1
2025-01-09,CAM-07,transport,14.46,1
2025-01-09,CAM-08,transport,16.15,1
2025-01-09,CAM-09,transport,19.62,1
2025-01-09,CAM-10,transport,16.56,1
2025-01-09,CAM-11,transport,0.0,0
2025-01-09,CAM-12,transport,11.91,1
2025-01-09,GEN-01,energie,21.53,1
2025-01-09,GEN-02,energie,22.27,1
2025-01-09,GEN-03,energie,19.95,1
2025-01-10,FOR-01,forage,16.33,1
2025-01-10,FOR-02,forage,16.8,1
2025-01-10,FOR-03,forage,21.48,1
2025-01-10,FOR-04,forage,19.1,1
2025-01-10,PEL-01,chargement,20.33,1
2025-01-10,PEL-02,chargement,16.26,1
2025-01-10,PEL-03,chargement,10.37,1
2025-01-10,PEL-04,chargement,21.45,1
2025-01-10,PEL-05,chargement,17.88,1
2025-01-10,CAM-01,transport,21.06,1
2025-01-10,CAM-02,transport,19.54,1
2025-01-10,CAM-03,transport,17.34,1
2025-01-10,CAM-04,transport,14.54,1
2025-01-10,CAM-05,transport,11.78,1
2025-01-10,CAM-06,transport,18.9,1
2025-01-10,CAM-07,transport,13.56,1
2025-01-10,CAM-08,transport,19.77,1
2025-01-10,CAM-09,transport,0.0,0
2025-01-10,CAM-10,transport,17.37,1
2025-01-10,CAM-11,transport,22.71,1
2025-01-10,CAM-12,transport,14.51,1
2025-01-10,GEN-01,energie,21.35,1
2025-01-10,GEN-02,energie,22.31,1
2025-01-10,GEN-03,energie,23.04,1
2025-01-11,FOR-01,forage,19.3,1
2025-01-11,FOR-02,forage,22.09,1
2025-01-11,FOR-03,forage,15.77,1
2025-01-11,FOR-04,forage,18.57,1
2025-01-11,PEL-01,chargement,19.88,1
2025-01-11,PEL-02,chargement,17.23,1
2025-01-11,PEL-03,chargement,21.73,1
2025-01-11,PEL-04,chargement,15.44,1
2025-01-11,PEL-05,chargement,18.02,1
2025-01-11,CAM-01,transport,20.92,1
2025-01-11,CAM-02,transport,14.04,1
2025-01-11,CAM-03,transport,20.45,1
2025-01-11,CAM-04,transport,22.53,1
2025-01-11,CAM-05,transport,16.76,1
2025-01-11,CAM-06,transport,19.51,1
2025-01-11,CAM-07,transport,14.82,1
2025-01-11,CAM-08,transport,16.45,1
2025-01-11,CAM-09,transport,20.09,1
2025-01-11,CAM-10,transport,17.5,1
2025-01-11,CAM-11,transport,19.51,1
2025-01-11,CAM-12,transport,19.91,1
2025-01-11,GEN-01,energie,21.1,1
2025-01-11,GEN-02,energie,24.0,1
2025-01-11,GEN-03,energie,19.46,1
2025-01-12,FOR-01,forage,16.92,1
2025-01-12,FOR-02,forage,15.2,1
2025-01-12,FOR-03,forage,23.16,1
2025-01-12,FOR-04,forage,18.53,1
2025-01-12,PEL-01,chargement,15.57,1
2025-01-12,PEL-02,chargement,19.51,1
2025-01-12,PEL-03,chargement,20.53,1
2025-01-12,PEL-04,chargement,21.11,1
2025-01-12,PEL-05,chargement,21.35,1
2025-01-12,CAM-01,transport,20.54,1
2025-01-12,CAM-02,transport,20.62,1
2025-01-12,CAM-03,transport,14.24,1
2025-01-12,CAM-04,transport,18.61,1
2025-01-12,CAM-05,transport,20.63,1
2025-01-12,CAM-06,transport,18.91,1
2025-01-12,CAM-07,transport,0.0,0
2025-01-12,CAM-08,transport,18.17,1
2025-01-12,CAM-09,transport,17.72,1
2025-01-12,CAM-10,transport,11.27,1
2025-01-12,CAM-11,transport,24.0,1
2025-01-12,CAM-12,transport,16.02,1
2025-01-12,GEN-01,energie,21.77,1
2025-01-12,GEN-02,energie,20.53,1
2025-01-12,GEN-03,energie,18.75,1
2025-01-13,FOR-01,forage,18.36,1
2025-01-13,FOR-02,forage,18.41,1
2025-01-13,FOR-03,forage,16.8,1
2025-01-13,FOR-04,forage,14.1,1
2025-01-13,PEL-01,chargement,16.62,1
2025-01-13,PEL-02,chargement,18.46,1
2025-01-13,PEL-03,chargement,12.56,1
2025-01-13,PEL-04,chargement,14.73,1
2025-01-13,PEL-05,chargement,19.59,1
2025-01-13,CAM-01,transport,17.32,1
2025-01-13,CAM-02,transport,16.55,1
2025-01-13,CAM-03,transport,17.53,1
2025-01-13,CAM-04,transport,16.45,1
2025-01-13,CAM-05,transport,11.26,1
2025-01-13,CAM-06,transport,13.3,1
2025-01-13,CAM-07,transport,21.39,1
2025-01-13,CAM-08,transport,15.12,1
2025-01-13,CAM-09,transport,18.84,1
2025-01-13,CAM-10,transport,14.06,1
2025-01-13,CAM-11,transport,18.73,1
2025-01-13,CAM-12,transport,15.33,1
2025-01-13,GEN-01,energie,20.08,1
2025-01-13,GEN-02,energie,17.77,1
2025-01-13,GEN-03,energie,24.0,1
2025-01-14,FOR-01,forage,16.77,1
2025-01-14,FOR-02,forage,21.88,1
2025-01-14,FOR-03,forage,20.61,1
2025-01-14,FOR-04,forage,18.82,1
2025-01-14,PEL-01,chargement,18.13,1
2025-01-14,PEL-02,chargement,17.04,1
2025-01-14,PEL-03,chargement,11.66,1
2025-01-14,PEL-04,chargement,19.59,1
2025-01-14,PEL-05,chargement,21.24,1
2025-01-14,CAM-01,transport,16.59,1
2025-01-14,CAM-02,transport,17.61,1
2025-01-14,CAM-03,transport,15.68,1
2025-01-14,CAM-04,transport,15.0,1
2025-01-14,CAM-05,transport,17.77,1
2025-01-14,CAM-06,transport,18.24,1
2025-01-14,CAM-07,transport,15.7,1
2025-01-14,CAM-08,transport,16.84,1
2025-01-14,CAM-09,transport,0.0,0
2025-01-14,CAM-10,transport,20.88,1
2025-01-14,CAM-11,transport,16.32,1
2025-01-14,CAM-12,transport,14.42,1
2025-01-14,GEN-01,energie,22.92,1
2025-01-14,GEN-02,energie,24.0,1
2025-01-14,GEN-03,energie,19.91,1
2025-01-15,FOR-01,forage,16.85,1
2025-01-15,FOR-02,forage,15.16,1
2025-01-15,FOR-03,forage,16.36,1
2025-01-15,FOR-04,forage,20.64,1
2025-01-15,PEL-01,chargement,20.22,1
2025-01-15,PEL-02,chargement,22.53,1
2025-01-15,PEL-03,chargement,21.1,1
2025-01-15,PEL-04,chargement,21.0,1
2025-01-15,PEL-05,chargement,23.65,1
2025-01-15,CAM-01,transport,0.0,0
2025-01-15,CAM-02,transport,16.11,1
2025-01-15,CAM-03,transport,13.13,1
2025-01-15,CAM-04,transport,22.2,1
2025-01-15,CAM-05,transport,19.02,1
2025-01-15,CAM-06,transport,18.26,1
2025-01-15,CAM-07,transport,15.09,1
2025-01-15,CAM-08,transport,16.37,1
2025-01-15,CAM-09,transport,13.98,1
2025-01-15,CAM-10,transport,18.96,1
2025-01-15,CAM-11,transport,13.08,1
2025-01-15,CAM-12,transport,18.39,1
2025-01-15,GEN-01,energie,24.0,1
2025-01-15,GEN-02,energie,20.15,1
2025-01-15,GEN-03,energie,19.21,1
2025-01-16,FOR-01,forage,16.95,1
2025-01-16,FOR-02,forage,19.4,1
2025-01-16,FOR-03,forage,20.08,1
2025-01-16,FOR-04,forage,17.99,1
2025-01-16,PEL-01,chargement,16.64,1
2025-01-16,PEL-02,chargement,17.56,1
2025-01-16,PEL-03,chargement,21.06,1
2025-01-16,PEL-04,chargement,20.95,1
2025-01-16,PEL-05,chargement,17.43,1
2025-01-16,CAM-01,transport,17.24,1
2025-01-16,CAM-02,transport,18.61,1
2025-01-16,CAM-03,transport,20.84,1
2025-01-16,CAM-04,transport,13.6,1
2025-01-16,CAM-05,transport,21.23,1
2025-01-16,CAM-06,transport,13.92,1
2025-01-16,CAM-07,transport,14.22,1
2025-01-16,CAM-08,transport,19.67,1
2025-01-16,CAM-09,transport,15.79,1
2025-01-16,CAM-10,transport,19.35,1
2025-01-16,CAM-11,transport,15.68,1
2025-01-16,CAM-12,transport,18.92,1
2025-01-16,GEN-01,energie,22.57,1
2025-01-16,GEN-02,energie,18.73,1
2025-01-16,GEN-03,energie,18.09,1
2025-01-17,FOR-01,forage,17.61,1
2025-01-17,FOR-02,forage,16.56,1
2025-01-17,FOR-03,forage,21.73,1
2025-01-17,FOR-04,forage,15.12,1
2025-01-17,PEL-01,chargement,17.0,1
2025-01-17,PEL-02,chargement,17.0,1
2025-01-17,PEL-03,chargement,22.63,1
2025-01-17,PEL-04,chargement,18.95,1
2025-01-17,PEL-05,chargement,18.52,1
2025-01-17,CAM-01,transport,19.06,1
2025-01-17,CAM-02,transport,19.66,1
2025-01-17,CAM-03,transport,17.71,1
2025-01-17,CAM-04,transport,16.6,1
2025-01-17,CAM-05,transport,19.58,1
2025-01-17,CAM-06,transport,21.61,1
2025-01-17,CAM-07,transport,22.36,1
2025-01-17,CAM-08,transport,16.63,1
2025-01-17,CAM-09,transport,14.46,1
2025-01-17,CAM-10,transport,18.27,1
2025-01-17,CAM-11,transport,12.45,1
2025-01-17,CAM-12,transport,21.9,1
2025-01-17,GEN-01,energie,22.91,1
2025-01-17,GEN-02,energie,18.4,1
2025-01-17,GEN-03,energie,21.19,1
2025-01-18,FOR-01,forage,20.74,1
2025-01-18,FOR-02,forage,11.93,1
2025-01-18,FOR-03,forage,20.19,1
2025-01-18,FOR-04,forage,13.47,1
2025-01-18,PEL-01,chargement,21.99,1
2025-01-18,PEL-02,chargement,17.41,1
2025-01-18,PEL-03,chargement,20.99,1
2025-01-18,PEL-04,chargement,18.24,1
2025-01-18,PEL-05,chargement,18.97,1
2025-01-18,CAM-01,transport,23.93,1
2025-01-18,CAM-02,transport,23.47,1
2025-01-18,CAM-03,transport,22.3,1
2025-01-18,CAM-04,transport,16.14,1
2025-01-18,CAM-05,transport,13.84,1
2025-01-18,CAM-06,transport,20.64,1
2025-01-18,CAM-07,transport,18.04,1
2025-01-18,CAM-08,transport,17.49,1
2025-01-18,CAM-09,transport,14.8,1
2025-01-18,CAM-10,transport,15.14,1
2025-01-18,CAM-11,transport,14.53,1
2025-01-18,CAM-12,transport,16.91,1
2025-01-18,GEN-01,energie,22.24,1
2025-01-18,GEN-02,energie,23.8,1
2025-01-18,GEN-03,energie,22.36,1
2025-01-19,FOR-01,forage,16.22,1
2025-01-19,FOR-02,forage,16.61,1
2025-01-19,FOR-03,forage,20.1,1
2025-01-19,FOR-04,forage,0.0,0
2025-01-19,PEL-01,chargement,15.91,1
2025-01-19,PEL-02,chargement,17.27,1
2025-01-19,PEL-03,chargement,15.41,1
2025-01-19,PEL-04,chargement,23.4,1
2025-01-19,PEL-05,chargement,13.72,1
2025-01-19,CAM-01,transport,19.42,1
2025-01-19,CAM-02,transport,12.26,1
2025-01-19,CAM-03,transport,20.2,1
2025-01-19,CAM-04,transport,19.44,1
2025-01-19,CAM-05,transport,12.51,1
2025-01-19,CAM-06,transport,11.14,1
2025-01-19,CAM-07,transport,17.85,1
2025-01-19,CAM-08,transport,19.57,1
2025-01-19,CAM-09,transport,16.72,1
2025-01-19,CAM-10,transport,20.46,1
2025-01-19,CAM-11,transport,13.17,1
2025-01-19,CAM-12,transport,21.69,1
2025-01-19,GEN-01,energie,20.27,1
2025-01-19,GEN-02,energie,20.43,1
2025-01-19,GEN-03,energie,21.5,1
2025-01-20,FOR-01,forage,16.29,1
2025-01-20,FOR-02,forage,20.08,1
2025-01-20,FOR-03,forage,19.42,1
2025-01-20,FOR-04,forage,21.15,1
2025-01-20,PEL-01,chargement,20.85,1
2025-01-20,PEL-02,chargement,12.39,1
2025-01-20,PEL-03,chargement,18.72,1
2025-01-20,PEL-04,chargement,17.34,1
2025-01-20,PEL-05,chargement,16.91,1
2025-01-20,CAM-01,transport,19.09,1
2025-01-20,CAM-02,transport,17.41,1
2025-01-20,CAM-03,transport,19.05,1
2025-01-20,CAM-04,transport,20.05,1
2025-01-20,CAM-05,transport,19.89,1
2025-01-20,CAM-06,transport,16.05,1
2025-01-20,CAM-07,transport,12.65,1
2025-01-20,CAM-08,transport,15.32,1
2025-01-20,CAM-09,transport,17.84,1
2025-01-20,CAM-10,transport,17.79,1
2025-01-20,CAM-11,transport,12.73,1
2025-01-20,CAM-12,transport,17.41,1
2025-01-20,GEN-01,energie,24.0,1
2025-01-20,GEN-02,energie,21.74,1
2025-01-20,GEN-03,energie,23.73,1
2025-01-21,FOR-01,forage,18.09,1
2025-01-21,FOR-02,forage,20.62,1
2025-01-21,FOR-03,forage,21.47,1
2025-01-21,FOR-04,forage,18.67,1
2025-01-21,PEL-01,chargement,17.8,1
2025-01-21,PEL-02,chargement,20.67,1
2025-01-21,PEL-03,chargement,19.9,1
2025-01-21,PEL-04,chargement,14.15,1
2025-01-21,PEL-05,chargement,17.14,1
2025-01-21,CAM-01,transport,22.37,1
2025-01-21,CAM-02,transport,17.41,1
2025-01-21,CAM-03,transport,13.56,1
2025-01-21,CAM-04,transport,18.27,1
2025-01-21,CAM-05,transport,18.47,1
2025-01-21,CAM-06,transport,19.21,1
2025-01-21,CAM-07,transport,0.0,0
2025-01-21,CAM-08,transport,0.0,0
2025-01-21,CAM-09,transport,20.94,1
2025-01-21,CAM-10,transport,10.08,1
2025-01-21,CAM-11,transport,19.24,1
2025-01-21,CAM-12,transport,19.01,1
2025-01-21,GEN-01,energie,21.22,1
2025-01-21,GEN-02,energie,19.0,1
2025-01-21,GEN-03,energie,24.0,1
2025-01-22,FOR-01,forage,17.28,1
2025-01-22,FOR-02,forage,18.01,1
2025-01-22,FOR-03,forage,18.56,1
2025-01-22,FOR-04,forage,23.74,1
2025-01-22,PEL-01,chargement,17.68,1
2025-01-22,PEL-02,chargement,14.84,1
2025-01-22,PEL-03,chargement,15.96,1
2025-01-22,PEL-04,chargement,16.12,1
2025-01-22,PEL-05,chargement,16.38,1
2025-01-22,CAM-01,transport,14.67,1
2025-01-22,CAM-02,transport,24.0,1
2025-01-22,CAM-03,transport,17.96,1
2025-01-22,CAM-04,transport,16.92,1
2025-01-22,CAM-05,transport,24.0,1
2025-01-22,CAM-06,transport,21.39,1
2025-01-22,CAM-07,transport,0.0,0
2025-01-22,CAM-08,transport,13.29,1
2025-01-22,CAM-09,transport,21.05,1
2025-01-22,CAM-10,transport,0.0,0
2025-01-22,CAM-11,transport,15.48,1
2025-01-22,CAM-12,transport,18.14,1
2025-01-22,GEN-01,energie,19.96,1
2025-01-22,GEN-02,energie,22.28,1
2025-01-22,GEN-03,energie,18.94,1
2025-01-23,FOR-01,forage,21.99,1
2025-01-23,FOR-02,forage,18.91,1
2025-01-23,FOR-03,forage,18.97,1
2025-01-23,FOR-04,forage,20.61,1
2025-01-23,PEL-01,chargement,18.86,1
2025-01-23,PEL-02,chargement,13.7,1
2025-01-23,PEL-03,chargement,16.46,1
2025-01-23,PEL-04,chargement,16.52,1
2025-01-23,PEL-05,chargement,19.41,1
2025-01-23,CAM-01,transport,19.78,1
2025-01-23,CAM-02,transport,15.78,1
2025-01-23,CAM-03,transport,20.8,1
2025-01-23,CAM-04,transport,19.0,1
2025-01-23,CAM-05,transport,22.39,1
2025-01-23,CAM-06,transport,19.13,1
2025-01-23,CAM-07,transport,13.22,1
2025-01-23,CAM-08,transport,19.82,1
2025-01-23,CAM-09,transport,19.73,1
2025-01-23,CAM-10,transport,18.26,1
2025-01-23,CAM-11,transport,19.38,1
2025-01-23,CAM-12,transport,14.32,1
2025-01-23,GEN-01,energie,21.55,1
2025-01-23,GEN-02,energie,21.83,1
2025-01-23,GEN-03,energie,19.56,1
2025-01-24,FOR-01,forage,13.45,1
2025-01-24,FOR-02,forage,18.46,1
2025-01-24,FOR-03,forage,12.6,1
2025-01-24,FOR-04,forage,16.12,1
2025-01-24,PEL-01,chargement,21.02,1
2025-01-24,PEL-02,chargement,20.01,1
2025-01-24,PEL-03,chargement,14.28,1
2025-01-24,PEL-04,chargement,18.91,1
2025-01-24,PEL-05,chargement,12.36,1
2025-01-24,CAM-01,transport,19.8,1
2025-01-24,CAM-02,transport,15.61,1
2025-01-24,CAM-03,transport,17.79,1
2025-01-24,CAM-04,transport,17.29,1
2025-01-24,CAM-05,transport,19.59,1
2025-01-24,CAM-06,transport,20.91,1
2025-01-24,CAM-07,transport,15.99,1
2025-01-24,CAM-08,transport,21.98,1
2025-01-24,CAM-09,transport,17.41,1
2025-01-24,CAM-10,transport,20.75,1
2025-01-24,CAM-11,transport,17.19,1
2025-01-24,CAM-12,transport,21.29,1
2025-01-24,GEN-01,energie,24.0,1
2025-01-24,GEN-02,energie,0.0,0
2025-01-24,GEN-03,energie,20.95,1
2025-01-25,FOR-01,forage,20.36,1
2025-01-25,FOR-02,forage,18.54,1
2025-01-25,FOR-03,forage,0.0,0
2025-01-25,FOR-04,forage,17.66,1
2025-01-25,PEL-01,chargement,18.23,1
2025-01-25,PEL-02,chargement,19.75,1
2025-01-25,PEL-03,chargement,18.26,1
2025-01-25,PEL-04,chargement,17.45,1
2025-01-25,PEL-05,chargement,18.51,1
2025-01-25,CAM-01,transport,17.12,1
2025-01-25,CAM-02,transport,22.14,1
2025-01-25,CAM-03,transport,18.46,1
2025-01-25,CAM-04,transport,24.0,1
2025-01-25,CAM-05,transport,14.02,1
2025-01-25,CAM-06,transport,0.0,0
2025-01-25,CAM-07,transport,16.23,1
2025-01-25,CAM-08,transport,18.91,1
2025-01-25,CAM-09,transport,20.68,1
2025-01-25,CAM-10,transport,18.62,1
2025-01-25,CAM-11,transport,20.89,1
2025-01-25,CAM-12,transport,12.17,1
2025-01-25,GEN-01,energie,24.0,1
2025-01-25,GEN-02,energie,21.28,1
2025-01-25,GEN-03,energie,22.24,1
2025-01-26,FOR-01,forage,24.0,1
2025-01-26,FOR-02,forage,21.53,1
2025-01-26,FOR-03,forage,16.73,1
2025-01-26,FOR-04,forage,14.47,1
2025-01-26,PEL-01,chargement,18.14,1
2025-01-26,PEL-02,chargement,22.66,1
2025-01-26,PEL-03,chargement,19.29,1
2025-01-26,PEL-04,chargement,16.3,1
2025-01-26,PEL-05,chargement,17.08,1
2025-01-26,CAM-01,transport,19.43,1
2025-01-26,CAM-02,transport,18.55,1
2025-01-26,CAM-03,transport,20.92,1
2025-01-26,CAM-04,transport,15.17,1
2025-01-26,CAM-05,transport,10.83,1
2025-01-26,CAM-06,transport,17.78,1
2025-01-26,CAM-07,transport,18.87,1
2025-01-26,CAM-08,transport,18.67,1
2025-01-26,CAM-09,transport,17.92,1
2025-01-26,CAM-10,transport,15.91,1
2025-01-26,CAM-11,transport,13.63,1
2025-01-26,CAM-12,transport,18.83,1
2025-01-26,GEN-01,energie,21.13,1
2025-01-26,GEN-02,energie,23.21,1
2025-01-26,GEN-03,energie,19.61,1
2025-01-27,FOR-01,forage,15.66,1
2025-01-27,FOR-02,forage,17.06,1
2025-01-27,FOR-03,forage,17.9,1
2025-01-27,FOR-04,forage,19.99,1
2025-01-27,PEL-01,chargement,19.33,1
2025-01-27,PEL-02,chargement,16.7,1
2025-01-27,PEL-03,chargement,21.09,1
2025-01-27,PEL-04,chargement,15.27,1
2025-01-27,PEL-05,chargement,20.93,1
2025-01-27,CAM-01,transport,20.43,1
2025-01-27,CAM-02,transport,17.87,1
2025-01-27,CAM-03,transport,20.63,1
2025-01-27,CAM-04,transport,19.08,1
2025-01-27,CAM-05,transport,17.45,1
2025-01-27,CAM-06,transport,11.92,1
2025-01-27,CAM-07,transport,17.4,1
2025-01-27,CAM-08,transport,16.58,1
2025-01-27,CAM-09,transport,15.47,1
2025-01-27,CAM-10,transport,23.76,1
2025-01-27,CAM-11,transport,22.99,1
2025-01-27,CAM-12,transport,19.71,1
2025-01-27,GEN-01,energie,20.29,1
2025-01-27,GEN-02,energie,21.12,1
2025-01-27,GEN-03,energie,24.0,1
2025-01-28,FOR-01,forage,18.77,1
2025-01-28,FOR-02,forage,19.32,1
2025-01-28,FOR-03,forage,13.41,1
2025-01-28,FOR-04,forage,23.35,1
2025-01-28,PEL-01,chargement,20.29,1
2025-01-28,PEL-02,chargement,23.16,1
2025-01-28,PEL-03,chargement,19.03,1
2025-01-28,PEL-04,chargement,21.24,1
2025-01-28,PEL-05,chargement,18.64,1
2025-01-28,CAM-01,transport,18.5,1
2025-01-28,CAM-02,transport,15.14,1
2025-01-28,CAM-03,transport,22.45,1
2025-01-28,CAM-04,transport,10.88,1
2025-01-28,CAM-05,transport,13.07,1
2025-01-28,CAM-06,transport,17.59,1
2025-01-28,CAM-07,transport,16.8,1
2025-01-28,CAM-08,transport,13.48,1
2025-01-28,CAM-09,transport,13.13,1
2025-01-28,CAM-10,transport,22.18,1
2025-01-28,CAM-11,transport,19.56,1
2025-01-28,CAM-12,transport,20.36,1
2025-01-28,GEN-01,energie,22.91,1
2025-01-28,GEN-02,energie,23.1,1
2025-01-28,GEN-03,energie,22.92,1
2025-01-29,FOR-01,forage,15.95,1
2025-01-29,FOR-02,forage,16.32,1
2025-01-29,FOR-03,forage,18.96,1
2025-01-29,FOR-04,forage,19.13,1
2025-01-29,PEL-01,chargement,20.4,1
2025-01-29,PEL-02,chargement,17.29,1
2025-01-29,PEL-03,chargement,21.78,1
2025-01-29,PEL-04,chargement,13.43,1
2025-01-29,PEL-05,chargement,15.44,1
2025-01-29,CAM-01,transport,19.02,1
2025-01-29,CAM-02,transport,21.09,1
2025-01-29,CAM-03,transport,20.51,1
2025-01-29,CAM-04,transport,22.17,1
2025-01-29,CAM-05,transport,16.49,1
2025-01-29,CAM-06,transport,18.76,1
2025-01-29,CAM-07,transport,19.73,1
2025-01-29,CAM-08,transport,17.87,1
2025-01-29,CAM-09,transport,15.54,1
2025-01-29,CAM-10,transport,17.5,1
2025-01-29,CAM-11,transport,15.4,1
2025-01-29,CAM-12,transport,18.05,1
2025-01-29,GEN-01,energie,20.33,1
2025-01-29,GEN-02,energie,20.37,1
2025-01-29,GEN-03,energie,21.51,1
2025-01-30,FOR-01,forage,18.77,1
2025-01-30,FOR-02,forage,21.68,1
2025-01-30,FOR-03,forage,20.15,1
2025-01-30,FOR-04,forage,17.66,1
2025-01-30,PEL-01,chargement,18.06,1
2025-01-30,PEL-02,chargement,19.46,1
2025-01-30,PEL-03,chargement,16.5,1
2025-01-30,PEL-04,chargement,14.78,1
2025-01-30,PEL-05,chargement,12.91,1
2025-01-30,CAM-01,transport,16.52,1
2025-01-30,CAM-02,transport,18.43,1
2025-01-30,CAM-03,transport,20.44,1
2025-01-30,CAM-04,transport,19.69,1
2025-01-30,CAM-05,transport,0.0,0
2025-01-30,CAM-06,transport,19.63,1
2025-01-30,CAM-07,transport,14.67,1
2025-01-30,CAM-08,transport,15.82,1
2025-01-30,CAM-09,transport,17.92,1
2025-01-30,CAM-10,transport,18.08,1
2025-01-30,CAM-11,transport,15.81,1
2025-01-30,CAM-12,transport,21.53,1
2025-01-30,GEN-01,energie,23.27,1
2025-01-30,GEN-02,energie,21.4,1
2025-01-30,GEN-03,energie,0.0,0
2025-01-31,FOR-01,forage,24.0,1
2025-01-31,FOR-02,forage,16.74,1
2025-01-31,FOR-03,forage,12.5,1
2025-01-31,FOR-04,forage,17.94,1
2025-01-31,PEL-01,chargement,20.86,1
2025-01-31,PEL-02,chargement,23.2,1
2025-01-31,PEL-03,chargement,18.44,1
2025-01-31,PEL-04,chargement,15.37,1
2025-01-31,PEL-05,chargement,15.06,1
2025-01-31,CAM-01,transport,14.53,1
2025-01-31,CAM-02,transport,17.08,1
2025-01-31,CAM-03,transport,14.11,1
2025-01-31,CAM-04,transport,21.42,1
2025-01-31,CAM-05,transport,18.32,1
2025-01-31,CAM-06,transport,23.27,1
2025-01-31,CAM-07,transport,24.0,1
2025-01-31,CAM-08,transport,13.37,1
2025-01-31,CAM-09,transport,20.76,1
2025-01-31,CAM-10,transport,19.47,1
2025-01-31,CAM-11,transport,18.65,1
2025-01-31,CAM-12,transport,12.47,1
2025-01-31,GEN-01,energie,18.77,1
2025-01-31,GEN-02,energie,21.06,1
2025-01-31,GEN-03,energie,18.6,1
2025-02-01,FOR-01,forage,16.5,1
2025-02-01,FOR-02,forage,21.95,1
2025-02-01,FOR-03,forage,15.32,1
2025-02-01,FOR-04,forage,18.6,1
2025-02-01,PEL-01,chargement,12.75,1
2025-02-01,PEL-02,chargement,16.77,1
2025-02-01,PEL-03,chargement,18.92,1
2025-02-01,PEL-04,chargement,0.0,0
2025-02-01,PEL-05,chargement,16.87,1
2025-02-01,CAM-01,transport,19.79,1
2025-02-01,CAM-02,transport,18.09,1
2025-02-01,CAM-03,transport,15.72,1
2025-02-01,CAM-04,transport,15.33,1
2025-02-01,CAM-05,transport,21.02,1
2025-02-01,CAM-06,transport,16.76,1
2025-02-01,CAM-07,transport,16.69,1
2025-02-01,CAM-08,transport,18.73,1
2025-02-01,CAM-09,transport,15.68,1
2025-02-01,CAM-10,transport,19.3,1
2025-02-01,CAM-11,transport,20.81,1
2025-02-01,CAM-12,transport,0.0,0
2025-02-01,GEN-01,energie,22.68,1
2025-02-01,GEN-02,energie,19.42,1
2025-02-01,GEN-03,energie,17.64,1
2025-02-02,FOR-01,forage,17.41,1
2025-02-02,FOR-02,forage,17.72,1
2025-02-02,FOR-03,forage,11.77,1
2025-02-02,FOR-04,forage,16.39,1
2025-02-02,PEL-01,chargement,22.09,1
2025-02-02,PEL-02,chargement,17.61,1
2025-02-02,PEL-03,chargement,17.16,1
2025-02-02,PEL-04,chargement,20.91,1
2025-02-02,PEL-05,chargement,16.78,1
2025-02-02,CAM-01,transport,10.81,1
2025-02-02,CAM-02,transport,12.74,1
2025-02-02,CAM-03,transport,14.85,1
2025-02-02,CAM-04,transport,21.73,1
2025-02-02,CAM-05,transport,19.77,1
2025-02-02,CAM-06,transport,18.28,1
2025-02-02,CAM-07,transport,21.67,1
2025-02-02,CAM-08,transport,21.16,1
2025-02-02,CAM-09,transport,16.28,1
2025-02-02,CAM-10,transport,19.97,1
2025-02-02,CAM-11,transport,24.0,1
2025-02-02,CAM-12,transport,20.63,1
2025-02-02,GEN-01,energie,24.0,1
2025-02-02,GEN-02,energie,22.26,1
2025-02-02,GEN-03,energie,22.5,1
2025-02-03,FOR-01,forage,20.19,1
2025-02-03,FOR-02,forage,0.0,0
2025-02-03,FOR-03,forage,19.06,1
2025-02-03,FOR-04,forage,9.63,1
2025-02-03,PEL-01,chargement,16.22,1
2025-02-03,PEL-02,chargement,20.71,1
2025-02-03,PEL-03,chargement,0.0,0
2025-02-03,PEL-04,chargement,22.19,1
2025-02-03,PEL-05,chargement,17.3,1
2025-02-03,CAM-01,transport,16.62,1
2025-02-03,CAM-02,transport,20.98,1
2025-02-03,CAM-03,transport,16.86,1
2025-02-03,CAM-04,transport,14.02,1
2025-02-03,CAM-05,transport,20.06,1
2025-02-03,CAM-06,transport,13.01,1
2025-02-03,CAM-07,transport,15.83,1
2025-02-03,CAM-08,transport,16.26,1
2025-02-03,CAM-09,transport,20.84,1
2025-02-03,CAM-10,transport,0.0,0
2025-02-03,CAM-11,transport,17.83,1
2025-02-03,CAM-12,transport,14.89,1
2025-02-03,GEN-01,energie,24.0,1
2025-02-03,GEN-02,energie,23.94,1
2025-02-03,GEN-03,energie,24.0,1
2025-02-04,FOR-01,forage,19.18,1
2025-02-04,FOR-02,forage,19.17,1
2025-02-04,FOR-03,forage,19.13,1
2025-02-04,FOR-04,forage,17.31,1
2025-02-04,PEL-01,chargement,17.55,1
2025-02-04,PEL-02,chargement,15.86,1
2025-02-04,PEL-03,chargement,19.55,1
2025-02-04,PEL-04,chargement,13.52,1
2025-02-04,PEL-05,chargement,16.41,1
2025-02-04,CAM-01,transport,17.84,1
2025-02-04,CAM-02,transport,18.35,1
2025-02-04,CAM-03,transport,13.2,1
2025-02-04,CAM-04,transport,18.03,1
2025-02-04,CAM-05,transport,19.32,1
2025-02-04,CAM-06,transport,20.76,1
2025-02-04,CAM-07,transport,16.05,1
2025-02-04,CAM-08,transport,15.18,1
2025-02-04,CAM-09,transport,21.74,1
2025-02-04,CAM-10,transport,22.27,1
2025-02-04,CAM-11,transport,19.64,1
2025-02-04,CAM-12,transport,21.47,1
2025-02-04,GEN-01,energie,18.48,1
2025-02-04,GEN-02,energie,22.21,1
2025-02-04,GEN-03,energie,24.0,1
2025-02-05,FOR-01,forage,19.7,1
2025-02-05,FOR-02,forage,15.3,1
2025-02-05,FOR-03,forage,18.3,1
2025-02-05,FOR-04,forage,21.16,1
2025-02-05,PEL-01,chargement,18.06,1
2025-02-05,PEL-02,chargement,20.55,1
2025-02-05,PEL-03,chargement,13.44,1
2025-02-05,PEL-04,chargement,17.43,1
2025-02-05,PEL-05,chargement,17.82,1
2025-02-05,CAM-01,transport,20.7,1
2025-02-05,CAM-02,transport,16.32,1
2025-02-05,CAM-03,transport,19.42,1
2025-02-05,CAM-04,transport,20.07,1
2025-02-05,CAM-05,transport,23.48,1
2025-02-05,CAM-06,transport,16.8,1
2025-02-05,CAM-07,transport,20.69,1
2025-02-05,CAM-08,transport,16.37,1
2025-02-05,CAM-09,transport,19.98,1
2025-02-05,CAM-10,transport,23.15,1
2025-02-05,CAM-11,transport,20.58,1
2025-02-05,CAM-12,transport,14.91,1
2025-02-05,GEN-01,energie,23.93,1
2025-02-05,GEN-02,energie,23.34,1
2025-02-05,GEN-03,energie,20.0,1
2025-02-06,FOR-01,forage,16.64,1
2025-02-06,FOR-02,forage,13.98,1
2025-02-06,FOR-03,forage,20.31,1
2025-02-06,FOR-04,forage,21.83,1
2025-02-06,PEL-01,chargement,20.06,1
2025-02-06,PEL-02,chargement,20.08,1
2025-02-06,PEL-03,chargement,20.19,1
2025-02-06,PEL-04,chargement,23.08,1
2025-02-06,PEL-05,chargement,17.8,1
2025-02-06,CAM-01,transport,18.36,1
2025-02-06,CAM-02,transport,18.79,1
2025-02-06,CAM-03,transport,16.88,1
2025-02-06,CAM-04,transport,15.67,1
2025-02-06,CAM-05,transport,20.76,1
2025-02-06,CAM-06,transport,16.22,1
2025-02-06,CAM-07,transport,0.0,0
2025-02-06,CAM-08,transport,18.47,1
2025-02-06,CAM-09,transport,17.51,1
2025-02-06,CAM-10,transport,21.67,1
2025-02-06,CAM-11,transport,20.19,1
2025-02-06,CAM-12,transport,20.49,1
2025-02-06,GEN-01,energie,23.81,1
2025-02-06,GEN-02,energie,20.45,1
2025-02-06,GEN-03,energie,20.33,1
2025-02-07,FOR-01,forage,19.62,1
2025-02-07,FOR-02,forage,18.0,1
2025-02-07,FOR-03,forage,13.52,1
2025-02-07,FOR-04,forage,0.0,0
2025-02-07,PEL-01,chargement,18.67,1
2025-02-07,PEL-02,chargement,17.21,1
2025-02-07,PEL-03,chargement,17.74,1
2025-02-07,PEL-04,chargement,18.21,1
2025-02-07,PEL-05,chargement,22.65,1
2025-02-07,CAM-01,transport,22.92,1
2025-02-07,CAM-02,transport,21.65,1
2025-02-07,CAM-03,transport,16.65,1
2025-02-07,CAM-04,transport,15.1,1
2025-02-07,CAM-05,transport,12.23,1
2025-02-07,CAM-06,transport,19.7,1
2025-02-07,CAM-07,transport,18.42,1
2025-02-07,CAM-08,transport,15.53,1
2025-02-07,CAM-09,transport,0.0,0
2025-02-07,CAM-10,transport,19.49,1
2025-02-07,CAM-11,transport,18.11,1
2025-02-07,CAM-12,transport,15.12,1
2025-02-07,GEN-01,energie,21.21,1
2025-02-07,GEN-02,energie,21.63,1
2025-02-07,GEN-03,energie,22.64,1
2025-02-08,FOR-01,forage,24.0,1
2025-02-08,FOR-02,forage,16.6,1
2025-02-08,FOR-03,forage,24.0,1
2025-02-08,FOR-04,forage,14.68,1
2025-02-08,PEL-01,chargement,20.88,1
2025-02-08,PEL-02,chargement,19.0,1
2025-02-08,PEL-03,chargement,14.98,1
2025-02-08,PEL-04,chargement,22.47,1
2025-02-08,PEL-05,chargement,15.14,1
2025-02-08,CAM-01,transport,16.05,1
2025-02-08,CAM-02,transport,17.4,1
2025-02-08,CAM-03,transport,20.22,1
2025-02-08,CAM-04,transport,11.68,1
2025-02-08,CAM-05,transport,18.4,1
2025-02-08,CAM-06,transport,15.44,1
2025-02-08,CAM-07,transport,17.84,1
2025-02-08,CAM-08,transport,22.66,1
2025-02-08,CAM-09,transport,12.88,1
2025-02-08,CAM-10,transport,22.48,1
2025-02-08,CAM-11,transport,18.84,1
2025-02-08,CAM-12,transport,18.13,1
2025-02-08,GEN-01,energie,24.0,1
2025-02-08,GEN-02,energie,21.17,1
2025-02-08,GEN-03,energie,23.56,1
2025-02-09,FOR-01,forage,20.7,1
2025-02-09,FOR-02,forage,18.31,1
2025-02-09,FOR-03,forage,10.72,1
2025-02-09,FOR-04,forage,21.32,1
2025-02-09,PEL-01,chargement,18.85,1
2025-02-09,PEL-02,chargement,13.9,1
2025-02-09,PEL-03,chargement,0.0,0
2025-02-09,PEL-04,chargement,19.31,1
2025-02-09,PEL-05,chargement,18.03,1
2025-02-09,CAM-01,transport,15.14,1
2025-02-09,CAM-02,transport,20.17,1
2025-02-09,CAM-03,transport,24.0,1
2025-02-09,CAM-04,transport,13.33,1
2025-02-09,CAM-05,transport,14.67,1
2025-02-09,CAM-06,transport,18.71,1
2025-02-09,CAM-07,transport,16.45,1
2025-02-09,CAM-08,transport,16.97,1
2025-02-09,CAM-09,transport,17.97,1
2025-02-09,CAM-10,transport,17.94,1
2025-02-09,CAM-11,transport,15.03,1
2025-02-09,CAM-12,transport,19.98,1
2025-02-09,GEN-01,energie,22.63,1
2025-02-09,GEN-02,energie,24.0,1
2025-02-09,GEN-03,energie,19.78,1
2025-02-10,FOR-01,forage,16.07,1
2025-02-10,FOR-02,forage,18.07,1
2025-02-10,FOR-03,forage,16.73,1
2025-02-10,FOR-04,forage,13.77,1
2025-02-10,PEL-01,chargement,13.34,1
2025-02-10,PEL-02,chargement,20.27,1
2025-02-10,PEL-03,chargement,18.22,1
2025-02-10,PEL-04,chargement,17.28,1
2025-02-10,PEL-05,chargement,11.7,1
2025-02-10,CAM-01,transport,19.64,1
2025-02-10,CAM-02,transport,17.32,1
2025-02-10,CAM-03,transport,20.04,1
2025-02-10,CAM-04,transport,19.68,1
2025-02-10,CAM-05,transport,19.5,1
2025-02-10,CAM-06,transport,20.34,1
2025-02-10,CAM-07,transport,23.05,1
2025-02-10,CAM-08,transport,6.73,1
2025-02-10,CAM-09,transport,20.5,1
2025-02-10,CAM-10,transport,13.09,1
2025-02-10,CAM-11,transport,17.06,1
2025-02-10,CAM-12,transport,15.46,1
2025-02-10,GEN-01,energie,19.52,1
2025-02-10,GEN-02,energie,21.85,1
2025-02-10,GEN-03,energie,24.0,1
2025-02-11,FOR-01,forage,20.07,1
2025-02-11,FOR-02,forage,20.24,1
2025-02-11,FOR-03,forage,15.49,1
2025-02-11,FOR-04,forage,14.15,1
2025-02-11,PEL-01,chargement,16.95,1
2025-02-11,PEL-02,chargement,21.54,1
2025-02-11,PEL-03,chargement,16.46,1
2025-02-11,PEL-04,chargement,11.32,1
2025-02-11,PEL-05,chargement,14.87,1
2025-02-11,CAM-01,transport,16.53,1
2025-02-11,CAM-02,transport,13.52,1
2025-02-11,CAM-03,transport,16.0,1
2025-02-11,CAM-04,transport,17.6,1
2025-02-11,CAM-05,transport,16.84,1
2025-02-11,CAM-06,transport,19.28,1
2025-02-11,CAM-07,transport,18.52,1
2025-02-11,CAM-08,transport,19.41,1
2025-02-11,CAM-09,transport,16.45,1
2025-02-11,CAM-10,transport,18.58,1
2025-02-11,CAM-11,transport,18.32,1
2025-02-11,CAM-12,transport,24.0,1
2025-02-11,GEN-01,energie,23.47,1
2025-02-11,GEN-02,energie,18.94,1
2025-02-11,GEN-03,energie,19.02,1
2025-02-12,FOR-01,forage,16.08,1
2025-02-12,FOR-02,forage,18.51,1
2025-02-12,FOR-03,forage,18.61,1
2025-02-12,FOR-04,forage,17.86,1
2025-02-12,PEL-01,chargement,22.62,1
2025-02-12,PEL-02,chargement,0.0,0
2025-02-12,PEL-03,chargement,15.85,1
2025-02-12,PEL-04,chargement,18.13,1
2025-02-12,PEL-05,chargement,20.47,1
2025-02-12,CAM-01,transport,21.34,1
2025-02-12,CAM-02,transport,0.0,0
2025-02-12,CAM-03,transport,20.75,1
2025-02-12,CAM-04,transport,20.02,1
2025-02-12,CAM-05,transport,16.94,1
2025-02-12,CAM-06,transport,20.43,1
2025-02-12,CAM-07,transport,23.84,1
2025-02-12,CAM-08,transport,21.08,1
2025-02-12,CAM-09,transport,21.28,1
2025-02-12,CAM-10,transport,19.94,1
2025-02-12,CAM-11,transport,18.58,1
2025-02-12,CAM-12,transport,19.26,1
2025-02-12,GEN-01,energie,18.97,1
2025-02-12,GEN-02,energie,23.13,1
2025-02-12,GEN-03,energie,22.98,1
2025-02-13,FOR-01,forage,16.57,1
2025-02-13,FOR-02,forage,18.51,1
2025-02-13,FOR-03,forage,16.05,1
2025-02-13,FOR-04,forage,19.13,1
2025-02-13,PEL-01,chargement,18.63,1
2025-02-13,PEL-02,chargement,18.92,1
2025-02-13,PEL-03,chargement,20.57,1
2025-02-13,PEL-04,chargement,19.93,1
2025-02-13,PEL-05,chargement,21.66,1
2025-02-13,CAM-01,transport,0.0,0
2025-02-13,CAM-02,transport,0.0,0
2025-02-13,CAM-03,transport,20.14,1
2025-02-13,CAM-04,transport,17.49,1
2025-02-13,CAM-05,transport,22.1,1
2025-02-13,CAM-06,transport,24.0,1
2025-02-13,CAM-07,transport,18.32,1
2025-02-13,CAM-08,transport,22.83,1
2025-02-13,CAM-09,transport,24.0,1
2025-02-13,CAM-10,transport,19.23,1
2025-02-13,CAM-11,transport,17.75,1
2025-02-13,CAM-12,transport,13.54,1
2025-02-13,GEN-01,energie,19.29,1
2025-02-13,GEN-02,energie,22.35,1
2025-02-13,GEN-03,energie,22.48,1
2025-02-14,FOR-01,forage,14.38,1
2025-02-14,FOR-02,forage,17.58,1
2025-02-14,FOR-03,forage,10.24,1
2025-02-14,FOR-04,forage,14.98,1
2025-02-14,PEL-01,chargement,18.84,1
2025-02-14,PEL-02,chargement,17.66,1
2025-02-14,PEL-03,chargement,14.44,1
2025-02-14,PEL-04,chargement,14.52,1
2025-02-14,PEL-05,chargement,24.0,1
2025-02-14,CAM-01,transport,16.67,1
2025-02-14,CAM-02,transport,15.06,1
2025-02-14,CAM-03,transport,15.35,1
2025-02-14,CAM-04,transport,21.28,1
2025-02-14,CAM-05,transport,16.82,1
2025-02-14,CAM-06,transport,14.14,1
2025-02-14,CAM-07,transport,22.89,1
2025-02-14,CAM-08,transport,18.31,1
2025-02-14,CAM-09,transport,20.65,1
2025-02-14,CAM-10,transport,19.17,1
2025-02-14,CAM-11,transport,19.2,1
2025-02-14,CAM-12,transport,18.37,1
2025-02-14,GEN-01,energie,24.0,1
2025-02-14,GEN-02,energie,22.23,1
2025-02-14,GEN-03,energie,23.57,1
2025-02-15,FOR-01,forage,14.78,1
2025-02-15,FOR-02,forage,22.4,1
2025-02-15,FOR-03,forage,19.08,1
2025-02-15,FOR-04,forage,17.84,1
2025-02-15,PEL-01,chargement,14.42,1
2025-02-15,PEL-02,chargement,15.56,1
2025-02-15,PEL-03,chargement,20.18,1
2025-02-15,PEL-04,chargement,14.01,1
2025-02-15,PEL-05,chargement,16.91,1
2025-02-15,CAM-01,transport,11.12,1
2025-02-15,CAM-02,transport,20.23,1
2025-02-15,CAM-03,transport,20.14,1
2025-02-15,CAM-04,transport,16.83,1
2025-02-15,CAM-05,transport,15.95,1
2025-02-15,CAM-06,transport,20.89,1
2025-02-15,CAM-07,transport,19.64,1
2025-02-15,CAM-08,transport,19.89,1
2025-02-15,CAM-09,transport,17.6,1
2025-02-15,CAM-10,transport,20.4,1
2025-02-15,CAM-11,transport,19.03,1
2025-02-15,CAM-12,transport,21.51,1
2025-02-15,GEN-01,energie,21.39,1
2025-02-15,GEN-02,energie,23.11,1
2025-02-15,GEN-03,energie,17.07,1
2025-02-16,FOR-01,forage,0.0,0
2025-02-16,FOR-02,forage,18.24,1
2025-02-16,FOR-03,forage,21.04,1
2025-02-16,FOR-04,forage,20.55,1
2025-02-16,PEL-01,chargement,11.99,1
2025-02-16,PEL-02,chargement,18.9,1
2025-02-16,PEL-03,chargement,0.0,0
2025-02-16,PEL-04,chargement,23.25,1
2025-02-16,PEL-05,chargement,17.73,1
2025-02-16,CAM-01,transport,17.67,1
2025-02-16,CAM-02,transport,18.74,1
2025-02-16,CAM-03,transport,14.11,1
2025-02-16,CAM-04,transport,22.39,1
2025-02-16,CAM-05,transport,17.18,1
2025-02-16,CAM-06,transport,21.11,1
2025-02-16,CAM-07,transport,17.51,1
2025-02-16,CAM-08,transport,18.69,1
2025-02-16,CAM-09,transport,15.45,1
2025-02-16,CAM-10,transport,21.34,1
2025-02-16,CAM-11,transport,15.57,1
2025-02-16,CAM-12,transport,20.16,1
2025-02-16,GEN-01,energie,18.12,1
2025-02-16,GEN-02,energie,22.84,1
2025-02-16,GEN-03,energie,17.16,1
2025-02-17,FOR-01,forage,19.46,1
2025-02-17,FOR-02,forage,17.67,1
2025-02-17,FOR-03,forage,17.39,1
2025-02-17,FOR-04,forage,17.21,1
2025-02-17,PEL-01,chargement,17.37,1
2025-02-17,PEL-02,chargement,16.37,1
2025-02-17,PEL-03,chargement,20.16,1
2025-02-17,PEL-04,chargement,20.52,1
2025-02-17,PEL-05,chargement,18.04,1
2025-02-17,CAM-01,transport,16.18,1
2025-02-17,CAM-02,transport,21.41,1
2025-02-17,CAM-03,transport,13.38,1
2025-02-17,CAM-04,transport,21.96,1
2025-02-17,CAM-05,transport,21.31,1
2025-02-17,CAM-06,transport,24.0,1
2025-02-17,CAM-07,transport,23.53,1
2025-02-17,CAM-08,transport,17.89,1
2025-02-17,CAM-09,transport,20.29,1
2025-02-17,CAM-10,transport,17.92,1
2025-02-17,CAM-11,transport,11.68,1
2025-02-17,CAM-12,transport,21.22,1
2025-02-17,GEN-01,energie,24.0,1
2025-02-17,GEN-02,energie,21.02,1
2025-02-17,GEN-03,energie,23.25,1
2025-02-18,FOR-01,forage,19.83,1
2025-02-18,FOR-02,forage,20.58,1
2025-02-18,FOR-03,forage,21.67,1
2025-02-18,FOR-04,forage,0.0,0
2025-02-18,PEL-01,chargement,19.19,1
2025-02-18,PEL-02,chargement,14.63,1
2025-02-18,PEL-03,chargement,19.46,1
2025-02-18,PEL-04,chargement,18.34,1
2025-02-18,PEL-05,chargement,16.95,1
2025-02-18,CAM-01,transport,16.89,1
2025-02-18,CAM-02,transport,15.88,1
2025-02-18,CAM-03,transport,16.93,1
2025-02-18,CAM-04,transport,17.2,1
2025-02-18,CAM-05,transport,17.37,1
2025-02-18,CAM-06,transport,16.64,1
2025-02-18,CAM-07,transport,14.55,1
2025-02-18,CAM-08,transport,13.54,1
2025-02-18,CAM-09,transport,17.9,1
2025-02-18,CAM-10,transport,15.88,1
2025-02-18,CAM-11,transport,22.62,1
2025-02-18,CAM-12,transport,22.94,1
2025-02-18,GEN-01,energie,23.24,1
2025-02-18,GEN-02,energie,19.0,1
2025-02-18,GEN-03,energie,19.8,1
2025-02-19,FOR-01,forage,17.5,1
2025-02-19,FOR-02,forage,12.54,1
2025-02-19,FOR-03,forage,17.42,1
2025-02-19,FOR-04,forage,19.21,1
2025-02-19,PEL-01,chargement,13.47,1
2025-02-19,PEL-02,chargement,23.11,1
2025-02-19,PEL-03,chargement,16.65,1
2025-02-19,PEL-04,chargement,19.03,1
2025-02-19,PEL-05,chargement,18.63,1
2025-02-19,CAM-01,transport,12.64,1
2025-02-19,CAM-02,transport,15.09,1
2025-02-19,CAM-03,transport,17.45,1
2025-02-19,CAM-04,transport,18.14,1
2025-02-19,CAM-05,transport,13.58,1
2025-02-19,CAM-06,transport,19.16,1
2025-02-19,CAM-07,transport,19.29,1
2025-02-19,CAM-08,transport,20.89,1
2025-02-19,CAM-09,transport,18.22,1
2025-02-19,CAM-10,transport,0.0,0
2025-02-19,CAM-11,transport,16.1,1
2025-02-19,CAM-12,transport,16.65,1
2025-02-19,GEN-01,energie,19.54,1
2025-02-19,GEN-02,energie,23.26,1
2025-02-19,GEN-03,energie,19.4,1
2025-02-20,FOR-01,forage,13.5,1
2025-02-20,FOR-02,forage,17.16,1
2025-02-20,FOR-03,forage,17.5,1
2025-02-20,FOR-04,forage,15.72,1
2025-02-20,PEL-01,chargement,16.3,1
2025-02-20,PEL-02,chargement,20.79,1
2025-02-20,PEL-03,chargement,16.15,1
2025-02-20,PEL-04,chargement,15.34,1
2025-02-20,PEL-05,chargement,18.25,1
2025-02-20,CAM-01,transport,14.45,1
2025-02-20,CAM-02,transport,14.89,1
2025-02-20,CAM-03,transport,16.37,1
2025-02-20,CAM-04,transport,11.43,1
2025-02-20,CAM-05,transport,20.45,1
2025-02-20,CAM-06,transport,17.64,1
2025-02-20,CAM-07,transport,17.68,1
2025-02-20,CAM-08,transport,15.57,1
2025-02-20,CAM-09,transport,17.41,1
2025-02-20,CAM-10,transport,21.9,1
2025-02-20,CAM-11,transport,15.37,1
2025-02-20,CAM-12,transport,16.06,1
2025-02-20,GEN-01,energie,23.9,1
2025-02-20,GEN-02,energie,23.23,1
2025-02-20,GEN-03,energie,24.0,1
2025-02-21,FOR-01,forage,24.0,1
2025-02-21,FOR-02,forage,17.29,1
2025-02-21,FOR-03,forage,19.48,1
2025-02-21,FOR-04,forage,18.71,1
2025-02-21,PEL-01,chargement,17.41,1
2025-02-21,PEL-02,chargement,19.75,1
2025-02-21,PEL-03,chargement,20.11,1
2025-02-21,PEL-04,chargement,18.42,1
2025-02-21,PEL-05,chargement,20.09,1
2025-02-21,CAM-01,transport,17.45,1
2025-02-21,CAM-02,transport,17.3,1
2025-02-21,CAM-03,transport,17.36,1
2025-02-21,CAM-04,transport,17.33,1
2025-02-21,CAM-05,transport,14.85,1
2025-02-21,CAM-06,transport,15.09,1
2025-02-21,CAM-07,transport,14.19,1
2025-02-21,CAM-08,transport,21.11,1
2025-02-21,CAM-09,transport,17.23,1
2025-02-21,CAM-10,transport,18.76,1
2025-02-21,CAM-11,transport,13.44,1
2025-02-21,CAM-12,transport,19.73,1
2025-02-21,GEN-01,energie,22.61,1
2025-02-21,GEN-02,energie,23.97,1
2025-02-21,GEN-03,energie,22.99,1
2025-02-22,FOR-01,forage,24.0,1
2025-02-22,FOR-02,forage,14.52,1
2025-02-22,FOR-03,forage,19.89,1
2025-02-22,FOR-04,forage,20.87,1
2025-02-22,PEL-01,chargement,21.51,1
2025-02-22,PEL-02,chargement,19.4,1
2025-02-22,PEL-03,chargement,18.86,1
2025-02-22,PEL-04,chargement,18.03,1
2025-02-22,PEL-05,chargement,20.62,1
2025-02-22,CAM-01,transport,20.64,1
2025-02-22,CAM-02,transport,21.42,1
2025-02-22,CAM-03,transport,0.0,0
2025-02-22,CAM-04,transport,15.36,1
2025-02-22,CAM-05,transport,20.26,1
2025-02-22,CAM-06,transport,18.64,1
2025-02-22,CAM-07,transport,16.71,1
2025-02-22,CAM-08,transport,15.36,1
2025-02-22,CAM-09,transport,21.54,1
2025-02-22,CAM-10,transport,24.0,1
2025-02-22,CAM-11,transport,21.4,1
2025-02-22,CAM-12,transport,16.52,1
2025-02-22,GEN-01,energie,20.02,1
2025-02-22,GEN-02,energie,23.78,1
2025-02-22,GEN-03,energie,20.49,1
2025-02-23,FOR-01,forage,16.79,1
2025-02-23,FOR-02,forage,22.52,1
2025-02-23,FOR-03,forage,22.98,1
2025-02-23,FOR-04,forage,19.58,1
2025-02-23,PEL-01,chargement,21.13,1
2025-02-23,PEL-02,chargement,14.14,1
2025-02-23,PEL-03,chargement,11.29,1
2025-02-23,PEL-04,chargement,23.94,1
2025-02-23,PEL-05,chargement,14.52,1
2025-02-23,CAM-01,transport,18.66,1
2025-02-23,CAM-02,transport,18.83,1
2025-02-23,CAM-03,transport,13.89,1
2025-02-23,CAM-04,transport,15.79,1
2025-02-23,CAM-05,transport,14.92,1
2025-02-23,CAM-06,transport,20.74,1
2025-02-23,CAM-07,transport,16.51,1
2025-02-23,CAM-08,transport,20.63,1
2025-02-23,CAM-09,transport,19.01,1
2025-02-23,CAM-10,transport,19.83,1
2025-02-23,CAM-11,transport,20.09,1
2025-02-23,CAM-12,transport,13.9,1
2025-02-23,GEN-01,energie,21.78,1
2025-02-23,GEN-02,energie,19.3,1
2025-02-23,GEN-03,energie,21.16,1
2025-02-24,FOR-01,forage,24.0,1
2025-02-24,FOR-02,forage,17.97,1
2025-02-24,FOR-03,forage,0.0,0
2025-02-24,FOR-04,forage,18.19,1
2025-02-24,PEL-01,chargement,14.91,1
2025-02-24,PEL-02,chargement,16.08,1
2025-02-24,PEL-03,chargement,18.85,1
2025-02-24,PEL-04,chargement,15.29,1
2025-02-24,PEL-05,chargement,17.62,1
2025-02-24,CAM-01,transport,20.23,1
2025-02-24,CAM-02,transport,13.89,1
2025-02-24,CAM-03,transport,18.55,1
2025-02-24,CAM-04,transport,12.86,1
2025-02-24,CAM-05,transport,15.74,1
2025-02-24,CAM-06,transport,18.72,1
2025-02-24,CAM-07,transport,17.27,1
2025-02-24,CAM-08,transport,17.31,1
2025-02-24,CAM-09,transport,17.45,1
2025-02-24,CAM-10,transport,14.34,1
2025-02-24,CAM-11,transport,14.22,1
2025-02-24,CAM-12,transport,18.61,1
2025-02-24,GEN-01,energie,24.0,1
2025-02-24,GEN-02,energie,0.0,0
2025-02-24,GEN-03,energie,20.92,1
2025-02-25,FOR-01,forage,13.28,1
2025-02-25,FOR-02,forage,17.24,1
2025-02-25,FOR-03,forage,22.63,1
2025-02-25,FOR-04,forage,12.32,1
2025-02-25,PEL-01,chargement,19.08,1
2025-02-25,PEL-02,chargement,15.98,1
2025-02-25,PEL-03,chargement,16.85,1
2025-02-25,PEL-04,chargement,18.35,1
2025-02-25,PEL-05,chargement,20.56,1
2025-02-25,CAM-01,transport,18.89,1
2025-02-25,CAM-02,transport,19.02,1
2025-02-25,CAM-03,transport,20.39,1
2025-02-25,CAM-04,transport,18.11,1
2025-02-25,CAM-05,transport,20.48,1
2025-02-25,CAM-06,transport,18.64,1
2025-02-25,CAM-07,transport,19.95,1
2025-02-25,CAM-08,transport,10.8,1
2025-02-25,CAM-09,transport,18.68,1
2025-02-25,CAM-10,transport,20.96,1
2025-02-25,CAM-11,transport,20.76,1
2025-02-25,CAM-12,transport,17.38,1
2025-02-25,GEN-01,energie,20.53,1
2025-02-25,GEN-02,energie,21.3,1
2025-02-25,GEN-03,energie,22.87,1
2025-02-26,FOR-01,forage,18.63,1
2025-02-26,FOR-02,forage,16.55,1
2025-02-26,FOR-03,forage,19.28,1
2025-02-26,FOR-04,forage,15.24,1
2025-02-26,PEL-01,chargement,0.0,0
2025-02-26,PEL-02,chargement,15.79,1
2025-02-26,PEL-03,chargement,20.12,1
2025-02-26,PEL-04,chargement,16.59,1
2025-02-26,PEL-05,chargement,0.0,0
2025-02-26,CAM-01,transport,17.74,1
2025-02-26,CAM-02,transport,14.74,1
2025-02-26,CAM-03,transport,24.0,1
2025-02-26,CAM-04,transport,18.09,1
2025-02-26,CAM-05,transport,20.06,1
2025-02-26,CAM-06,transport,20.6,1
2025-02-26,CAM-07,transport,17.65,1
2025-02-26,CAM-08,transport,13.12,1
2025-02-26,CAM-09,transport,19.75,1
2025-02-26,CAM-10,transport,14.43,1
2025-02-26,CAM-11,transport,16.02,1
2025-02-26,CAM-12,transport,13.08,1
2025-02-26,GEN-01,energie,19.47,1
2025-02-26,GEN-02,energie,20.79,1
2025-02-26,GEN-03,energie,20.94,1
2025-02-27,FOR-01,forage,15.91,1
2025-02-27,FOR-02,forage,16.58,1
2025-02-27,FOR-03,forage,19.23,1
2025-02-27,FOR-04,forage,17.04,1
2025-02-27,PEL-01,chargement,13.93,1
2025-02-27,PEL-02,chargement,19.97,1
2025-02-27,PEL-03,chargement,20.29,1
2025-02-27,PEL-04,chargement,14.56,1
2025-02-27,PEL-05,chargement,0.0,0
2025-02-27,CAM-01,transport,24.0,1
2025-02-27,CAM-02,transport,20.41,1
2025-02-27,CAM-03,transport,23.17,1
2025-02-27,CAM-04,transport,19.99,1
2025-02-27,CAM-05,transport,16.62,1
2025-02-27,CAM-06,transport,22.3,1
2025-02-27,CAM-07,transport,17.66,1
2025-02-27,CAM-08,transport,18.21,1
2025-02-27,CAM-09,transport,19.89,1
2025-02-27,CAM-10,transport,17.49,1
2025-02-27,CAM-11,transport,22.52,1
2025-02-27,CAM-12,transport,20.45,1
2025-02-27,GEN-01,energie,22.59,1
2025-02-27,GEN-02,energie,22.43,1
2025-02-27,GEN-03,energie,21.94,1
2025-02-28,FOR-01,forage,17.44,1
2025-02-28,FOR-02,forage,18.9,1
2025-02-28,FOR-03,forage,20.9,1
2025-02-28,FOR-04,forage,17.69,1
2025-02-28,PEL-01,chargement,22.93,1
2025-02-28,PEL-02,chargement,20.07,1
2025-02-28,PEL-03,chargement,19.26,1
2025-02-28,PEL-04,chargement,0.0,0
2025-02-28,PEL-05,chargement,16.94,1
2025-02-28,CAM-01,transport,22.23,1
2025-02-28,CAM-02,transport,13.97,1
2025-02-28,CAM-03,transport,12.32,1
2025-02-28,CAM-04,transport,17.54,1
2025-02-28,CAM-05,transport,17.58,1
2025-02-28,CAM-06,transport,17.8,1
2025-02-28,CAM-07,transport,18.12,1
2025-02-28,CAM-08,transport,20.14,1
2025-02-28,CAM-09,transport,10.6,1
2025-02-28,CAM-10,transport,21.23,1
2025-02-28,CAM-11,transport,20.14,1
2025-02-28,CAM-12,transport,11.09,1
2025-02-28,GEN-01,energie,21.8,1
2025-02-28,GEN-02,energie,20.59,1
2025-02-28,GEN-03,energie,24.0,1
2025-03-01,FOR-01,forage,15.39,1
2025-03-01,FOR-02,forage,21.8,1
2025-03-01,FOR-03,forage,16.89,1
2025-03-01,FOR-04,forage,18.77,1
2025-03-01,PEL-01,chargement,20.63,1
2025-03-01,PEL-02,chargement,19.15,1
2025-03-01,PEL-03,chargement,23.62,1
2025-03-01,PEL-04,chargement,18.8,1
2025-03-01,PEL-05,chargement,17.68,1
2025-03-01,CAM-01,transport,14.96,1
2025-03-01,CAM-02,transport,19.58,1
2025-03-01,CAM-03,transport,20.2,1
2025-03-01,CAM-04,transport,16.19,1
2025-03-01,CAM-05,transport,14.95,1
2025-03-01,CAM-06,transport,17.33,1
2025-03-01,CAM-07,transport,18.63,1
2025-03-01,CAM-08,transport,19.27,1
2025-03-01,CAM-09,transport,20.23,1
2025-03-01,CAM-10,transport,16.49,1
2025-03-01,CAM-11,transport,18.9,1
2025-03-01,CAM-12,transport,13.56,1
2025-03-01,GEN-01,energie,18.93,1
2025-03-01,GEN-02,energie,22.37,1
2025-03-01,GEN-03,energie,19.75,1
2025-03-02,FOR-01,forage,19.85,1
2025-03-02,FOR-02,forage,0.0,0
2025-03-02,FOR-03,forage,10.92,1
2025-03-02,FOR-04,forage,23.42,1
2025-03-02,PEL-01,chargement,19.22,1
2025-03-02,PEL-02,chargement,14.25,1
2025-03-02,PEL-03,chargement,16.97,1
2025-03-02,PEL-04,chargement,16.82,1
2025-03-02,PEL-05,chargement,23.43,1
2025-03-02,CAM-01,transport,17.66,1
2025-03-02,CAM-02,transport,21.68,1
2025-03-02,CAM-03,transport,16.29,1
2025-03-02,CAM-04,transport,18.08,1
2025-03-02,CAM-05,transport,0.0,0
2025-03-02,CAM-06,transport,15.04,1
2025-03-02,CAM-07,transport,0.0,0
2025-03-02,CAM-08,transport,15.85,1
2025-03-02,CAM-09,transport,16.34,1
2025-03-02,CAM-10,transport,19.7,1
2025-03-02,CAM-11,transport,19.1,1
2025-03-02,CAM-12,transport,14.83,1
2025-03-02,GEN-01,energie,21.22,1
2025-03-02,GEN-02,energie,21.16,1
2025-03-02,GEN-03,energie,19.28,1
2025-03-03,FOR-01,forage,19.46,1
2025-03-03,FOR-02,forage,12.57,1
2025-03-03,FOR-03,forage,14.63,1
2025-03-03,FOR-04,forage,19.21,1
2025-03-03,PEL-01,chargement,18.31,1
2025-03-03,PEL-02,chargement,0.0,0
2025-03-03,PEL-03,chargement,17.37,1
2025-03-03,PEL-04,chargement,17.32,1
2025-03-03,PEL-05,chargement,19.58,1
2025-03-03,CAM-01,transport,16.84,1
2025-03-03,CAM-02,transport,17.14,1
2025-03-03,CAM-03,transport,15.73,1
2025-03-03,CAM-04,transport,15.24,1
2025-03-03,CAM-05,transport,20.14,1
2025-03-03,CAM-06,transport,16.66,1
2025-03-03,CAM-07,transport,18.25,1
2025-03-03,CAM-08,transport,18.87,1
2025-03-03,CAM-09,transport,17.37,1
2025-03-03,CAM-10,transport,21.75,1
2025-03-03,CAM-11,transport,18.05,1
2025-03-03,CAM-12,transport,22.31,1
2025-03-03,GEN-01,energie,20.76,1
2025-03-03,GEN-02,energie,21.01,1
2025-03-03,GEN-03,energie,22.07,1
2025-03-04,FOR-01,forage,0.0,0
2025-03-04,FOR-02,forage,24.0,1
2025-03-04,FOR-03,forage,18.81,1
2025-03-04,FOR-04,forage,16.07,1
2025-03-04,PEL-01,chargement,14.64,1
2025-03-04,PEL-02,chargement,15.7,1
2025-03-04,PEL-03,chargement,20.11,1
2025-03-04,PEL-04,chargement,20.67,1
2025-03-04,PEL-05,chargement,15.25,1
2025-03-04,CAM-01,transport,13.55,1
2025-03-04,CAM-02,transport,0.0,0
2025-03-04,CAM-03,transport,17.69,1
2025-03-04,CAM-04,transport,16.56,1
2025-03-04,CAM-05,transport,24.0,1
2025-03-04,CAM-06,transport,20.06,1
2025-03-04,CAM-07,transport,23.31,1
2025-03-04,CAM-08,transport,16.17,1
2025-03-04,CAM-09,transport,18.66,1
2025-03-04,CAM-10,transport,16.42,1
2025-03-04,CAM-11,transport,19.27,1
2025-03-04,CAM-12,transport,13.39,1
2025-03-04,GEN-01,energie,20.12,1
2025-03-04,GEN-02,energie,24.0,1
2025-03-04,GEN-03,energie,23.89,1
2025-03-05,FOR-01,forage,23.36,1
2025-03-05,FOR-02,forage,20.33,1
2025-03-05,FOR-03,forage,20.9,1
2025-03-05,FOR-04,forage,17.64,1
2025-03-05,PEL-01,chargement,21.76,1
2025-03-05,PEL-02,chargement,18.01,1
2025-03-05,PEL-03,chargement,17.74,1
2025-03-05,PEL-04,chargement,0.0,0
2025-03-05,PEL-05,chargement,19.32,1
2025-03-05,CAM-01,transport,20.53,1
2025-03-05,CAM-02,transport,18.42,1
2025-03-05,CAM-03,transport,22.18,1
2025-03-05,CAM-04,transport,23.36,1
2025-03-05,CAM-05,transport,21.07,1
2025-03-05,CAM-06,transport,0.0,0
2025-03-05,CAM-07,transport,20.32,1
2025-03-05,CAM-08,transport,14.02,1
2025-03-05,CAM-09,transport,23.45,1
2025-03-05,CAM-10,transport,20.03,1
2025-03-05,CAM-11,transport,15.13,1
2025-03-05,CAM-12,transport,19.51,1
2025-03-05,GEN-01,energie,22.76,1
2025-03-05,GEN-02,energie,21.08,1
2025-03-05,GEN-03,energie,21.12,1
2025-03-06,FOR-01,forage,18.78,1
2025-03-06,FOR-02,forage,20.57,1
2025-03-06,FOR-03,forage,22.91,1
2025-03-06,FOR-04,forage,17.85,1
2025-03-06,PEL-01,chargement,17.89,1
2025-03-06,PEL-02,chargement,14.33,1
2025-03-06,PEL-03,chargement,13.88,1
2025-03-06,PEL-04,chargement,17.68,1
2025-03-06,PEL-05,chargement,15.2,1
2025-03-06,CAM-01,transport,13.08,1
2025-03-06,CAM-02,transport,15.61,1
2025-03-06,CAM-03,transport,20.0,1
2025-03-06,CAM-04,transport,17.75,1
2025-03-06,CAM-05,transport,0.0,0
2025-03-06,CAM-06,transport,19.08,1
2025-03-06,CAM-07,transport,17.19,1
2025-03-06,CAM-08,transport,17.69,1
2025-03-06,CAM-09,transport,19.52,1
2025-03-06,CAM-10,transport,20.9,1
2025-03-06,CAM-11,transport,18.25,1
2025-03-06,CAM-12,transport,20.16,1
2025-03-06,GEN-01,energie,22.59,1
2025-03-06,GEN-02,energie,20.22,1
2025-03-06,GEN-03,energie,21.42,1
2025-03-07,FOR-01,forage,18.99,1
2025-03-07,FOR-02,forage,15.49,1
2025-03-07,FOR-03,forage,18.31,1
2025-03-07,FOR-04,forage,22.61,1
2025-03-07,PEL-01,chargement,17.69,1
2025-03-07,PEL-02,chargement,20.37,1
2025-03-07,PEL-03,chargement,15.75,1
2025-03-07,PEL-04,chargement,21.28,1
2025-03-07,PEL-05,chargement,10.25,1
2025-03-07,CAM-01,transport,21.61,1
2025-03-07,CAM-02,transport,24.0,1
2025-03-07,CAM-03,transport,19.43,1
2025-03-07,CAM-04,transport,18.55,1
2025-03-07,CAM-05,transport,17.57,1
2025-03-07,CAM-06,transport,14.11,1
2025-03-07,CAM-07,transport,19.88,1
2025-03-07,CAM-08,transport,15.2,1
2025-03-07,CAM-09,transport,9.15,1
2025-03-07,CAM-10,transport,19.59,1
2025-03-07,CAM-11,transport,21.13,1
2025-03-07,CAM-12,transport,18.21,1
2025-03-07,GEN-01,energie,23.97,1
2025-03-07,GEN-02,energie,22.57,1
2025-03-07,GEN-03,energie,20.58,1
2025-03-08,FOR-01,forage,22.45,1
2025-03-08,FOR-02,forage,19.52,1
2025-03-08,FOR-03,forage,12.01,1
2025-03-08,FOR-04,forage,21.85,1
2025-03-08,PEL-01,chargement,18.94,1
2025-03-08,PEL-02,chargement,20.5,1
2025-03-08,PEL-03,chargement,16.28,1
2025-03-08,PEL-04,chargement,18.86,1
2025-03-08,PEL-05,chargement,14.51,1
2025-03-08,CAM-01,transport,18.31,1
2025-03-08,CAM-02,transport,18.5,1
2025-03-08,CAM-03,transport,17.7,1
2025-03-08,CAM-04,transport,12.59,1
2025-03-08,CAM-05,transport,19.64,1
2025-03-08,CAM-06,transport,22.43,1
2025-03-08,CAM-07,transport,12.34,1
2025-03-08,CAM-08,transport,21.87,1
2025-03-08,CAM-09,transport,20.7,1
2025-03-08,CAM-10,transport,20.62,1
2025-03-08,CAM-11,transport,0.0,0
2025-03-08,CAM-12,transport,19.63,1
2025-03-08,GEN-01,energie,23.39,1
2025-03-08,GEN-02,energie,23.48,1
2025-03-08,GEN-03,energie,23.1,1
2025-03-09,FOR-01,forage,22.19,1
2025-03-09,FOR-02,forage,14.69,1
2025-03-09,FOR-03,forage,17.62,1
2025-03-09,FOR-04,forage,17.24,1
2025-03-09,PEL-01,chargement,18.68,1
2025-03-09,PEL-02,chargement,19.62,1
2025-03-09,PEL-03,chargement,0.0,0
2025-03-09,PEL-04,chargement,15.63,1
2025-03-09,PEL-05,chargement,17.77,1
2025-03-09,CAM-01,transport,15.11,1
2025-03-09,CAM-02,transport,18.61,1
2025-03-09,CAM-03,transport,22.08,1
2025-03-09,CAM-04,transport,21.87,1
2025-03-09,CAM-05,transport,20.38,1
2025-03-09,CAM-06,transport,23.93,1
2025-03-09,CAM-07,transport,16.81,1
2025-03-09,CAM-08,transport,23.17,1
2025-03-09,CAM-09,transport,16.71,1
2025-03-09,CAM-10,transport,21.73,1
2025-03-09,CAM-11,transport,16.69,1
2025-03-09,CAM-12,transport,15.78,1
2025-03-09,GEN-01,energie,20.69,1
2025-03-09,GEN-02,energie,21.02,1
2025-03-09,GEN-03,energie,18.17,1
2025-03-10,FOR-01,forage,22.26,1
2025-03-10,FOR-02,forage,16.16,1
2025-03-10,FOR-03,forage,19.13,1
2025-03-10,FOR-04,forage,17.14,1
2025-03-10,PEL-01,chargement,14.76,1
2025-03-10,PEL-02,chargement,21.99,1
2025-03-10,PEL-03,chargement,17.44,1
2025-03-10,PEL-04,chargement,20.63,1
2025-03-10,PEL-05,chargement,21.34,1
2025-03-10,CAM-01,transport,17.82,1
2025-03-10,CAM-02,transport,19.47,1
2025-03-10,CAM-03,transport,21.26,1
2025-03-10,CAM-04,transport,22.59,1
2025-03-10,CAM-05,transport,12.34,1
2025-03-10,CAM-06,transport,13.79,1
2025-03-10,CAM-07,transport,11.47,1
2025-03-10,CAM-08,transport,14.27,1
2025-03-10,CAM-09,transport,15.85,1
2025-03-10,CAM-10,transport,16.56,1
2025-03-10,CAM-11,transport,18.0,1
2025-03-10,CAM-12,transport,18.19,1
2025-03-10,GEN-01,energie,24.0,1
2025-03-10,GEN-02,energie,21.5,1
2025-03-10,GEN-03,energie,24.0,1
2025-03-11,FOR-01,forage,20.1,1
2025-03-11,FOR-02,forage,0.0,0
2025-03-11,FOR-03,forage,12.18,1
2025-03-11,FOR-04,forage,21.29,1
2025-03-11,PEL-01,chargement,15.43,1
2025-03-11,PEL-02,chargement,19.03,1
2025-03-11,PEL-03,chargement,16.23,1
2025-03-11,PEL-04,chargement,21.72,1
2025-03-11,PEL-05,chargement,14.54,1
2025-03-11,CAM-01,transport,19.93,1
2025-03-11,CAM-02,transport,19.43,1
2025-03-11,CAM-03,transport,16.69,1
2025-03-11,CAM-04,transport,0.0,0
2025-03-11,CAM-05,transport,15.31,1
2025-03-11,CAM-06,transport,20.66,1
2025-03-11,CAM-07,transport,12.37,1
2025-03-11,CAM-08,transport,15.54,1
2025-03-11,CAM-09,transport,17.73,1
2025-03-11,CAM-10,transport,17.93,1
2025-03-11,CAM-11,transport,17.2,1
2025-03-11,CAM-12,transport,14.48,1
2025-03-11,GEN-01,energie,24.0,1
2025-03-11,GEN-02,energie,19.91,1
2025-03-11,GEN-03,energie,24.0,1
2025-03-12,FOR-01,forage,18.12,1
2025-03-12,FOR-02,forage,17.77,1
2025-03-12,FOR-03,forage,13.32,1
2025-03-12,FOR-04,forage,0.0,0
2025-03-12,PEL-01,chargement,12.97,1
2025-03-12,PEL-02,chargement,13.73,1
2025-03-12,PEL-03,chargement,19.35,1
2025-03-12,PEL-04,chargement,14.8,1
2025-03-12,PEL-05,chargement,15.06,1
2025-03-12,CAM-01,transport,13.04,1
2025-03-12,CAM-02,transport,21.79,1
2025-03-12,CAM-03,transport,19.3,1
2025-03-12,CAM-04,transport,19.35,1
2025-03-12,CAM-05,transport,15.94,1
2025-03-12,CAM-06,transport,14.27,1
2025-03-12,CAM-07,transport,17.16,1
2025-03-12,CAM-08,transport,20.79,1
2025-03-12,CAM-09,transport,19.56,1
2025-03-12,CAM-10,transport,18.49,1
2025-03-12,CAM-11,transport,15.23,1
2025-03-12,CAM-12,transport,16.09,1
2025-03-12,GEN-01,energie,19.01,1
2025-03-12,GEN-02,energie,24.0,1
2025-03-12,GEN-03,energie,21.79,1
2025-03-13,FOR-01,forage,16.38,1
2025-03-13,FOR-02,forage,15.83,1
2025-03-13,FOR-03,forage,18.13,1
2025-03-13,FOR-04,forage,21.1,1
2025-03-13,PEL-01,chargement,16.37,1
2025-03-13,PEL-02,chargement,16.83,1
2025-03-13,PEL-03,chargement,20.78,1
2025-03-13,PEL-04,chargement,17.25,1
2025-03-13,PEL-05,chargement,22.2,1
2025-03-13,CAM-01,transport,15.4,1
2025-03-13,CAM-02,transport,19.49,1
2025-03-13,CAM-03,transport,20.26,1
2025-03-13,CAM-04,transport,16.1,1
2025-03-13,CAM-05,transport,0.0,0
2025-03-13,CAM-06,transport,20.51,1
2025-03-13,CAM-07,transport,24.0,1
2025-03-13,CAM-08,transport,16.53,1
2025-03-13,CAM-09,transport,17.76,1
2025-03-13,CAM-10,transport,16.96,1
2025-03-13,CAM-11,transport,13.66,1
2025-03-13,CAM-12,transport,16.29,1
2025-03-13,GEN-01,energie,20.25,1
2025-03-13,GEN-02,energie,21.8,1
2025-03-13,GEN-03,energie,20.68,1
2025-03-14,FOR-01,forage,19.76,1
2025-03-14,FOR-02,forage,16.19,1
2025-03-14,FOR-03,forage,20.84,1
2025-03-14,FOR-04,forage,18.38,1
2025-03-14,PEL-01,chargement,19.03,1
2025-03-14,PEL-02,chargement,17.89,1
2025-03-14,PEL-03,chargement,15.27,1
2025-03-14,PEL-04,chargement,18.98,1
2025-03-14,PEL-05,chargement,16.14,1
2025-03-14,CAM-01,transport,18.42,1
2025-03-14,CAM-02,transport,17.71,1
2025-03-14,CAM-03,transport,17.46,1
2025-03-14,CAM-04,transport,14.33,1
2025-03-14,CAM-05,transport,13.81,1
2025-03-14,CAM-06,transport,19.13,1
2025-03-14,CAM-07,transport,11.8,1
2025-03-14,CAM-08,transport,14.25,1
2025-03-14,CAM-09,transport,14.73,1
2025-03-14,CAM-10,transport,14.88,1
2025-03-14,CAM-11,transport,12.52,1
2025-03-14,CAM-12,transport,15.29,1
2025-03-14,GEN-01,energie,18.62,1
2025-03-14,GEN-02,energie,20.33,1
2025-03-14,GEN-03,energie,21.54,1
2025-03-15,FOR-01,forage,18.58,1
2025-03-15,FOR-02,forage,18.94,1
2025-03-15,FOR-03,forage,17.05,1
2025-03-15,FOR-04,forage,19.08,1
2025-03-15,PEL-01,chargement,21.57,1
2025-03-15,PEL-02,chargement,18.86,1
2025-03-15,PEL-03,chargement,21.11,1
2025-03-15,PEL-04,chargement,23.75,1
2025-03-15,PEL-05,chargement,21.05,1
2025-03-15,CAM-01,transport,17.45,1
2025-03-15,CAM-02,transport,17.03,1
2025-03-15,CAM-03,transport,16.45,1
2025-03-15,CAM-04,transport,22.88,1
2025-03-15,CAM-05,transport,0.0,0
2025-03-15,CAM-06,transport,18.54,1
2025-03-15,CAM-07,transport,18.12,1
2025-03-15,CAM-08,transport,13.83,1
2025-03-15,CAM-09,transport,14.48,1
2025-03-15,CAM-10,transport,14.65,1
2025-03-15,CAM-11,transport,22.69,1
2025-03-15,CAM-12,transport,15.55,1
2025-03-15,GEN-01,energie,20.67,1
2025-03-15,GEN-02,energie,21.43,1
2025-03-15,GEN-03,energie,21.5,1
2025-03-16,FOR-01,forage,14.76,1
2025-03-16,FOR-02,forage,20.56,1
2025-03-16,FOR-03,forage,22.68,1
2025-03-16,FOR-04,forage,18.85,1
2025-03-16,PEL-01,chargement,15.09,1
2025-03-16,PEL-02,chargement,18.69,1
2025-03-16,PEL-03,chargement,16.92,1
2025-03-16,PEL-04,chargement,17.42,1
2025-03-16,PEL-05,chargement,16.38,1
2025-03-16,CAM-01,transport,21.79,1
2025-03-16,CAM-02,transport,20.57,1
2025-03-16,CAM-03,transport,17.17,1
2025-03-16,CAM-04,transport,17.21,1
2025-03-16,CAM-05,transport,21.17,1
2025-03-16,CAM-06,transport,22.04,1
2025-03-16,CAM-07,transport,20.6,1
2025-03-16,CAM-08,transport,13.0,1
2025-03-16,CAM-09,transport,22.87,1
2025-03-16,CAM-10,transport,17.54,1
2025-03-16,CAM-11,transport,19.46,1
2025-03-16,CAM-12,transport,18.67,1
2025-03-16,GEN-01,energie,21.64,1
2025-03-16,GEN-02,energie,24.0,1
2025-03-16,GEN-03,energie,22.11,1
2025-03-17,FOR-01,forage,17.82,1
2025-03-17,FOR-02,forage,19.63,1
2025-03-17,FOR-03,forage,17.73,1
2025-03-17,FOR-04,forage,22.66,1
2025-03-17,PEL-01,chargement,19.75,1
2025-03-17,PEL-02,chargement,17.69,1
2025-03-17,PEL-03,chargement,12.68,1
2025-03-17,PEL-04,chargement,18.5,1
2025-03-17,PEL-05,chargement,15.64,1
2025-03-17,CAM-01,transport,19.2,1
2025-03-17,CAM-02,transport,19.87,1
2025-03-17,CAM-03,transport,14.19,1
2025-03-17,CAM-04,transport,16.93,1
2025-03-17,CAM-05,transport,22.55,1
2025-03-17,CAM-06,transport,18.49,1
2025-03-17,CAM-07,transport,13.09,1
2025-03-17,CAM-08,transport,13.76,1
2025-03-17,CAM-09,transport,19.25,1
2025-03-17,CAM-10,transport,12.79,1
2025-03-17,CAM-11,transport,21.28,1
2025-03-17,CAM-12,transport,24.0,1
2025-03-17,GEN-01,energie,20.37,1
2025-03-17,GEN-02,energie,24.0,1
2025-03-17,GEN-03,energie,24.0,1
2025-03-18,FOR-01,forage,17.33,1
2025-03-18,FOR-02,forage,15.83,1
2025-03-18,FOR-03,forage,20.3,1
2025-03-18,FOR-04,forage,15.88,1
2025-03-18,PEL-01,chargement,21.68,1
2025-03-18,PEL-02,chargement,21.59,1
2025-03-18,PEL-03,chargement,0.0,0
2025-03-18,PEL-04,chargement,19.97,1
2025-03-18,PEL-05,chargement,20.36,1
2025-03-18,CAM-01,transport,20.97,1
2025-03-18,CAM-02,transport,16.32,1
2025-03-18,CAM-03,transport,24.0,1
2025-03-18,CAM-04,transport,16.21,1
2025-03-18,CAM-05,transport,19.41,1
2025-03-18,CAM-06,transport,19.11,1
2025-03-18,CAM-07,transport,16.88,1
2025-03-18,CAM-08,transport,17.15,1
2025-03-18,CAM-09,transport,22.44,1
2025-03-18,CAM-10,transport,14.03,1
2025-03-18,CAM-11,transport,16.82,1
2025-03-18,CAM-12,transport,18.02,1
2025-03-18,GEN-01,energie,24.0,1
2025-03-18,GEN-02,energie,22.36,1
2025-03-18,GEN-03,energie,22.14,1
2025-03-19,FOR-01,forage,19.11,1
2025-03-19,FOR-02,forage,13.45,1
2025-03-19,FOR-03,forage,16.86,1
2025-03-19,FOR-04,forage,24.0,1
2025-03-19,PEL-01,chargement,12.0,1
2025-03-19,PEL-02,chargement,17.93,1
2025-03-19,PEL-03,chargement,15.25,1
2025-03-19,PEL-04,chargement,7.4,1
2025-03-19,PEL-05,chargement,18.08,1
2025-03-19,CAM-01,transport,16.26,1
2025-03-19,CAM-02,transport,17.39,1
2025-03-19,CAM-03,transport,22.56,1
2025-03-19,CAM-04,transport,17.06,1
2025-03-19,CAM-05,transport,15.81,1
2025-03-19,CAM-06,transport,15.01,1
2025-03-19,CAM-07,transport,17.57,1
2025-03-19,CAM-08,transport,18.08,1
2025-03-19,CAM-09,transport,15.38,1
2025-03-19,CAM-10,transport,22.09,1
2025-03-19,CAM-11,transport,16.7,1
2025-03-19,CAM-12,transport,17.62,1
2025-03-19,GEN-01,energie,21.38,1
2025-03-19,GEN-02,energie,24.0,1
2025-03-19,GEN-03,energie,22.5,1
2025-03-20,FOR-01,forage,17.19,1
2025-03-20,FOR-02,forage,18.33,1
2025-03-20,FOR-03,forage,18.23,1
2025-03-20,FOR-04,forage,23.06,1
2025-03-20,PEL-01,chargement,0.0,0
2025-03-20,PEL-02,chargement,15.48,1
2025-03-20,PEL-03,chargement,18.6,1
2025-03-20,PEL-04,chargement,18.35,1
2025-03-20,PEL-05,chargement,19.26,1
2025-03-20,CAM-01,transport,19.17,1
2025-03-20,CAM-02,transport,16.61,1
2025-03-20,CAM-03,transport,17.7,1
2025-03-20,CAM-04,transport,14.92,1
2025-03-20,CAM-05,transport,17.66,1
2025-03-20,CAM-06,transport,17.26,1
2025-03-20,CAM-07,transport,13.66,1
2025-03-20,CAM-08,transport,19.12,1
2025-03-20,CAM-09,transport,24.0,1
2025-03-20,CAM-10,transport,17.51,1
2025-03-20,CAM-11,transport,13.23,1
2025-03-20,CAM-12,transport,17.19,1
2025-03-20,GEN-01,energie,24.0,1
2025-03-20,GEN-02,energie,22.01,1
2025-03-20,GEN-03,energie,20.94,1
2025-03-21,FOR-01,forage,22.36,1
2025-03-21,FOR-02,forage,21.54,1
2025-03-21,FOR-03,forage,17.22,1
2025-03-21,FOR-04,forage,21.53,1
2025-03-21,PEL-01,chargement,14.43,1
2025-03-21,PEL-02,chargement,20.33,1
2025-03-21,PEL-03,chargement,22.12,1
2025-03-21,PEL-04,chargement,20.22,1
2025-03-21,PEL-05,chargement,24.0,1
2025-03-21,CAM-01,transport,17.75,1
2025-03-21,CAM-02,transport,20.5,1
2025-03-21,CAM-03,transport,16.8,1
2025-03-21,CAM-04,transport,17.67,1
2025-03-21,CAM-05,transport,21.96,1
2025-03-21,CAM-06,transport,22.51,1
2025-03-21,CAM-07,transport,14.59,1
2025-03-21,CAM-08,transport,16.24,1
2025-03-21,CAM-09,transport,20.61,1
2025-03-21,CAM-10,transport,21.37,1
2025-03-21,CAM-11,transport,22.88,1
2025-03-21,CAM-12,transport,19.53,1
2025-03-21,GEN-01,energie,24.0,1
2025-03-21,GEN-02,energie,19.62,1
2025-03-21,GEN-03,energie,20.92,1
2025-03-22,FOR-01,forage,15.8,1
2025-03-22,FOR-02,forage,17.34,1
2025-03-22,FOR-03,forage,18.46,1
2025-03-22,FOR-04,forage,15.87,1
2025-03-22,PEL-01,chargement,19.07,1
2025-03-22,PEL-02,chargement,20.09,1
2025-03-22,PEL-03,chargement,17.68,1
2025-03-22,PEL-04,chargement,15.57,1
2025-03-22,PEL-05,chargement,21.98,1
2025-03-22,CAM-01,transport,23.42,1
2025-03-22,CAM-02,transport,24.0,1
2025-03-22,CAM-03,transport,18.38,1
2025-03-22,CAM-04,transport,17.44,1
2025-03-22,CAM-05,transport,17.77,1
2025-03-22,CAM-06,transport,22.07,1
2025-03-22,CAM-07,transport,15.75,1
2025-03-22,CAM-08,transport,22.82,1
2025-03-22,CAM-09,transport,17.78,1
2025-03-22,CAM-10,transport,19.48,1
2025-03-22,CAM-11,transport,17.27,1
2025-03-22,CAM-12,transport,13.31,1
2025-03-22,GEN-01,energie,19.75,1
2025-03-22,GEN-02,energie,23.07,1
2025-03-22,GEN-03,energie,18.84,1
2025-03-23,FOR-01,forage,22.17,1
2025-03-23,FOR-02,forage,15.57,1
2025-03-23,FOR-03,forage,15.66,1
2025-03-23,FOR-04,forage,19.19,1
2025-03-23,PEL-01,chargement,17.91,1
2025-03-23,PEL-02,chargement,19.15,1
2025-03-23,PEL-03,chargement,19.38,1
2025-03-23,PEL-04,chargement,16.53,1
2025-03-23,PEL-05,chargement,15.6,1
2025-03-23,CAM-01,transport,18.19,1
2025-03-23,CAM-02,transport,15.38,1
2025-03-23,CAM-03,transport,20.31,1
2025-03-23,CAM-04,transport,0.0,0
2025-03-23,CAM-05,transport,14.09,1
2025-03-23,CAM-06,transport,19.11,1
2025-03-23,CAM-07,transport,22.54,1
2025-03-23,CAM-08,transport,18.58,1
2025-03-23,CAM-09,transport,18.25,1
2025-03-23,CAM-10,transport,16.7,1
2025-03-23,CAM-11,transport,21.92,1
2025-03-23,CAM-12,transport,17.76,1
2025-03-23,GEN-01,energie,24.0,1
2025-03-23,GEN-02,energie,19.91,1
2025-03-23,GEN-03,energie,24.0,1
2025-03-24,FOR-01,forage,0.0,0
2025-03-24,FOR-02,forage,17.89,1
2025-03-24,FOR-03,forage,21.39,1
2025-03-24,FOR-04,forage,19.08,1
2025-03-24,PEL-01,chargement,12.37,1
2025-03-24,PEL-02,chargement,16.68,1
2025-03-24,PEL-03,chargement,19.16,1
2025-03-24,PEL-04,chargement,17.29,1
2025-03-24,PEL-05,chargement,19.76,1
2025-03-24,CAM-01,transport,21.06,1
2025-03-24,CAM-02,transport,13.87,1
2025-03-24,CAM-03,transport,22.49,1
2025-03-24,CAM-04,transport,19.47,1
2025-03-24,CAM-05,transport,18.82,1
2025-03-24,CAM-06,transport,17.78,1
2025-03-24,CAM-07,transport,14.92,1
2025-03-24,CAM-08,transport,17.34,1
2025-03-24,CAM-09,transport,21.65,1
2025-03-24,CAM-10,transport,19.95,1
2025-03-24,CAM-11,transport,22.89,1
2025-03-24,CAM-12,transport,16.58,1
2025-03-24,GEN-01,energie,23.68,1
2025-03-24,GEN-02,energie,17.29,1
2025-03-24,GEN-03,energie,18.69,1
2025-03-25,FOR-01,forage,13.9,1
2025-03-25,FOR-02,forage,24.0,1
2025-03-25,FOR-03,forage,21.7,1
2025-03-25,FOR-04,forage,18.04,1
2025-03-25,PEL-01,chargement,17.96,1
2025-03-25,PEL-02,chargement,22.07,1
2025-03-25,PEL-03,chargement,16.83,1
2025-03-25,PEL-04,chargement,14.69,1
2025-03-25,PEL-05,chargement,17.81,1
2025-03-25,CAM-01,transport,17.88,1
2025-03-25,CAM-02,transport,18.94,1
2025-03-25,CAM-03,transport,22.25,1
2025-03-25,CAM-04,transport,15.01,1
2025-03-25,CAM-05,transport,11.63,1
2025-03-25,CAM-06,transport,15.45,1
2025-03-25,CAM-07,transport,12.35,1
2025-03-25,CAM-08,transport,19.57,1
2025-03-25,CAM-09,transport,20.55,1
2025-03-25,CAM-10,transport,20.86,1
2025-03-25,CAM-11,transport,17.27,1
2025-03-25,CAM-12,transport,17.93,1
2025-03-25,GEN-01,energie,18.53,1
2025-03-25,GEN-02,energie,24.0,1
2025-03-25,GEN-03,energie,20.77,1
2025-03-26,FOR-01,forage,20.7,1
2025-03-26,FOR-02,forage,19.51,1
2025-03-26,FOR-03,forage,18.44,1
2025-03-26,FOR-04,forage,16.94,1
2025-03-26,PEL-01,chargement,15.71,1
2025-03-26,PEL-02,chargement,21.95,1
2025-03-26,PEL-03,chargement,18.57,1
2025-03-26,PEL-04,chargement,12.89,1
2025-03-26,PEL-05,chargement,16.14,1
2025-03-26,CAM-01,transport,16.76,1
2025-03-26,CAM-02,transport,16.7,1
2025-03-26,CAM-03,transport,16.47,1
2025-03-26,CAM-04,transport,20.38,1
2025-03-26,CAM-05,transport,18.16,1
2025-03-26,CAM-06,transport,14.98,1
2025-03-26,CAM-07,transport,15.62,1
2025-03-26,CAM-08,transport,0.0,0
2025-03-26,CAM-09,transport,0.0,0
2025-03-26,CAM-10,transport,19.25,1
2025-03-26,CAM-11,transport,15.39,1
2025-03-26,CAM-12,transport,23.46,1
2025-03-26,GEN-01,energie,21.42,1
2025-03-26,GEN-02,energie,20.16,1
2025-03-26,GEN-03,energie,22.79,1
2025-03-27,FOR-01,forage,21.38,1
2025-03-27,FOR-02,forage,18.27,1
2025-03-27,FOR-03,forage,0.0,0
2025-03-27,FOR-04,forage,15.16,1
2025-03-27,PEL-01,chargement,20.87,1
2025-03-27,PEL-02,chargement,15.29,1
2025-03-27,PEL-03,chargement,20.82,1
2025-03-27,PEL-04,chargement,17.66,1
2025-03-27,PEL-05,chargement,20.37,1
2025-03-27,CAM-01,transport,15.85,1
2025-03-27,CAM-02,transport,17.7,1
2025-03-27,CAM-03,transport,17.13,1
2025-03-27,CAM-04,transport,21.85,1
2025-03-27,CAM-05,transport,24.0,1
2025-03-27,CAM-06,transport,15.6,1
2025-03-27,CAM-07,transport,19.07,1
2025-03-27,CAM-08,transport,21.62,1
2025-03-27,CAM-09,transport,19.99,1
2025-03-27,CAM-10,transport,15.96,1
2025-03-27,CAM-11,transport,19.89,1
2025-03-27,CAM-12,transport,14.56,1
2025-03-27,GEN-01,energie,24.0,1
2025-03-27,GEN-02,energie,21.45,1
2025-03-27,GEN-03,energie,24.0,1
2025-03-28,FOR-01,forage,17.55,1
2025-03-28,FOR-02,forage,19.27,1
2025-03-28,FOR-03,forage,19.18,1
2025-03-28,FOR-04,forage,13.28,1
2025-03-28,PEL-01,chargement,17.88,1
2025-03-28,PEL-02,chargement,19.57,1
2025-03-28,PEL-03,chargement,15.69,1
2025-03-28,PEL-04,chargement,16.76,1
2025-03-28,PEL-05,chargement,18.05,1
2025-03-28,CAM-01,transport,19.14,1
2025-03-28,CAM-02,transport,15.05,1
2025-03-28,CAM-03,transport,13.54,1
2025-03-28,CAM-04,transport,11.99,1
2025-03-28,CAM-05,transport,18.66,1
2025-03-28,CAM-06,transport,10.64,1
2025-03-28,CAM-07,transport,15.98,1
2025-03-28,CAM-08,transport,17.26,1
2025-03-28,CAM-09,transport,18.54,1
2025-03-28,CAM-10,transport,24.0,1
2025-03-28,CAM-11,transport,19.46,1
2025-03-28,CAM-12,transport,20.75,1
2025-03-28,GEN-01,energie,24.0,1
2025-03-28,GEN-02,energie,20.19,1
2025-03-28,GEN-03,energie,21.84,1
2025-03-29,FOR-01,forage,19.57,1
2025-03-29,FOR-02,forage,16.46,1
2025-03-29,FOR-03,forage,19.22,1
2025-03-29,FOR-04,forage,15.21,1
2025-03-29,PEL-01,chargement,20.62,1
2025-03-29,PEL-02,chargement,23.08,1
2025-03-29,PEL-03,chargement,17.19,1
2025-03-29,PEL-04,chargement,20.27,1
2025-03-29,PEL-05,chargement,20.99,1
2025-03-29,CAM-01,transport,0.0,0
2025-03-29,CAM-02,transport,21.2,1
2025-03-29,CAM-03,transport,19.34,1
2025-03-29,CAM-04,transport,20.82,1
2025-03-29,CAM-05,transport,16.31,1
2025-03-29,CAM-06,transport,20.56,1
2025-03-29,CAM-07,transport,19.95,1
2025-03-29,CAM-08,transport,19.2,1
2025-03-29,CAM-09,transport,19.25,1
2025-03-29,CAM-10,transport,20.73,1
2025-03-29,CAM-11,transport,14.98,1
2025-03-29,CAM-12,transport,16.37,1
2025-03-29,GEN-01,energie,24.0,1
2025-03-29,GEN-02,energie,20.6,1
2025-03-29,GEN-03,energie,22.31,1
2025-03-30,FOR-01,forage,20.47,1
2025-03-30,FOR-02,forage,23.69,1
2025-03-30,FOR-03,forage,17.74,1
2025-03-30,FOR-04,forage,18.46,1
2025-03-30,PEL-01,chargement,21.54,1
2025-03-30,PEL-02,chargement,15.38,1
2025-03-30,PEL-03,chargement,15.6,1
2025-03-30,PEL-04,chargement,11.11,1
2025-03-30,PEL-05,chargement,16.04,1
2025-03-30,CAM-01,transport,16.83,1
2025-03-30,CAM-02,transport,18.01,1
2025-03-30,CAM-03,transport,21.42,1
2025-03-30,CAM-04,transport,17.6,1
2025-03-30,CAM-05,transport,13.43,1
2025-03-30,CAM-06,transport,14.85,1
2025-03-30,CAM-07,transport,17.06,1
2025-03-30,CAM-08,transport,15.99,1
2025-03-30,CAM-09,transport,15.62,1
2025-03-30,CAM-10,transport,18.16,1
2025-03-30,CAM-11,transport,16.43,1
2025-03-30,CAM-12,transport,12.14,1
2025-03-30,GEN-01,energie,24.0,1
2025-03-30,GEN-02,energie,22.44,1
2025-03-30,GEN-03,energie,23.39,1
2025-03-31,FOR-01,forage,15.33,1
2025-03-31,FOR-02,forage,20.45,1
2025-03-31,FOR-03,forage,16.79,1
2025-03-31,FOR-04,forage,20.66,1
2025-03-31,PEL-01,chargement,19.77,1
2025-03-31,PEL-02,chargement,11.91,1
2025-03-31,PEL-03,chargement,16.55,1
2025-03-31,PEL-04,chargement,13.09,1
2025-03-31,PEL-05,chargement,14.98,1
2025-03-31,CAM-01,transport,22.72,1
2025-03-31,CAM-02,transport,14.07,1
2025-03-31,CAM-03,transport,19.18,1
2025-03-31,CAM-04,transport,14.54,1
2025-03-31,CAM-05,transport,15.93,1
2025-03-31,CAM-06,transport,18.22,1
2025-03-31,CAM-07,transport,16.98,1
2025-03-31,CAM-08,transport,0.0,0
2025-03-31,CAM-09,transport,15.19,1
2025-03-31,CAM-10,transport,13.89,1
2025-03-31,CAM-11,transport,19.64,1
2025-03-31,CAM-12,transport,16.69,1
2025-03-31,GEN-01,energie,21.24,1
2025-03-31,GEN-02,energie,20.69,1
2025-03-31,GEN-03,energie,22.9,1
2025-04-01,FOR-01,forage,11.12,1
2025-04-01,FOR-02,forage,12.91,1
2025-04-01,FOR-03,forage,15.26,1
2025-04-01,FOR-04,forage,24.0,1
2025-04-01,PEL-01,chargement,19.74,1
2025-04-01,PEL-02,chargement,15.03,1
2025-04-01,PEL-03,chargement,18.01,1
2025-04-01,PEL-04,chargement,24.0,1
2025-04-01,PEL-05,chargement,19.65,1
2025-04-01,CAM-01,transport,17.23,1
2025-04-01,CAM-02,transport,16.77,1
2025-04-01,CAM-03,transport,18.55,1
2025-04-01,CAM-04,transport,22.09,1
2025-04-01,CAM-05,transport,21.67,1
2025-04-01,CAM-06,transport,20.32,1
2025-04-01,CAM-07,transport,22.59,1
2025-04-01,CAM-08,transport,14.97,1
2025-04-01,CAM-09,transport,15.64,1
2025-04-01,CAM-10,transport,21.57,1
2025-04-01,CAM-11,transport,18.65,1
2025-04-01,CAM-12,transport,14.05,1
2025-04-01,GEN-01,energie,21.79,1
2025-04-01,GEN-02,energie,20.62,1
2025-04-01,GEN-03,energie,22.42,1
2025-04-02,FOR-01,forage,14.53,1
2025-04-02,FOR-02,forage,19.84,1
2025-04-02,FOR-03,forage,12.07,1
2025-04-02,FOR-04,forage,19.88,1
2025-04-02,PEL-01,chargement,19.88,1
2025-04-02,PEL-02,chargement,21.8,1
2025-04-02,PEL-03,chargement,24.0,1
2025-04-02,PEL-04,chargement,23.69,1
2025-04-02,PEL-05,chargement,17.42,1
2025-04-02,CAM-01,transport,13.52,1
2025-04-02,CAM-02,transport,21.81,1
2025-04-02,CAM-03,transport,16.1,1
2025-04-02,CAM-04,transport,16.19,1
2025-04-02,CAM-05,transport,20.24,1
2025-04-02,CAM-06,transport,21.58,1
2025-04-02,CAM-07,transport,11.31,1
2025-04-02,CAM-08,transport,17.13,1
2025-04-02,CAM-09,transport,18.93,1
2025-04-02,CAM-10,transport,21.31,1
2025-04-02,CAM-11,transport,21.21,1
2025-04-02,CAM-12,transport,18.24,1
2025-04-02,GEN-01,energie,20.18,1
2025-04-02,GEN-02,energie,0.0,0
2025-04-02,GEN-03,energie,20.75,1
2025-04-03,FOR-01,forage,14.96,1
2025-04-03,FOR-02,forage,19.25,1
2025-04-03,FOR-03,forage,23.01,1
2025-04-03,FOR-04,forage,22.62,1
2025-04-03,PEL-01,chargement,18.7,1
2025-04-03,PEL-02,chargement,17.4,1
2025-04-03,PEL-03,chargement,21.49,1
2025-04-03,PEL-04,chargement,14.99,1
2025-04-03,PEL-05,chargement,15.16,1
2025-04-03,CAM-01,transport,19.22,1
2025-04-03,CAM-02,transport,16.09,1
2025-04-03,CAM-03,transport,18.39,1
2025-04-03,CAM-04,transport,17.36,1
2025-04-03,CAM-05,transport,21.14,1
2025-04-03,CAM-06,transport,13.37,1
2025-04-03,CAM-07,transport,19.29,1
2025-04-03,CAM-08,transport,16.59,1
2025-04-03,CAM-09,transport,15.69,1
2025-04-03,CAM-10,transport,20.31,1
2025-04-03,CAM-11,transport,14.07,1
2025-04-03,CAM-12,transport,16.83,1
2025-04-03,GEN-01,energie,24.0,1
2025-04-03,GEN-02,energie,16.19,1
2025-04-03,GEN-03,energie,17.25,1
2025-04-04,FOR-01,forage,20.34,1
2025-04-04,FOR-02,forage,17.72,1
2025-04-04,FOR-03,forage,22.92,1
2025-04-04,FOR-04,forage,16.59,1
2025-04-04,PEL-01,chargement,16.87,1
2025-04-04,PEL-02,chargement,16.82,1
2025-04-04,PEL-03,chargement,16.87,1
2025-04-04,PEL-04,chargement,19.52,1
2025-04-04,PEL-05,chargement,13.15,1
2025-04-04,CAM-01,transport,16.53,1
2025-04-04,CAM-02,transport,16.91,1
2025-04-04,CAM-03,transport,16.66,1
2025-04-04,CAM-04,transport,14.2,1
2025-04-04,CAM-05,transport,23.82,1
2025-04-04,CAM-06,transport,14.27,1
2025-04-04,CAM-07,transport,19.06,1
2025-04-04,CAM-08,transport,16.54,1
2025-04-04,CAM-09,transport,16.19,1
2025-04-04,CAM-10,transport,14.09,1
2025-04-04,CAM-11,transport,19.29,1
2025-04-04,CAM-12,transport,12.23,1
2025-04-04,GEN-01,energie,21.19,1
2025-04-04,GEN-02,energie,21.85,1
2025-04-04,GEN-03,energie,21.73,1
2025-04-05,FOR-01,forage,0.0,0
2025-04-05,FOR-02,forage,15.25,1
2025-04-05,FOR-03,forage,19.97,1
2025-04-05,FOR-04,forage,21.1,1
2025-04-05,PEL-01,chargement,12.0,1
2025-04-05,PEL-02,chargement,15.32,1
2025-04-05,PEL-03,chargement,20.67,1
2025-04-05,PEL-04,chargement,15.56,1
2025-04-05,PEL-05,chargement,17.39,1
2025-04-05,CAM-01,transport,0.0,0
2025-04-05,CAM-02,transport,22.33,1
2025-04-05,CAM-03,transport,19.95,1
2025-04-05,CAM-04,transport,15.48,1
2025-04-05,CAM-05,transport,23.19,1
2025-04-05,CAM-06,transport,17.89,1
2025-04-05,CAM-07,transport,24.0,1
2025-04-05,CAM-08,transport,16.91,1
2025-04-05,CAM-09,transport,20.58,1
2025-04-05,CAM-10,transport,18.55,1
2025-04-05,CAM-11,transport,21.47,1
2025-04-05,CAM-12,transport,15.12,1
2025-04-05,GEN-01,energie,22.56,1
2025-04-05,GEN-02,energie,22.64,1
2025-04-05,GEN-03,energie,22.07,1
2025-04-06,FOR-01,forage,0.0,0
2025-04-06,FOR-02,forage,17.79,1
2025-04-06,FOR-03,forage,22.97,1
2025-04-06,FOR-04,forage,10.79,1
2025-04-06,PEL-01,chargement,18.04,1
2025-04-06,PEL-02,chargement,18.44,1
2025-04-06,PEL-03,chargement,16.78,1
2025-04-06,PEL-04,chargement,17.28,1
2025-04-06,PEL-05,chargement,14.49,1
2025-04-06,CAM-01,transport,14.79,1
2025-04-06,CAM-02,transport,17.9,1
2025-04-06,CAM-03,transport,18.12,1
2025-04-06,CAM-04,transport,20.31,1
2025-04-06,CAM-05,transport,13.09,1
2025-04-06,CAM-06,transport,17.34,1
2025-04-06,CAM-07,transport,17.7,1
2025-04-06,CAM-08,transport,18.17,1
2025-04-06,CAM-09,transport,18.49,1
2025-04-06,CAM-10,transport,12.94,1
2025-04-06,CAM-11,transport,19.72,1
2025-04-06,CAM-12,transport,16.25,1
2025-04-06,GEN-01,energie,24.0,1
2025-04-06,GEN-02,energie,21.99,1
2025-04-06,GEN-03,energie,22.08,1
2025-04-07,FOR-01,forage,22.14,1
2025-04-07,FOR-02,forage,23.76,1
2025-04-07,FOR-03,forage,0.0,0
2025-04-07,FOR-04,forage,20.79,1
2025-04-07,PEL-01,chargement,18.07,1
2025-04-07,PEL-02,chargement,20.51,1
2025-04-07,PEL-03,chargement,20.86,1
2025-04-07,PEL-04,chargement,20.44,1
2025-04-07,PEL-05,chargement,19.37,1
2025-04-07,CAM-01,transport,16.61,1
2025-04-07,CAM-02,transport,22.06,1
2025-04-07,CAM-03,transport,16.69,1
2025-04-07,CAM-04,transport,18.21,1
2025-04-07,CAM-05,transport,20.1,1
2025-04-07,CAM-06,transport,24.0,1
2025-04-07,CAM-07,transport,19.9,1
2025-04-07,CAM-08,transport,24.0,1
2025-04-07,CAM-09,transport,18.38,1
2025-04-07,CAM-10,transport,16.11,1
2025-04-07,CAM-11,transport,19.19,1
2025-04-07,CAM-12,transport,18.35,1
2025-04-07,GEN-01,energie,20.93,1
2025-04-07,GEN-02,energie,17.77,1
2025-04-07,GEN-03,energie,20.76,1
2025-04-08,FOR-01,forage,16.31,1
2025-04-08,FOR-02,forage,21.23,1
2025-04-08,FOR-03,forage,16.8,1
2025-04-08,FOR-04,forage,15.73,1
2025-04-08,PEL-01,chargement,17.78,1
2025-04-08,PEL-02,chargement,20.49,1
2025-04-08,PEL-03,chargement,19.68,1
2025-04-08,PEL-04,chargement,22.16,1
2025-04-08,PEL-05,chargement,0.0,0
2025-04-08,CAM-01,transport,23.4,1
2025-04-08,CAM-02,transport,24.0,1
2025-04-08,CAM-03,transport,12.99,1
2025-04-08,CAM-04,transport,19.95,1
2025-04-08,CAM-05,transport,20.09,1
2025-04-08,CAM-06,transport,20.03,1
2025-04-08,CAM-07,transport,17.7,1
2025-04-08,CAM-08,transport,20.92,1
2025-04-08,CAM-09,transport,17.35,1
2025-04-08,CAM-10,transport,15.26,1
2025-04-08,CAM-11,transport,14.26,1
2025-04-08,CAM-12,transport,13.93,1
2025-04-08,GEN-01,energie,21.73,1
2025-04-08,GEN-02,energie,21.54,1
2025-04-08,GEN-03,energie,19.95,1
2025-04-09,FOR-01,forage,18.11,1
2025-04-09,FOR-02,forage,15.91,1
2025-04-09,FOR-03,forage,14.76,1
2025-04-09,FOR-04,forage,20.44,1
2025-04-09,PEL-01,chargement,18.86,1
2025-04-09,PEL-02,chargement,18.87,1
2025-04-09,PEL-03,chargement,18.92,1
2025-04-09,PEL-04,chargement,21.68,1
2025-04-09,PEL-05,chargement,19.51,1
2025-04-09,CAM-01,transport,16.37,1
2025-04-09,CAM-02,transport,17.42,1
2025-04-09,CAM-03,transport,22.54,1
2025-04-09,CAM-04,transport,18.76,1
2025-04-09,CAM-05,transport,12.71,1
2025-04-09,CAM-06,transport,19.51,1
2025-04-09,CAM-07,transport,16.53,1
2025-04-09,CAM-08,transport,23.82,1
2025-04-09,CAM-09,transport,17.89,1
2025-04-09,CAM-10,transport,20.61,1
2025-04-09,CAM-11,transport,16.24,1
2025-04-09,CAM-12,transport,13.99,1
2025-04-09,GEN-01,energie,22.26,1
2025-04-09,GEN-02,energie,19.15,1
2025-04-09,GEN-03,energie,24.0,1
2025-04-10,FOR-01,forage,14.52,1
2025-04-10,FOR-02,forage,20.8,1
2025-04-10,FOR-03,forage,20.27,1
2025-04-10,FOR-04,forage,22.58,1
2025-04-10,PEL-01,chargement,15.8,1
2025-04-10,PEL-02,chargement,16.82,1
2025-04-10,PEL-03,chargement,15.64,1
2025-04-10,PEL-04,chargement,19.39,1
2025-04-10,PEL-05,chargement,20.33,1
2025-04-10,CAM-01,transport,17.69,1
2025-04-10,CAM-02,transport,18.11,1
2025-04-10,CAM-03,transport,15.67,1
2025-04-10,CAM-04,transport,16.56,1
2025-04-10,CAM-05,transport,22.0,1
2025-04-10,CAM-06,transport,18.55,1
2025-04-10,CAM-07,transport,14.97,1
2025-04-10,CAM-08,transport,23.75,1
2025-04-10,CAM-09,transport,19.0,1
2025-04-10,CAM-10,transport,20.89,1
2025-04-10,CAM-11,transport,19.69,1
2025-04-10,CAM-12,transport,19.27,1
2025-04-10,GEN-01,energie,22.21,1
2025-04-10,GEN-02,energie,24.0,1
2025-04-10,GEN-03,energie,20.63,1
2025-04-11,FOR-01,forage,18.31,1
2025-04-11,FOR-02,forage,16.78,1
2025-04-11,FOR-03,forage,18.46,1
2025-04-11,FOR-04,forage,19.16,1
2025-04-11,PEL-01,chargement,17.93,1
2025-04-11,PEL-02,chargement,17.92,1
2025-04-11,PEL-03,chargement,0.0,0
2025-04-11,PEL-04,chargement,17.69,1
2025-04-11,PEL-05,chargement,13.61,1
2025-04-11,CAM-01,transport,17.32,1
2025-04-11,CAM-02,transport,16.27,1
2025-04-11,CAM-03,transport,19.97,1
2025-04-11,CAM-04,transport,18.39,1
2025-04-11,CAM-05,transport,13.75,1
2025-04-11,CAM-06,transport,17.34,1
2025-04-11,CAM-07,transport,20.82,1
2025-04-11,CAM-08,transport,15.59,1
2025-04-11,CAM-09,transport,10.76,1
2025-04-11,CAM-10,transport,24.0,1
2025-04-11,CAM-11,transport,21.65,1
2025-04-11,CAM-12,transport,18.18,1
2025-04-11,GEN-01,energie,24.0,1
2025-04-11,GEN-02,energie,19.46,1
2025-04-11,GEN-03,energie,15.68,1
2025-04-12,FOR-01,forage,20.3,1
2025-04-12,FOR-02,forage,14.03,1
2025-04-12,FOR-03,forage,18.23,1
2025-04-12,FOR-04,forage,20.56,1
2025-04-12,PEL-01,chargement,18.3,1
2025-04-12,PEL-02,chargement,16.26,1
2025-04-12,PEL-03,chargement,17.02,1
2025-04-12,PEL-04,chargement,19.66,1
2025-04-12,PEL-05,chargement,23.14,1
2025-04-12,CAM-01,transport,24.0,1
2025-04-12,CAM-02,transport,17.92,1
2025-04-12,CAM-03,transport,17.99,1
2025-04-12,CAM-04,transport,18.91,1
2025-04-12,CAM-05,transport,19.32,1
2025-04-12,CAM-06,transport,19.94,1
2025-04-12,CAM-07,transport,22.6,1
2025-04-12,CAM-08,transport,20.21,1
2025-04-12,CAM-09,transport,19.13,1
2025-04-12,CAM-10,transport,18.26,1
2025-04-12,CAM-11,transport,0.0,0
2025-04-12,CAM-12,transport,0.0,0
2025-04-12,GEN-01,energie,19.77,1
2025-04-12,GEN-02,energie,22.62,1
2025-04-12,GEN-03,energie,20.31,1
2025-04-13,FOR-01,forage,14.99,1
2025-04-13,FOR-02,forage,14.41,1
2025-04-13,FOR-03,forage,19.0,1
2025-04-13,FOR-04,forage,19.45,1
2025-04-13,PEL-01,chargement,21.12,1
2025-04-13,PEL-02,chargement,17.83,1
2025-04-13,PEL-03,chargement,18.24,1
2025-04-13,PEL-04,chargement,0.0,0
2025-04-13,PEL-05,chargement,22.04,1
2025-04-13,CAM-01,transport,22.97,1
2025-04-13,CAM-02,transport,21.44,1
2025-04-13,CAM-03,transport,17.41,1
2025-04-13,CAM-04,transport,17.82,1
2025-04-13,CAM-05,transport,20.24,1
2025-04-13,CAM-06,transport,19.92,1
2025-04-13,CAM-07,transport,18.62,1
2025-04-13,CAM-08,transport,15.42,1
2025-04-13,CAM-09,transport,19.36,1
2025-04-13,CAM-10,transport,24.0,1
2025-04-13,CAM-11,transport,21.94,1
2025-04-13,CAM-12,transport,19.98,1
2025-04-13,GEN-01,energie,22.8,1
2025-04-13,GEN-02,energie,19.48,1
2025-04-13,GEN-03,energie,21.65,1
2025-04-14,FOR-01,forage,21.42,1
2025-04-14,FOR-02,forage,16.58,1
2025-04-14,FOR-03,forage,17.65,1
2025-04-14,FOR-04,forage,15.23,1
2025-04-14,PEL-01,chargement,16.88,1
2025-04-14,PEL-02,chargement,19.01,1
2025-04-14,PEL-03,chargement,17.74,1
2025-04-14,PEL-04,chargement,18.74,1
2025-04-14,PEL-05,chargement,17.02,1
2025-04-14,CAM-01,transport,13.09,1
2025-04-14,CAM-02,transport,16.84,1
2025-04-14,CAM-03,transport,15.48,1
2025-04-14,CAM-04,transport,23.2,1
2025-04-14,CAM-05,transport,19.92,1
2025-04-14,CAM-06,transport,18.02,1
2025-04-14,CAM-07,transport,21.27,1
2025-04-14,CAM-08,transport,22.2,1
2025-04-14,CAM-09,transport,13.83,1
2025-04-14,CAM-10,transport,15.25,1
2025-04-14,CAM-11,transport,16.38,1
2025-04-14,CAM-12,transport,21.68,1
2025-04-14,GEN-01,energie,24.0,1
2025-04-14,GEN-02,energie,21.37,1
2025-04-14,GEN-03,energie,23.07,1
2025-04-15,FOR-01,forage,17.89,1
2025-04-15,FOR-02,forage,12.2,1
2025-04-15,FOR-03,forage,15.23,1
2025-04-15,FOR-04,forage,19.36,1
2025-04-15,PEL-01,chargement,13.34,1
2025-04-15,PEL-02,chargement,18.19,1
2025-04-15,PEL-03,chargement,17.33,1
2025-04-15,PEL-04,chargement,16.93,1
2025-04-15,PEL-05,chargement,18.67,1
2025-04-15,CAM-01,transport,19.29,1
2025-04-15,CAM-02,transport,22.48,1
2025-04-15,CAM-03,transport,19.99,1
2025-04-15,CAM-04,transport,17.6,1
2025-04-15,CAM-05,transport,17.43,1
2025-04-15,CAM-06,transport,24.0,1
2025-04-15,CAM-07,transport,0.0,0
2025-04-15,CAM-08,transport,10.61,1
2025-04-15,CAM-09,transport,13.83,1
2025-04-15,CAM-10,transport,17.16,1
2025-04-15,CAM-11,transport,13.9,1
2025-04-15,CAM-12,transport,14.97,1
2025-04-15,GEN-01,energie,21.53,1
2025-04-15,GEN-02,energie,24.0,1
2025-04-15,GEN-03,energie,20.14,1
2025-04-16,FOR-01,forage,10.83,1
2025-04-16,FOR-02,forage,15.57,1
2025-04-16,FOR-03,forage,15.88,1
2025-04-16,FOR-04,forage,19.27,1
2025-04-16,PEL-01,chargement,15.03,1
2025-04-16,PEL-02,chargement,14.12,1
2025-04-16,PEL-03,chargement,18.99,1
2025-04-16,PEL-04,chargement,14.1,1
2025-04-16,PEL-05,chargement,20.5,1
2025-04-16,CAM-01,transport,20.01,1
2025-04-16,CAM-02,transport,21.87,1
2025-04-16,CAM-03,transport,21.32,1
2025-04-16,CAM-04,transport,17.23,1
2025-04-16,CAM-05,transport,22.55,1
2025-04-16,CAM-06,transport,21.28,1
2025-04-16,CAM-07,transport,22.19,1
2025-04-16,CAM-08,transport,17.62,1
2025-04-16,CAM-09,transport,20.03,1
2025-04-16,CAM-10,transport,21.61,1
2025-04-16,CAM-11,transport,17.97,1
2025-04-16,CAM-12,transport,18.48,1
2025-04-16,GEN-01,energie,21.14,1
2025-04-16,GEN-02,energie,21.12,1
2025-04-16,GEN-03,energie,21.62,1
2025-04-17,FOR-01,forage,15.89,1
2025-04-17,FOR-02,forage,17.83,1
2025-04-17,FOR-03,forage,18.09,1
2025-04-17,FOR-04,forage,22.43,1
2025-04-17,PEL-01,chargement,17.47,1
2025-04-17,PEL-02,chargement,14.54,1
2025-04-17,PEL-03,chargement,20.82,1
2025-04-17,PEL-04,chargement,17.13,1
2025-04-17,PEL-05,chargement,17.03,1
2025-04-17,CAM-01,transport,16.56,1
2025-04-17,CAM-02,transport,18.79,1
2025-04-17,CAM-03,transport,18.12,1
2025-04-17,CAM-04,transport,20.28,1
2025-04-17,CAM-05,transport,20.59,1
2025-04-17,CAM-06,transport,17.6,1
2025-04-17,CAM-07,transport,21.49,1
2025-04-17,CAM-08,transport,15.16,1
2025-04-17,CAM-09,transport,20.95,1
2025-04-17,CAM-10,transport,19.64,1
2025-04-17,CAM-11,transport,0.0,0
2025-04-17,CAM-12,transport,16.51,1
2025-04-17,GEN-01,energie,21.28,1
2025-04-17,GEN-02,energie,23.51,1
2025-04-17,GEN-03,energie,19.79,1
2025-04-18,FOR-01,forage,21.04,1
2025-04-18,FOR-02,forage,0.0,0
2025-04-18,FOR-03,forage,12.4,1
2025-04-18,FOR-04,forage,17.8,1
2025-04-18,PEL-01,chargement,17.36,1
2025-04-18,PEL-02,chargement,19.15,1
2025-04-18,PEL-03,chargement,17.65,1
2025-04-18,PEL-04,chargement,18.62,1
2025-04-18,PEL-05,chargement,14.4,1
2025-04-18,CAM-01,transport,12.67,1
2025-04-18,CAM-02,transport,18.39,1
2025-04-18,CAM-03,transport,19.79,1
2025-04-18,CAM-04,transport,13.24,1
2025-04-18,CAM-05,transport,19.96,1
2025-04-18,CAM-06,transport,17.63,1
2025-04-18,CAM-07,transport,21.25,1
2025-04-18,CAM-08,transport,18.68,1
2025-04-18,CAM-09,transport,17.08,1
2025-04-18,CAM-10,transport,14.35,1
2025-04-18,CAM-11,transport,19.12,1
2025-04-18,CAM-12,transport,20.43,1
2025-04-18,GEN-01,energie,23.42,1
2025-04-18,GEN-02,energie,0.0,0
2025-04-18,GEN-03,energie,22.38,1
2025-04-19,FOR-01,forage,14.05,1
2025-04-19,FOR-02,forage,13.14,1
2025-04-19,FOR-03,forage,23.01,1
2025-04-19,FOR-04,forage,19.39,1
2025-04-19,PEL-01,chargement,16.25,1
2025-04-19,PEL-02,chargement,14.33,1
2025-04-19,PEL-03,chargement,12.71,1
2025-04-19,PEL-04,chargement,16.03,1
2025-04-19,PEL-05,chargement,19.99,1
2025-04-19,CAM-01,transport,17.19,1
2025-04-19,CAM-02,transport,16.75,1
2025-04-19,CAM-03,transport,19.01,1
2025-04-19,CAM-04,transport,18.54,1
2025-04-19,CAM-05,transport,10.9,1
2025-04-19,CAM-06,transport,16.82,1
2025-04-19,CAM-07,transport,14.63,1
2025-04-19,CAM-08,transport,18.41,1
2025-04-19,CAM-09,transport,18.8,1
2025-04-19,CAM-10,transport,15.4,1
2025-04-19,CAM-11,transport,9.4,1
2025-04-19,CAM-12,transport,21.04,1
2025-04-19,GEN-01,energie,21.23,1
2025-04-19,GEN-02,energie,21.69,1
2025-04-19,GEN-03,energie,21.7,1
2025-04-20,FOR-01,forage,14.95,1
2025-04-20,FOR-02,forage,16.63,1
2025-04-20,FOR-03,forage,20.58,1
2025-04-20,FOR-04,forage,19.23,1
2025-04-20,PEL-01,chargement,14.98,1
2025-04-20,PEL-02,chargement,18.57,1
2025-04-20,PEL-03,chargement,19.8,1
2025-04-20,PEL-04,chargement,12.83,1
2025-04-20,PEL-05,chargement,16.37,1
2025-04-20,CAM-01,transport,21.27,1
2025-04-20,CAM-02,transport,16.16,1
2025-04-20,CAM-03,transport,20.58,1
2025-04-20,CAM-04,transport,18.09,1
2025-04-20,CAM-05,transport,20.05,1
2025-04-20,CAM-06,transport,14.75,1
2025-04-20,CAM-07,transport,20.3,1
2025-04-20,CAM-08,transport,20.36,1
2025-04-20,CAM-09,transport,23.56,1
2025-04-20,CAM-10,transport,0.0,0
2025-04-20,CAM-11,transport,18.33,1
2025-04-20,CAM-12,transport,15.75,1
2025-04-20,GEN-01,energie,23.1,1
2025-04-20,GEN-02,energie,16.24,1
2025-04-20,GEN-03,energie,21.54,1
2025-04-21,FOR-01,forage,21.19,1
2025-04-21,FOR-02,forage,15.18,1
2025-04-21,FOR-03,forage,19.03,1
2025-04-21,FOR-04,forage,16.92,1
2025-04-21,PEL-01,chargement,19.81,1
2025-04-21,PEL-02,chargement,17.08,1
2025-04-21,PEL-03,chargement,17.63,1
2025-04-21,PEL-04,chargement,21.52,1
2025-04-21,PEL-05,chargement,16.84,1
2025-04-21,CAM-01,transport,14.23,1
2025-04-21,CAM-02,transport,21.69,1
2025-04-21,CAM-03,transport,18.59,1
2025-04-21,CAM-04,transport,18.57,1
2025-04-21,CAM-05,transport,0.0,0
2025-04-21,CAM-06,transport,22.41,1
2025-04-21,CAM-07,transport,20.75,1
2025-04-21,CAM-08,transport,24.0,1
2025-04-21,CAM-09,transport,17.02,1
2025-04-21,CAM-10,transport,18.73,1
2025-04-21,CAM-11,transport,18.32,1
2025-04-21,CAM-12,transport,19.05,1
2025-04-21,GEN-01,energie,21.05,1
2025-04-21,GEN-02,energie,23.02,1
2025-04-21,GEN-03,energie,20.04,1
2025-04-22,FOR-01,forage,17.11,1
2025-04-22,FOR-02,forage,13.52,1
2025-04-22,FOR-03,forage,24.0,1
2025-04-22,FOR-04,forage,23.79,1
2025-04-22,PEL-01,chargement,17.19,1
2025-04-22,PEL-02,chargement,16.09,1
2025-04-22,PEL-03,chargement,23.04,1
2025-04-22,PEL-04,chargement,17.93,1
2025-04-22,PEL-05,chargement,20.54,1
2025-04-22,CAM-01,transport,17.65,1
2025-04-22,CAM-02,transport,17.6,1
2025-04-22,CAM-03,transport,18.48,1
2025-04-22,CAM-04,transport,15.78,1
2025-04-22,CAM-05,transport,16.2,1
2025-04-22,CAM-06,transport,16.38,1
2025-04-22,CAM-07,transport,19.79,1
2025-04-22,CAM-08,transport,14.6,1
2025-04-22,CAM-09,transport,21.45,1
2025-04-22,CAM-10,transport,18.53,1
2025-04-22,CAM-11,transport,19.21,1
2025-04-22,CAM-12,transport,21.77,1
2025-04-22,GEN-01,energie,22.16,1
2025-04-22,GEN-02,energie,23.22,1
2025-04-22,GEN-03,energie,23.25,1
2025-04-23,FOR-01,forage,22.13,1
2025-04-23,FOR-02,forage,18.99,1
2025-04-23,FOR-03,forage,22.7,1
2025-04-23,FOR-04,forage,24.0,1
2025-04-23,PEL-01,chargement,21.74,1
2025-04-23,PEL-02,chargement,19.28,1
2025-04-23,PEL-03,chargement,24.0,1
2025-04-23,PEL-04,chargement,21.39,1
2025-04-23,PEL-05,chargement,15.45,1
2025-04-23,CAM-01,transport,18.94,1
2025-04-23,CAM-02,transport,13.57,1
2025-04-23,CAM-03,transport,17.15,1
2025-04-23,CAM-04,transport,20.56,1
2025-04-23,CAM-05,transport,19.62,1
2025-04-23,CAM-06,transport,19.68,1
2025-04-23,CAM-07,transport,18.59,1
2025-04-23,CAM-08,transport,17.41,1
2025-04-23,CAM-09,transport,17.24,1
2025-04-23,CAM-10,transport,20.37,1
2025-04-23,CAM-11,transport,20.43,1
2025-04-23,CAM-12,transport,20.04,1
2025-04-23,GEN-01,energie,0.0,0
2025-04-23,GEN-02,energie,22.37,1
2025-04-23,GEN-03,energie,22.41,1
2025-04-24,FOR-01,forage,0.0,0
2025-04-24,FOR-02,forage,18.9,1
2025-04-24,FOR-03,forage,17.75,1
2025-04-24,FOR-04,forage,10.78,1
2025-04-24,PEL-01,chargement,14.72,1
2025-04-24,PEL-02,chargement,17.8,1
2025-04-24,PEL-03,chargement,20.96,1
2025-04-24,PEL-04,chargement,13.33,1
2025-04-24,PEL-05,chargement,14.53,1
2025-04-24,CAM-01,transport,20.82,1
2025-04-24,CAM-02,transport,18.42,1
2025-04-24,CAM-03,transport,18.3,1
2025-04-24,CAM-04,transport,20.24,1
2025-04-24,CAM-05,transport,16.55,1
2025-04-24,CAM-06,transport,19.3,1
2025-04-24,CAM-07,transport,16.98,1
2025-04-24,CAM-08,transport,18.05,1
2025-04-24,CAM-09,transport,17.98,1
2025-04-24,CAM-10,transport,14.23,1
2025-04-24,CAM-11,transport,19.02,1
2025-04-24,CAM-12,transport,16.19,1
2025-04-24,GEN-01,energie,24.0,1
2025-04-24,GEN-02,energie,24.0,1
2025-04-24,GEN-03,energie,21.39,1
2025-04-25,FOR-01,forage,19.67,1
2025-04-25,FOR-02,forage,16.5,1
2025-04-25,FOR-03,forage,16.39,1
2025-04-25,FOR-04,forage,21.71,1
2025-04-25,PEL-01,chargement,14.69,1
2025-04-25,PEL-02,chargement,22.15,1
2025-04-25,PEL-03,chargement,16.65,1
2025-04-25,PEL-04,chargement,17.48,1
2025-04-25,PEL-05,chargement,18.09,1
2025-04-25,CAM-01,transport,11.33,1
2025-04-25,CAM-02,transport,19.18,1
2025-04-25,CAM-03,transport,16.14,1
2025-04-25,CAM-04,transport,17.57,1
2025-04-25,CAM-05,transport,14.66,1
2025-04-25,CAM-06,transport,17.22,1
2025-04-25,CAM-07,transport,23.61,1
2025-04-25,CAM-08,transport,15.04,1
2025-04-25,CAM-09,transport,13.61,1
2025-04-25,CAM-10,transport,19.61,1
2025-04-25,CAM-11,transport,0.0,0
2025-04-25,CAM-12,transport,18.51,1
2025-04-25,GEN-01,energie,22.28,1
2025-04-25,GEN-02,energie,22.36,1
2025-04-25,GEN-03,energie,24.0,1
2025-04-26,FOR-01,forage,15.63,1
2025-04-26,FOR-02,forage,19.72,1
2025-04-26,FOR-03,forage,20.29,1
2025-04-26,FOR-04,forage,16.03,1
2025-04-26,PEL-01,chargement,14.28,1
2025-04-26,PEL-02,chargement,19.5,1
2025-04-26,PEL-03,chargement,16.72,1
2025-04-26,PEL-04,chargement,15.9,1
2025-04-26,PEL-05,chargement,16.51,1
2025-04-26,CAM-01,transport,24.0,1
2025-04-26,CAM-02,transport,16.8,1
2025-04-26,CAM-03,transport,21.73,1
2025-04-26,CAM-04,transport,17.0,1
2025-04-26,CAM-05,transport,0.0,0
2025-04-26,CAM-06,transport,16.75,1
2025-04-26,CAM-07,transport,15.71,1
2025-04-26,CAM-08,transport,21.57,1
2025-04-26,CAM-09,transport,21.59,1
2025-04-26,CAM-10,transport,21.59,1
2025-04-26,CAM-11,transport,20.2,1
2025-04-26,CAM-12,transport,19.73,1
2025-04-26,GEN-01,energie,19.89,1
2025-04-26,GEN-02,energie,22.53,1
2025-04-26,GEN-03,energie,24.0,1
2025-04-27,FOR-01,forage,16.36,1
2025-04-27,FOR-02,forage,14.88,1
2025-04-27,FOR-03,forage,15.29,1
2025-04-27,FOR-04,forage,17.46,1
2025-04-27,PEL-01,chargement,16.55,1
2025-04-27,PEL-02,chargement,13.81,1
2025-04-27,PEL-03,chargement,16.0,1
2025-04-27,PEL-04,chargement,23.21,1
2025-04-27,PEL-05,chargement,15.79,1
2025-04-27,CAM-01,transport,17.26,1
2025-04-27,CAM-02,transport,14.41,1
2025-04-27,CAM-03,transport,15.81,1
2025-04-27,CAM-04,transport,20.13,1
2025-04-27,CAM-05,transport,11.12,1
2025-04-27,CAM-06,transport,13.96,1
2025-04-27,CAM-07,transport,19.32,1
2025-04-27,CAM-08,transport,17.62,1
2025-04-27,CAM-09,transport,20.67,1
2025-04-27,CAM-10,transport,16.38,1
2025-04-27,CAM-11,transport,16.12,1
2025-04-27,CAM-12,transport,20.41,1
2025-04-27,GEN-01,energie,22.24,1
2025-04-27,GEN-02,energie,22.4,1
2025-04-27,GEN-03,energie,23.03,1
2025-04-28,FOR-01,forage,15.94,1
2025-04-28,FOR-02,forage,15.95,1
2025-04-28,FOR-03,forage,0.0,0
2025-04-28,FOR-04,forage,17.16,1
2025-04-28,PEL-01,chargement,19.98,1
2025-04-28,PEL-02,chargement,14.36,1
2025-04-28,PEL-03,chargement,9.15,1
2025-04-28,PEL-04,chargement,18.32,1
2025-04-28,PEL-05,chargement,13.12,1
2025-04-28,CAM-01,transport,18.87,1
2025-04-28,CAM-02,transport,22.24,1
2025-04-28,CAM-03,transport,16.54,1
2025-04-28,CAM-04,transport,20.23,1
2025-04-28,CAM-05,transport,18.14,1
2025-04-28,CAM-06,transport,17.19,1
2025-04-28,CAM-07,transport,22.56,1
2025-04-28,CAM-08,transport,12.64,1
2025-04-28,CAM-09,transport,17.63,1
2025-04-28,CAM-10,transport,18.25,1
2025-04-28,CAM-11,transport,20.73,1
2025-04-28,CAM-12,transport,22.19,1
2025-04-28,GEN-01,energie,22.13,1
2025-04-28,GEN-02,energie,20.52,1
2025-04-28,GEN-03,energie,23.5,1
2025-04-29,FOR-01,forage,17.64,1
2025-04-29,FOR-02,forage,17.12,1
2025-04-29,FOR-03,forage,20.28,1
2025-04-29,FOR-04,forage,20.87,1
2025-04-29,PEL-01,chargement,17.1,1
2025-04-29,PEL-02,chargement,23.11,1
2025-04-29,PEL-03,chargement,16.3,1
2025-04-29,PEL-04,chargement,12.74,1
2025-04-29,PEL-05,chargement,15.29,1
2025-04-29,CAM-01,transport,17.79,1
2025-04-29,CAM-02,transport,19.12,1
2025-04-29,CAM-03,transport,18.84,1
2025-04-29,CAM-04,transport,22.19,1
2025-04-29,CAM-05,transport,16.22,1
2025-04-29,CAM-06,transport,15.42,1
2025-04-29,CAM-07,transport,17.14,1
2025-04-29,CAM-08,transport,19.91,1
2025-04-29,CAM-09,transport,21.05,1
2025-04-29,CAM-10,transport,15.98,1
2025-04-29,CAM-11,transport,0.0,0
2025-04-29,CAM-12,transport,20.92,1
2025-04-29,GEN-01,energie,0.0,0
2025-04-29,GEN-02,energie,21.47,1
2025-04-29,GEN-03,energie,23.81,1
2025-04-30,FOR-01,forage,0.0,0
2025-04-30,FOR-02,forage,20.79,1
2025-04-30,FOR-03,forage,22.1,1
2025-04-30,FOR-04,forage,18.51,1
2025-04-30,PEL-01,chargement,16.35,1
2025-04-30,PEL-02,chargement,12.0,1
2025-04-30,PEL-03,chargement,21.57,1
2025-04-30,PEL-04,chargement,12.28,1
2025-04-30,PEL-05,chargement,16.69,1
2025-04-30,CAM-01,transport,22.39,1
2025-04-30,CAM-02,transport,23.63,1
2025-04-30,CAM-03,transport,15.53,1
2025-04-30,CAM-04,transport,21.13,1
2025-04-30,CAM-05,transport,17.58,1
2025-04-30,CAM-06,transport,16.98,1
2025-04-30,CAM-07,transport,19.76,1
2025-04-30,CAM-08,transport,17.98,1
2025-04-30,CAM-09,transport,13.5,1
2025-04-30,CAM-10,transport,18.84,1
2025-04-30,CAM-11,transport,20.11,1
2025-04-30,CAM-12,transport,24.0,1
2025-04-30,GEN-01,energie,20.76,1
2025-04-30,GEN-02,energie,0.0,0
2025-04-30,GEN-03,energie,24.0,1
2025-05-01,FOR-01,forage,15.83,1
2025-05-01,FOR-02,forage,14.83,1
2025-05-01,FOR-03,forage,17.5,1
2025-05-01,FOR-04,forage,16.02,1
2025-05-01,PEL-01,chargement,18.67,1
2025-05-01,PEL-02,chargement,17.6,1
2025-05-01,PEL-03,chargement,16.7,1
2025-05-01,PEL-04,chargement,17.98,1
2025-05-01,PEL-05,chargement,21.35,1
2025-05-01,CAM-01,transport,20.55,1
2025-05-01,CAM-02,transport,21.48,1
2025-05-01,CAM-03,transport,19.34,1
2025-05-01,CAM-04,transport,23.12,1
2025-05-01,CAM-05,transport,15.38,1
2025-05-01,CAM-06,transport,17.12,1
2025-05-01,CAM-07,transport,19.19,1
2025-05-01,CAM-08,transport,21.82,1
2025-05-01,CAM-09,transport,14.93,1
2025-05-01,CAM-10,transport,13.53,1
2025-05-01,CAM-11,transport,17.1,1
2025-05-01,CAM-12,transport,17.57,1
2025-05-01,GEN-01,energie,23.89,1
2025-05-01,GEN-02,energie,21.19,1
2025-05-01,GEN-03,energie,20.64,1
2025-05-02,FOR-01,forage,18.71,1
2025-05-02,FOR-02,forage,23.45,1
2025-05-02,FOR-03,forage,17.59,1
2025-05-02,FOR-04,forage,23.14,1
2025-05-02,PEL-01,chargement,14.37,1
2025-05-02,PEL-02,chargement,19.86,1
2025-05-02,PEL-03,chargement,17.42,1
2025-05-02,PEL-04,chargement,12.61,1
2025-05-02,PEL-05,chargement,12.94,1
2025-05-02,CAM-01,transport,17.7,1
2025-05-02,CAM-02,transport,16.04,1
2025-05-02,CAM-03,transport,21.1,1
2025-05-02,CAM-04,transport,17.63,1
2025-05-02,CAM-05,transport,17.39,1
2025-05-02,CAM-06,transport,12.21,1
2025-05-02,CAM-07,transport,18.49,1
2025-05-02,CAM-08,transport,13.53,1
2025-05-02,CAM-09,transport,18.65,1
2025-05-02,CAM-10,transport,16.33,1
2025-05-02,CAM-11,transport,18.69,1
2025-05-02,CAM-12,transport,12.35,1
2025-05-02,GEN-01,energie,20.27,1
2025-05-02,GEN-02,energie,24.0,1
2025-05-02,GEN-03,energie,22.73,1
2025-05-03,FOR-01,forage,16.66,1
2025-05-03,FOR-02,forage,14.51,1
2025-05-03,FOR-03,forage,17.87,1
2025-05-03,FOR-04,forage,15.97,1
2025-05-03,PEL-01,chargement,21.31,1
2025-05-03,PEL-02,chargement,20.14,1
2025-05-03,PEL-03,chargement,16.88,1
2025-05-03,PEL-04,chargement,15.64,1
2025-05-03,PEL-05,chargement,22.93,1
2025-05-03,CAM-01,transport,18.83,1
2025-05-03,CAM-02,transport,19.25,1
2025-05-03,CAM-03,transport,20.47,1
2025-05-03,CAM-04,transport,20.82,1
2025-05-03,CAM-05,transport,21.21,1
2025-05-03,CAM-06,transport,21.35,1
2025-05-03,CAM-07,transport,0.0,0
2025-05-03,CAM-08,transport,17.81,1
2025-05-03,CAM-09,transport,13.36,1
2025-05-03,CAM-10,transport,15.79,1
2025-05-03,CAM-11,transport,24.0,1
2025-05-03,CAM-12,transport,14.57,1
2025-05-03,GEN-01,energie,21.2,1
2025-05-03,GEN-02,energie,23.65,1
2025-05-03,GEN-03,energie,21.49,1
2025-05-04,FOR-01,forage,17.16,1
2025-05-04,FOR-02,forage,18.08,1
2025-05-04,FOR-03,forage,13.97,1
2025-05-04,FOR-04,forage,15.73,1
2025-05-04,PEL-01,chargement,13.49,1
2025-05-04,PEL-02,chargement,21.15,1
2025-05-04,PEL-03,chargement,14.67,1
2025-05-04,PEL-04,chargement,15.0,1
2025-05-04,PEL-05,chargement,20.6,1
2025-05-04,CAM-01,transport,20.16,1
2025-05-04,CAM-02,transport,14.58,1
2025-05-04,CAM-03,transport,23.79,1
2025-05-04,CAM-04,transport,20.91,1
2025-05-04,CAM-05,transport,19.41,1
2025-05-04,CAM-06,transport,13.71,1
2025-05-04,CAM-07,transport,20.17,1
2025-05-04,CAM-08,transport,16.11,1
2025-05-04,CAM-09,transport,0.0,0
2025-05-04,CAM-10,transport,20.37,1
2025-05-04,CAM-11,transport,17.21,1
2025-05-04,CAM-12,transport,17.49,1
2025-05-04,GEN-01,energie,19.86,1
2025-05-04,GEN-02,energie,0.0,0
2025-05-04,GEN-03,energie,20.35,1
2025-05-05,FOR-01,forage,18.31,1
2025-05-05,FOR-02,forage,17.81,1
2025-05-05,FOR-03,forage,19.21,1
2025-05-05,FOR-04,forage,24.0,1
2025-05-05,PEL-01,chargement,13.02,1
2025-05-05,PEL-02,chargement,22.51,1
2025-05-05,PEL-03,chargement,18.3,1
2025-05-05,PEL-04,chargement,16.54,1
2025-05-05,PEL-05,chargement,16.71,1
2025-05-05,CAM-01,transport,16.34,1
2025-05-05,CAM-02,transport,20.41,1
2025-05-05,CAM-03,transport,22.44,1
2025-05-05,CAM-04,transport,20.81,1
2025-05-05,CAM-05,transport,15.25,1
2025-05-05,CAM-06,transport,19.12,1
2025-05-05,CAM-07,transport,19.83,1
2025-05-05,CAM-08,transport,19.52,1
2025-05-05,CAM-09,transport,21.32,1
2025-05-05,CAM-10,transport,18.85,1
2025-05-05,CAM-11,transport,21.08,1
2025-05-05,CAM-12,transport,19.15,1
2025-05-05,GEN-01,energie,23.25,1
2025-05-05,GEN-02,energie,22.39,1
2025-05-05,GEN-03,energie,18.78,1
2025-05-06,FOR-01,forage,19.9,1
2025-05-06,FOR-02,forage,24.0,1
2025-05-06,FOR-03,forage,17.44,1
2025-05-06,FOR-04,forage,16.79,1
2025-05-06,PEL-01,chargement,10.94,1
2025-05-06,PEL-02,chargement,18.14,1
2025-05-06,PEL-03,chargement,21.45,1
2025-05-06,PEL-04,chargement,14.4,1
2025-05-06,PEL-05,chargement,15.36,1
2025-05-06,CAM-01,transport,16.66,1
2025-05-06,CAM-02,transport,18.27,1
2025-05-06,CAM-03,transport,14.82,1
2025-05-06,CAM-04,transport,18.87,1
2025-05-06,CAM-05,transport,14.1,1
2025-05-06,CAM-06,transport,16.59,1
2025-05-06,CAM-07,transport,15.38,1
2025-05-06,CAM-08,transport,15.83,1
2025-05-06,CAM-09,transport,20.39,1
2025-05-06,CAM-10,transport,18.71,1
2025-05-06,CAM-11,transport,15.31,1
2025-05-06,CAM-12,transport,0.0,0
2025-05-06,GEN-01,energie,20.1,1
2025-05-06,GEN-02,energie,23.31,1
2025-05-06,GEN-03,energie,23.46,1
2025-05-07,FOR-01,forage,21.51,1
2025-05-07,FOR-02,forage,21.58,1
2025-05-07,FOR-03,forage,19.02,1
2025-05-07,FOR-04,forage,14.87,1
2025-05-07,PEL-01,chargement,20.58,1
2025-05-07,PEL-02,chargement,18.14,1
2025-05-07,PEL-03,chargement,16.74,1
2025-05-07,PEL-04,chargement,18.8,1
2025-05-07,PEL-05,chargement,19.06,1
2025-05-07,CAM-01,transport,13.97,1
2025-05-07,CAM-02,transport,18.28,1
2025-05-07,CAM-03,transport,15.99,1
2025-05-07,CAM-04,transport,20.3,1
2025-05-07,CAM-05,transport,18.21,1
2025-05-07,CAM-06,transport,14.32,1
2025-05-07,CAM-07,transport,20.04,1
2025-05-07,CAM-08,transport,6.85,1
2025-05-07,CAM-09,transport,0.0,0
2025-05-07,CAM-10,transport,22.98,1
2025-05-07,CAM-11,transport,15.08,1
2025-05-07,CAM-12,transport,20.24,1
2025-05-07,GEN-01,energie,20.58,1
2025-05-07,GEN-02,energie,19.8,1
2025-05-07,GEN-03,energie,19.99,1
2025-05-08,FOR-01,forage,16.19,1
2025-05-08,FOR-02,forage,16.38,1
2025-05-08,FOR-03,forage,22.55,1
2025-05-08,FOR-04,forage,17.98,1
2025-05-08,PEL-01,chargement,22.04,1
2025-05-08,PEL-02,chargement,16.62,1
2025-05-08,PEL-03,chargement,19.89,1
2025-05-08,PEL-04,chargement,15.2,1
2025-05-08,PEL-05,chargement,16.31,1
2025-05-08,CAM-01,transport,23.85,1
2025-05-08,CAM-02,transport,16.33,1
2025-05-08,CAM-03,transport,13.46,1
2025-05-08,CAM-04,transport,0.0,0
2025-05-08,CAM-05,transport,16.38,1
2025-05-08,CAM-06,transport,16.53,1
2025-05-08,CAM-07,transport,12.56,1
2025-05-08,CAM-08,transport,17.98,1
2025-05-08,CAM-09,transport,21.02,1
2025-05-08,CAM-10,transport,22.24,1
2025-05-08,CAM-11,transport,18.13,1
2025-05-08,CAM-12,transport,14.79,1
2025-05-08,GEN-01,energie,20.32,1
2025-05-08,GEN-02,energie,24.0,1
2025-05-08,GEN-03,energie,21.25,1
2025-05-09,FOR-01,forage,17.67,1
2025-05-09,FOR-02,forage,15.67,1
2025-05-09,FOR-03,forage,15.53,1
2025-05-09,FOR-04,forage,20.66,1
2025-05-09,PEL-01,chargement,19.48,1
2025-05-09,PEL-02,chargement,17.08,1
2025-05-09,PEL-03,chargement,18.08,1
2025-05-09,PEL-04,chargement,0.0,0
2025-05-09,PEL-05,chargement,21.84,1
2025-05-09,CAM-01,transport,16.93,1
2025-05-09,CAM-02,transport,22.24,1
2025-05-09,CAM-03,transport,17.16,1
2025-05-09,CAM-04,transport,19.22,1
2025-05-09,CAM-05,transport,16.06,1
2025-05-09,CAM-06,transport,0.0,0
2025-05-09,CAM-07,transport,10.46,1
2025-05-09,CAM-08,transport,20.18,1
2025-05-09,CAM-09,transport,15.4,1
2025-05-09,CAM-10,transport,18.8,1
2025-05-09,CAM-11,transport,14.97,1
2025-05-09,CAM-12,transport,12.55,1
2025-05-09,GEN-01,energie,24.0,1
2025-05-09,GEN-02,energie,22.49,1
2025-05-09,GEN-03,energie,21.1,1
2025-05-10,FOR-01,forage,16.01,1
2025-05-10,FOR-02,forage,19.75,1
2025-05-10,FOR-03,forage,18.21,1
2025-05-10,FOR-04,forage,18.14,1
2025-05-10,PEL-01,chargement,21.53,1
2025-05-10,PEL-02,chargement,15.92,1
2025-05-10,PEL-03,chargement,19.13,1
2025-05-10,PEL-04,chargement,16.83,1
2025-05-10,PEL-05,chargement,12.31,1
2025-05-10,CAM-01,transport,16.74,1
2025-05-10,CAM-02,transport,19.81,1
2025-05-10,CAM-03,transport,20.98,1
2025-05-10,CAM-04,transport,13.38,1
2025-05-10,CAM-05,transport,16.37,1
2025-05-10,CAM-06,transport,0.0,0
2025-05-10,CAM-07,transport,20.86,1
2025-05-10,CAM-08,transport,12.99,1
2025-05-10,CAM-09,transport,22.71,1
2025-05-10,CAM-10,transport,18.66,1
2025-05-10,CAM-11,transport,16.77,1
2025-05-10,CAM-12,transport,19.93,1
2025-05-10,GEN-01,energie,20.07,1
2025-05-10,GEN-02,energie,0.0,0
2025-05-10,GEN-03,energie,0.0,0
2025-05-11,FOR-01,forage,19.46,1
2025-05-11,FOR-02,forage,16.29,1
2025-05-11,FOR-03,forage,18.27,1
2025-05-11,FOR-04,forage,17.35,1
2025-05-11,PEL-01,chargement,17.98,1
2025-05-11,PEL-02,chargement,11.25,1
2025-05-11,PEL-03,chargement,19.58,1
2025-05-11,PEL-04,chargement,0.0,0
2025-05-11,PEL-05,chargement,18.69,1
2025-05-11,CAM-01,transport,17.42,1
2025-05-11,CAM-02,transport,18.26,1
2025-05-11,CAM-03,transport,15.1,1
2025-05-11,CAM-04,transport,14.61,1
2025-05-11,CAM-05,transport,18.7,1
2025-05-11,CAM-06,transport,16.53,1
2025-05-11,CAM-07,transport,18.81,1
2025-05-11,CAM-08,transport,17.19,1
2025-05-11,CAM-09,transport,17.1,1
2025-05-11,CAM-10,transport,12.85,1
2025-05-11,CAM-11,transport,15.14,1
2025-05-11,CAM-12,transport,17.74,1
2025-05-11,GEN-01,energie,21.53,1
2025-05-11,GEN-02,energie,24.0,1
2025-05-11,GEN-03,energie,22.46,1
2025-05-12,FOR-01,forage,12.94,1
2025-05-12,FOR-02,forage,20.64,1
2025-05-12,FOR-03,forage,16.3,1
2025-05-12,FOR-04,forage,15.92,1
2025-05-12,PEL-01,chargement,21.04,1
2025-05-12,PEL-02,chargement,11.94,1
2025-05-12,PEL-03,chargement,21.01,1
2025-05-12,PEL-04,chargement,0.0,0
2025-05-12,PEL-05,chargement,23.32,1
2025-05-12,CAM-01,transport,17.93,1
2025-05-12,CAM-02,transport,17.68,1
2025-05-12,CAM-03,transport,17.84,1
2025-05-12,CAM-04,transport,20.21,1
2025-05-12,CAM-05,transport,18.84,1
2025-05-12,CAM-06,transport,19.76,1
2025-05-12,CAM-07,transport,17.68,1
2025-05-12,CAM-08,transport,17.02,1
2025-05-12,CAM-09,transport,15.71,1
2025-05-12,CAM-10,transport,0.0,0
2025-05-12,CAM-11,transport,14.78,1
2025-05-12,CAM-12,transport,13.47,1
2025-05-12,GEN-01,energie,21.67,1
2025-05-12,GEN-02,energie,17.23,1
2025-05-12,GEN-03,energie,20.61,1
2025-05-13,FOR-01,forage,16.69,1
2025-05-13,FOR-02,forage,17.44,1
2025-05-13,FOR-03,forage,16.78,1
2025-05-13,FOR-04,forage,20.3,1
2025-05-13,PEL-01,chargement,16.72,1
2025-05-13,PEL-02,chargement,18.79,1
2025-05-13,PEL-03,chargement,23.02,1
2025-05-13,PEL-04,chargement,22.53,1
2025-05-13,PEL-05,chargement,22.57,1
2025-05-13,CAM-01,transport,17.2,1
2025-05-13,CAM-02,transport,20.68,1
2025-05-13,CAM-03,transport,13.46,1
2025-05-13,CAM-04,transport,14.71,1
2025-05-13,CAM-05,transport,19.37,1
2025-05-13,CAM-06,transport,18.96,1
2025-05-13,CAM-07,transport,21.95,1
2025-05-13,CAM-08,transport,13.14,1
2025-05-13,CAM-09,transport,15.94,1
2025-05-13,CAM-10,transport,0.0,0
2025-05-13,CAM-11,transport,17.66,1
2025-05-13,CAM-12,transport,0.0,0
2025-05-13,GEN-01,energie,21.52,1
2025-05-13,GEN-02,energie,20.88,1
2025-05-13,GEN-03,energie,24.0,1
2025-05-14,FOR-01,forage,16.46,1
2025-05-14,FOR-02,forage,18.34,1
2025-05-14,FOR-03,forage,17.22,1
2025-05-14,FOR-04,forage,18.08,1
2025-05-14,PEL-01,chargement,22.1,1
2025-05-14,PEL-02,chargement,16.18,1
2025-05-14,PEL-03,chargement,15.98,1
2025-05-14,PEL-04,chargement,15.98,1
2025-05-14,PEL-05,chargement,18.73,1
2025-05-14,CAM-01,transport,15.46,1
2025-05-14,CAM-02,transport,19.48,1
2025-05-14,CAM-03,transport,18.79,1
2025-05-14,CAM-04,transport,20.76,1
2025-05-14,CAM-05,transport,17.76,1
2025-05-14,CAM-06,transport,22.44,1
2025-05-14,CAM-07,transport,19.25,1
2025-05-14,CAM-08,transport,14.8,1
2025-05-14,CAM-09,transport,16.83,1
2025-05-14,CAM-10,transport,15.45,1
2025-05-14,CAM-11,transport,20.96,1
2025-05-14,CAM-12,transport,14.4,1
2025-05-14,GEN-01,energie,24.0,1
2025-05-14,GEN-02,energie,23.18,1
2025-05-14,GEN-03,energie,22.99,1
2025-05-15,FOR-01,forage,15.36,1
2025-05-15,FOR-02,forage,17.31,1
2025-05-15,FOR-03,forage,18.87,1
2025-05-15,FOR-04,forage,17.95,1
2025-05-15,PEL-01,chargement,21.65,1
2025-05-15,PEL-02,chargement,18.75,1
2025-05-15,PEL-03,chargement,0.0,0
2025-05-15,PEL-04,chargement,11.63,1
2025-05-15,PEL-05,chargement,17.26,1
2025-05-15,CAM-01,transport,13.33,1
2025-05-15,CAM-02,transport,13.98,1
2025-05-15,CAM-03,transport,16.71,1
2025-05-15,CAM-04,transport,19.84,1
2025-05-15,CAM-05,transport,21.23,1
2025-05-15,CAM-06,transport,21.58,1
2025-05-15,CAM-07,transport,15.64,1
2025-05-15,CAM-08,transport,12.37,1
2025-05-15,CAM-09,transport,18.59,1
2025-05-15,CAM-10,transport,17.73,1
2025-05-15,CAM-11,transport,19.59,1
2025-05-15,CAM-12,transport,19.27,1
2025-05-15,GEN-01,energie,23.65,1
2025-05-15,GEN-02,energie,21.28,1
2025-05-15,GEN-03,energie,24.0,1
2025-05-16,FOR-01,forage,18.69,1
2025-05-16,FOR-02,forage,21.83,1
2025-05-16,FOR-03,forage,23.25,1
2025-05-16,FOR-04,forage,16.29,1
2025-05-16,PEL-01,chargement,20.22,1
2025-05-16,PEL-02,chargement,0.0,0
2025-05-16,PEL-03,chargement,17.25,1
2025-05-16,PEL-04,chargement,24.0,1
2025-05-16,PEL-05,chargement,20.85,1
2025-05-16,CAM-01,transport,13.01,1
2025-05-16,CAM-02,transport,18.01,1
2025-05-16,CAM-03,transport,12.52,1
2025-05-16,CAM-04,transport,22.0,1
2025-05-16,CAM-05,transport,0.0,0
2025-05-16,CAM-06,transport,18.78,1
2025-05-16,CAM-07,transport,22.6,1
2025-05-16,CAM-08,transport,14.49,1
2025-05-16,CAM-09,transport,19.82,1
2025-05-16,CAM-10,transport,17.25,1
2025-05-16,CAM-11,transport,16.13,1
2025-05-16,CAM-12,transport,20.45,1
2025-05-16,GEN-01,energie,24.0,1
2025-05-16,GEN-02,energie,19.59,1
2025-05-16,GEN-03,energie,23.57,1
2025-05-17,FOR-01,forage,15.21,1
2025-05-17,FOR-02,forage,20.85,1
2025-05-17,FOR-03,forage,22.44,1
2025-05-17,FOR-04,forage,16.89,1
2025-05-17,PEL-01,chargement,22.23,1
2025-05-17,PEL-02,chargement,15.78,1
2025-05-17,PEL-03,chargement,20.85,1
2025-05-17,PEL-04,chargement,14.43,1
2025-05-17,PEL-05,chargement,17.92,1
2025-05-17,CAM-01,transport,19.92,1
2025-05-17,CAM-02,transport,21.91,1
2025-05-17,CAM-03,transport,20.93,1
2025-05-17,CAM-04,transport,15.34,1
2025-05-17,CAM-05,transport,20.09,1
2025-05-17,CAM-06,transport,13.1,1
2025-05-17,CAM-07,transport,17.48,1
2025-05-17,CAM-08,transport,19.78,1
2025-05-17,CAM-09,transport,17.61,1
2025-05-17,CAM-10,transport,19.13,1
2025-05-17,CAM-11,transport,18.45,1
2025-05-17,CAM-12,transport,18.5,1
2025-05-17,GEN-01,energie,19.72,1
2025-05-17,GEN-02,energie,22.67,1
2025-05-17,GEN-03,energie,24.0,1
2025-05-18,FOR-01,forage,14.34,1
2025-05-18,FOR-02,forage,20.51,1
2025-05-18,FOR-03,forage,14.55,1
2025-05-18,FOR-04,forage,0.0,0
2025-05-18,PEL-01,chargement,16.2,1
2025-05-18,PEL-02,chargement,24.0,1
2025-05-18,PEL-03,chargement,14.3,1
2025-05-18,PEL-04,chargement,16.16,1
2025-05-18,PEL-05,chargement,17.0,1
2025-05-18,CAM-01,transport,15.8,1
2025-05-18,CAM-02,transport,17.64,1
2025-05-18,CAM-03,transport,20.63,1
2025-05-18,CAM-04,transport,15.2,1
2025-05-18,CAM-05,transport,13.33,1
2025-05-18,CAM-06,transport,19.39,1
2025-05-18,CAM-07,transport,23.15,1
2025-05-18,CAM-08,transport,15.44,1
2025-05-18,CAM-09,transport,22.74,1
2025-05-18,CAM-10,transport,23.53,1
2025-05-18,CAM-11,transport,20.57,1
2025-05-18,CAM-12,transport,19.11,1
2025-05-18,GEN-01,energie,19.66,1
2025-05-18,GEN-02,energie,24.0,1
2025-05-18,GEN-03,energie,22.98,1
2025-05-19,FOR-01,forage,15.67,1
2025-05-19,FOR-02,forage,18.21,1
2025-05-19,FOR-03,forage,17.27,1
2025-05-19,FOR-04,forage,19.86,1
2025-05-19,PEL-01,chargement,15.99,1
2025-05-19,PEL-02,chargement,20.91,1
2025-05-19,PEL-03,chargement,21.06,1
2025-05-19,PEL-04,chargement,22.56,1
2025-05-19,PEL-05,chargement,19.67,1
2025-05-19,CAM-01,transport,0.0,0
2025-05-19,CAM-02,transport,19.96,1
2025-05-19,CAM-03,transport,22.52,1
2025-05-19,CAM-04,transport,19.96,1
2025-05-19,CAM-05,transport,16.36,1
2025-05-19,CAM-06,transport,21.87,1
2025-05-19,CAM-07,transport,17.62,1
2025-05-19,CAM-08,transport,16.88,1
2025-05-19,CAM-09,transport,15.68,1
2025-05-19,CAM-10,transport,20.62,1
2025-05-19,CAM-11,transport,19.42,1
2025-05-19,CAM-12,transport,16.21,1
2025-05-19,GEN-01,energie,20.51,1
2025-05-19,GEN-02,energie,22.65,1
2025-05-19,GEN-03,energie,24.0,1
2025-05-20,FOR-01,forage,17.48,1
2025-05-20,FOR-02,forage,20.92,1
2025-05-20,FOR-03,forage,13.61,1
2025-05-20,FOR-04,forage,17.94,1
2025-05-20,PEL-01,chargement,22.74,1
2025-05-20,PEL-02,chargement,18.17,1
2025-05-20,PEL-03,chargement,18.83,1
2025-05-20,PEL-04,chargement,12.73,1
2025-05-20,PEL-05,chargement,14.47,1
2025-05-20,CAM-01,transport,11.8,1
2025-05-20,CAM-02,transport,18.21,1
2025-05-20,CAM-03,transport,18.74,1
2025-05-20,CAM-04,transport,24.0,1
2025-05-20,CAM-05,transport,20.75,1
2025-05-20,CAM-06,transport,19.79,1
2025-05-20,CAM-07,transport,18.41,1
2025-05-20,CAM-08,transport,16.21,1
2025-05-20,CAM-09,transport,17.47,1
2025-05-20,CAM-10,transport,16.8,1
2025-05-20,CAM-11,transport,16.17,1
2025-05-20,CAM-12,transport,20.06,1
2025-05-20,GEN-01,energie,20.65,1
2025-05-20,GEN-02,energie,22.26,1
2025-05-20,GEN-03,energie,21.17,1
2025-05-21,FOR-01,forage,14.15,1
2025-05-21,FOR-02,forage,21.64,1
2025-05-21,FOR-03,forage,14.01,1
2025-05-21,FOR-04,forage,22.81,1
2025-05-21,PEL-01,chargement,21.19,1
2025-05-21,PEL-02,chargement,16.66,1
2025-05-21,PEL-03,chargement,18.27,1
2025-05-21,PEL-04,chargement,19.53,1
2025-05-21,PEL-05,chargement,18.47,1
2025-05-21,CAM-01,transport,17.03,1
2025-05-21,CAM-02,transport,18.95,1
2025-05-21,CAM-03,transport,22.61,1
2025-05-21,CAM-04,transport,16.39,1
2025-05-21,CAM-05,transport,19.16,1
2025-05-21,CAM-06,transport,16.34,1
2025-05-21,CAM-07,transport,13.95,1
2025-05-21,CAM-08,transport,15.58,1
2025-05-21,CAM-09,transport,15.04,1
2025-05-21,CAM-10,transport,19.26,1
2025-05-21,CAM-11,transport,20.72,1
2025-05-21,CAM-12,transport,20.61,1
2025-05-21,GEN-01,energie,19.13,1
2025-05-21,GEN-02,energie,18.78,1
2025-05-21,GEN-03,energie,21.28,1
2025-05-22,FOR-01,forage,20.06,1
2025-05-22,FOR-02,forage,16.63,1
2025-05-22,FOR-03,forage,16.35,1
2025-05-22,FOR-04,forage,23.02,1
2025-05-22,PEL-01,chargement,18.27,1
2025-05-22,PEL-02,chargement,17.55,1
2025-05-22,PEL-03,chargement,24.0,1
2025-05-22,PEL-04,chargement,14.31,1
2025-05-22,PEL-05,chargement,0.0,0
2025-05-22,CAM-01,transport,17.23,1
2025-05-22,CAM-02,transport,15.81,1
2025-05-22,CAM-03,transport,14.65,1
2025-05-22,CAM-04,transport,20.54,1
2025-05-22,CAM-05,transport,18.04,1
2025-05-22,CAM-06,transport,16.68,1
2025-05-22,CAM-07,transport,19.83,1
2025-05-22,CAM-08,transport,18.58,1
2025-05-22,CAM-09,transport,18.0,1
2025-05-22,CAM-10,transport,14.85,1
2025-05-22,CAM-11,transport,0.0,0
2025-05-22,CAM-12,transport,15.72,1
2025-05-22,GEN-01,energie,20.82,1
2025-05-22,GEN-02,energie,20.24,1
2025-05-22,GEN-03,energie,21.24,1
2025-05-23,FOR-01,forage,14.8,1
2025-05-23,FOR-02,forage,16.75,1
2025-05-23,FOR-03,forage,16.22,1
2025-05-23,FOR-04,forage,19.25,1
2025-05-23,PEL-01,chargement,16.36,1
2025-05-23,PEL-02,chargement,22.29,1
2025-05-23,PEL-03,chargement,17.54,1
2025-05-23,PEL-04,chargement,20.53,1
2025-05-23,PEL-05,chargement,20.98,1
2025-05-23,CAM-01,transport,21.57,1
2025-05-23,CAM-02,transport,16.55,1
2025-05-23,CAM-03,transport,20.7,1
2025-05-23,CAM-04,transport,20.66,1
2025-05-23,CAM-05,transport,21.56,1
2025-05-23,CAM-06,transport,23.28,1
2025-05-23,CAM-07,transport,16.02,1
2025-05-23,CAM-08,transport,20.46,1
2025-05-23,CAM-09,transport,17.85,1
2025-05-23,CAM-10,transport,24.0,1
2025-05-23,CAM-11,transport,21.63,1
2025-05-23,CAM-12,transport,15.37,1
2025-05-23,GEN-01,energie,22.76,1
2025-05-23,GEN-02,energie,22.07,1
2025-05-23,GEN-03,energie,21.33,1
2025-05-24,FOR-01,forage,14.48,1
2025-05-24,FOR-02,forage,18.05,1
2025-05-24,FOR-03,forage,23.27,1
2025-05-24,FOR-04,forage,0.0,0
2025-05-24,PEL-01,chargement,14.11,1
2025-05-24,PEL-02,chargement,17.12,1
2025-05-24,PEL-03,chargement,23.63,1
2025-05-24,PEL-04,chargement,14.51,1
2025-05-24,PEL-05,chargement,17.67,1
2025-05-24,CAM-01,transport,14.68,1
2025-05-24,CAM-02,transport,22.97,1
2025-05-24,CAM-03,transport,20.49,1
2025-05-24,CAM-04,transport,13.58,1
2025-05-24,CAM-05,transport,17.48,1
2025-05-24,CAM-06,transport,17.09,1
2025-05-24,CAM-07,transport,14.23,1
2025-05-24,CAM-08,transport,21.41,1
2025-05-24,CAM-09,transport,17.23,1
2025-05-24,CAM-10,transport,21.94,1
2025-05-24,CAM-11,transport,15.32,1
2025-05-24,CAM-12,transport,24.0,1
2025-05-24,GEN-01,energie,24.0,1
2025-05-24,GEN-02,energie,21.95,1
2025-05-24,GEN-03,energie,22.33,1
2025-05-25,FOR-01,forage,17.63,1
2025-05-25,FOR-02,forage,18.24,1
2025-05-25,FOR-03,forage,22.45,1
2025-05-25,FOR-04,forage,19.29,1
2025-05-25,PEL-01,chargement,17.12,1
2025-05-25,PEL-02,chargement,15.63,1
2025-05-25,PEL-03,chargement,14.28,1
2025-05-25,PEL-04,chargement,18.17,1
2025-05-25,PEL-05,chargement,18.94,1
2025-05-25,CAM-01,transport,14.34,1
2025-05-25,CAM-02,transport,14.59,1
2025-05-25,CAM-03,transport,20.22,1
2025-05-25,CAM-04,transport,20.07,1
2025-05-25,CAM-05,transport,11.73,1
2025-05-25,CAM-06,transport,19.11,1
2025-05-25,CAM-07,transport,0.0,0
2025-05-25,CAM-08,transport,22.04,1
2025-05-25,CAM-09,transport,12.7,1
2025-05-25,CAM-10,transport,18.8,1
2025-05-25,CAM-11,transport,18.2,1
2025-05-25,CAM-12,transport,16.89,1
2025-05-25,GEN-01,energie,24.0,1
2025-05-25,GEN-02,energie,19.12,1
2025-05-25,GEN-03,energie,19.3,1
2025-05-26,FOR-01,forage,22.94,1
2025-05-26,FOR-02,forage,16.41,1
2025-05-26,FOR-03,forage,18.05,1
2025-05-26,FOR-04,forage,0.0,0
2025-05-26,PEL-01,chargement,20.12,1
2025-05-26,PEL-02,chargement,19.4,1
2025-05-26,PEL-03,chargement,19.57,1
2025-05-26,PEL-04,chargement,17.72,1
2025-05-26,PEL-05,chargement,17.53,1
2025-05-26,CAM-01,transport,14.56,1
2025-05-26,CAM-02,transport,14.21,1
2025-05-26,CAM-03,transport,15.0,1
2025-05-26,CAM-04,transport,24.0,1
2025-05-26,CAM-05,transport,0.0,0
2025-05-26,CAM-06,transport,15.39,1
2025-05-26,CAM-07,transport,16.74,1
2025-05-26,CAM-08,transport,18.43,1
2025-05-26,CAM-09,transport,18.39,1
2025-05-26,CAM-10,transport,19.51,1
2025-05-26,CAM-11,transport,16.54,1
2025-05-26,CAM-12,transport,22.16,1
2025-05-26,GEN-01,energie,17.48,1
2025-05-26,GEN-02,energie,23.36,1
2025-05-26,GEN-03,energie,21.19,1
2025-05-27,FOR-01,forage,18.17,1
2025-05-27,FOR-02,forage,12.64,1
2025-05-27,FOR-03,forage,0.0,0
2025-05-27,FOR-04,forage,13.92,1
2025-05-27,PEL-01,chargement,22.73,1
2025-05-27,PEL-02,chargement,16.66,1
2025-05-27,PEL-03,chargement,0.0,0
2025-05-27,PEL-04,chargement,15.23,1
2025-05-27,PEL-05,chargement,20.7,1
2025-05-27,CAM-01,transport,11.01,1
2025-05-27,CAM-02,transport,16.72,1
2025-05-27,CAM-03,transport,19.38,1
2025-05-27,CAM-04,transport,23.52,1
2025-05-27,CAM-05,transport,17.75,1
2025-05-27,CAM-06,transport,15.98,1
2025-05-27,CAM-07,transport,17.95,1
2025-05-27,CAM-08,transport,14.75,1
2025-05-27,CAM-09,transport,15.3,1
2025-05-27,CAM-10,transport,17.3,1
2025-05-27,CAM-11,transport,18.81,1
2025-05-27,CAM-12,transport,19.3,1
2025-05-27,GEN-01,energie,22.33,1
2025-05-27,GEN-02,energie,23.59,1
2025-05-27,GEN-03,energie,20.64,1
2025-05-28,FOR-01,forage,15.95,1
2025-05-28,FOR-02,forage,20.51,1
2025-05-28,FOR-03,forage,0.0,0
2025-05-28,FOR-04,forage,19.25,1
2025-05-28,PEL-01,chargement,22.12,1
2025-05-28,PEL-02,chargement,15.76,1
2025-05-28,PEL-03,chargement,14.47,1
2025-05-28,PEL-04,chargement,0.0,0
2025-05-28,PEL-05,chargement,16.53,1
2025-05-28,CAM-01,transport,13.97,1
2025-05-28,CAM-02,transport,19.07,1
2025-05-28,CAM-03,transport,14.32,1
2025-05-28,CAM-04,transport,21.66,1
2025-05-28,CAM-05,transport,16.46,1
2025-05-28,CAM-06,transport,12.95,1
2025-05-28,CAM-07,transport,20.68,1
2025-05-28,CAM-08,transport,14.9,1
2025-05-28,CAM-09,transport,15.09,1
2025-05-28,CAM-10,transport,21.52,1
2025-05-28,CAM-11,transport,21.25,1
2025-05-28,CAM-12,transport,19.79,1
2025-05-28,GEN-01,energie,22.23,1
2025-05-28,GEN-02,energie,19.86,1
2025-05-28,GEN-03,energie,21.2,1
2025-05-29,FOR-01,forage,21.49,1
2025-05-29,FOR-02,forage,15.83,1
2025-05-29,FOR-03,forage,17.63,1
2025-05-29,FOR-04,forage,18.56,1
2025-05-29,PEL-01,chargement,20.84,1
2025-05-29,PEL-02,chargement,16.84,1
2025-05-29,PEL-03,chargement,18.66,1
2025-05-29,PEL-04,chargement,18.81,1
2025-05-29,PEL-05,chargement,16.04,1
2025-05-29,CAM-01,transport,14.22,1
2025-05-29,CAM-02,transport,20.19,1
2025-05-29,CAM-03,transport,0.0,0
2025-05-29,CAM-04,transport,19.65,1
2025-05-29,CAM-05,transport,15.66,1
2025-05-29,CAM-06,transport,13.63,1
2025-05-29,CAM-07,transport,19.78,1
2025-05-29,CAM-08,transport,23.02,1
2025-05-29,CAM-09,transport,17.93,1
2025-05-29,CAM-10,transport,18.17,1
2025-05-29,CAM-11,transport,14.06,1
2025-05-29,CAM-12,transport,14.59,1
2025-05-29,GEN-01,energie,18.23,1
2025-05-29,GEN-02,energie,24.0,1
2025-05-29,GEN-03,energie,24.0,1
2025-05-30,FOR-01,forage,18.7,1
2025-05-30,FOR-02,forage,18.07,1
2025-05-30,FOR-03,forage,9.82,1
2025-05-30,FOR-04,forage,14.6,1
2025-05-30,PEL-01,chargement,18.61,1
2025-05-30,PEL-02,chargement,16.05,1
2025-05-30,PEL-03,chargement,20.77,1
2025-05-30,PEL-04,chargement,17.36,1
2025-05-30,PEL-05,chargement,16.96,1
2025-05-30,CAM-01,transport,20.78,1
2025-05-30,CAM-02,transport,21.64,1
2025-05-30,CAM-03,transport,19.64,1
2025-05-30,CAM-04,transport,19.18,1
2025-05-30,CAM-05,transport,21.04,1
2025-05-30,CAM-06,transport,17.53,1
2025-05-30,CAM-07,transport,14.59,1
2025-05-30,CAM-08,transport,16.73,1
2025-05-30,CAM-09,transport,16.37,1
2025-05-30,CAM-10,transport,20.17,1
2025-05-30,CAM-11,transport,18.8,1
2025-05-30,CAM-12,transport,18.2,1
2025-05-30,GEN-01,energie,23.23,1
2025-05-30,GEN-02,energie,19.77,1
2025-05-30,GEN-03,energie,0.0,0
2025-05-31,FOR-01,forage,21.58,1
2025-05-31,FOR-02,forage,17.86,1
2025-05-31,FOR-03,forage,19.42,1
2025-05-31,FOR-04,forage,19.34,1
2025-05-31,PEL-01,chargement,18.06,1
2025-05-31,PEL-02,chargement,14.49,1
2025-05-31,PEL-03,chargement,18.28,1
2025-05-31,PEL-04,chargement,17.87,1
2025-05-31,PEL-05,chargement,17.71,1
2025-05-31,CAM-01,transport,20.74,1
2025-05-31,CAM-02,transport,19.82,1
2025-05-31,CAM-03,transport,16.99,1
2025-05-31,CAM-04,transport,21.79,1
2025-05-31,CAM-05,transport,21.37,1
2025-05-31,CAM-06,transport,20.74,1
2025-05-31,CAM-07,transport,19.05,1
2025-05-31,CAM-08,transport,16.55,1
2025-05-31,CAM-09,transport,18.59,1
2025-05-31,CAM-10,transport,15.39,1
2025-05-31,CAM-11,transport,15.34,1
2025-05-31,CAM-12,transport,21.19,1
2025-05-31,GEN-01,energie,23.91,1
2025-05-31,GEN-02,energie,16.92,1
2025-05-31,GEN-03,energie,23.48,1
2025-06-01,FOR-01,forage,18.47,1
2025-06-01,FOR-02,forage,15.78,1
2025-06-01,FOR-03,forage,22.27,1
2025-06-01,FOR-04,forage,16.43,1
2025-06-01,PEL-01,chargement,15.36,1
2025-06-01,PEL-02,chargement,14.81,1
2025-06-01,PEL-03,chargement,18.92,1
2025-06-01,PEL-04,chargement,17.24,1
2025-06-01,PEL-05,chargement,17.33,1
2025-06-01,CAM-01,transport,20.23,1
2025-06-01,CAM-02,transport,16.61,1
2025-06-01,CAM-03,transport,20.34,1
2025-06-01,CAM-04,transport,12.63,1
2025-06-01,CAM-05,transport,13.22,1
2025-06-01,CAM-06,transport,17.86,1
2025-06-01,CAM-07,transport,18.66,1
2025-06-01,CAM-08,transport,0.0,0
2025-06-01,CAM-09,transport,17.92,1
2025-06-01,CAM-10,transport,16.39,1
2025-06-01,CAM-11,transport,21.2,1
2025-06-01,CAM-12,transport,22.36,1
2025-06-01,GEN-01,energie,24.0,1
2025-06-01,GEN-02,energie,24.0,1
2025-06-01,GEN-03,energie,20.29,1
2025-06-02,FOR-01,forage,20.29,1
2025-06-02,FOR-02,forage,16.48,1
2025-06-02,FOR-03,forage,14.54,1
2025-06-02,FOR-04,forage,20.86,1
2025-06-02,PEL-01,chargement,15.87,1
2025-06-02,PEL-02,chargement,20.41,1
2025-06-02,PEL-03,chargement,18.14,1
2025-06-02,PEL-04,chargement,17.81,1
2025-06-02,PEL-05,chargement,21.36,1
2025-06-02,CAM-01,transport,18.78,1
2025-06-02,CAM-02,transport,15.69,1
2025-06-02,CAM-03,transport,17.03,1
2025-06-02,CAM-04,transport,20.32,1
2025-06-02,CAM-05,transport,22.53,1
2025-06-02,CAM-06,transport,16.19,1
2025-06-02,CAM-07,transport,15.94,1
2025-06-02,CAM-08,transport,15.37,1
2025-06-02,CAM-09,transport,17.53,1
2025-06-02,CAM-10,transport,0.0,0
2025-06-02,CAM-11,transport,17.36,1
2025-06-02,CAM-12,transport,15.07,1
2025-06-02,GEN-01,energie,24.0,1
2025-06-02,GEN-02,energie,23.63,1
2025-06-02,GEN-03,energie,22.64,1
2025-06-03,FOR-01,forage,15.06,1
2025-06-03,FOR-02,forage,17.43,1
2025-06-03,FOR-03,forage,18.07,1
2025-06-03,FOR-04,forage,13.67,1
2025-06-03,PEL-01,chargement,16.04,1
2025-06-03,PEL-02,chargement,19.73,1
2025-06-03,PEL-03,chargement,17.29,1
2025-06-03,PEL-04,chargement,22.73,1
2025-06-03,PEL-05,chargement,20.43,1
2025-06-03,CAM-01,transport,17.91,1
2025-06-03,CAM-02,transport,22.39,1
2025-06-03,CAM-03,transport,20.99,1
2025-06-03,CAM-04,transport,19.14,1
2025-06-03,CAM-05,transport,15.61,1
2025-06-03,CAM-06,transport,15.52,1
2025-06-03,CAM-07,transport,16.72,1
2025-06-03,CAM-08,transport,17.07,1
2025-06-03,CAM-09,transport,12.55,1
2025-06-03,CAM-10,transport,21.97,1
2025-06-03,CAM-11,transport,17.02,1
2025-06-03,CAM-12,transport,23.24,1
2025-06-03,GEN-01,energie,20.19,1
2025-06-03,GEN-02,energie,22.15,1
2025-06-03,GEN-03,energie,22.04,1
2025-06-04,FOR-01,forage,19.56,1
2025-06-04,FOR-02,forage,8.28,1
2025-06-04,FOR-03,forage,21.74,1
2025-06-04,FOR-04,forage,17.97,1
2025-06-04,PEL-01,chargement,15.77,1
2025-06-04,PEL-02,chargement,19.91,1
2025-06-04,PEL-03,chargement,0.0,0
2025-06-04,PEL-04,chargement,17.83,1
2025-06-04,PEL-05,chargement,15.38,1
2025-06-04,CAM-01,transport,0.0,0
2025-06-04,CAM-02,transport,18.69,1
2025-06-04,CAM-03,transport,17.18,1
2025-06-04,CAM-04,transport,19.05,1
2025-06-04,CAM-05,transport,17.6,1
2025-06-04,CAM-06,transport,14.34,1
2025-06-04,CAM-07,transport,14.99,1
2025-06-04,CAM-08,transport,21.88,1
2025-06-04,CAM-09,transport,13.73,1
2025-06-04,CAM-10,transport,19.04,1
2025-06-04,CAM-11,transport,0.0,0
2025-06-04,CAM-12,transport,17.19,1
2025-06-04,GEN-01,energie,20.01,1
2025-06-04,GEN-02,energie,20.5,1
2025-06-04,GEN-03,energie,21.91,1
2025-06-05,FOR-01,forage,14.28,1
2025-06-05,FOR-02,forage,21.62,1
2025-06-05,FOR-03,forage,14.97,1
2025-06-05,FOR-04,forage,17.37,1
2025-06-05,PEL-01,chargement,16.62,1
2025-06-05,PEL-02,chargement,13.76,1
2025-06-05,PEL-03,chargement,16.55,1
2025-06-05,PEL-04,chargement,16.0,1
2025-06-05,PEL-05,chargement,17.61,1
2025-06-05,CAM-01,transport,24.0,1
2025-06-05,CAM-02,transport,13.16,1
2025-06-05,CAM-03,transport,14.99,1
2025-06-05,CAM-04,transport,14.54,1
2025-06-05,CAM-05,transport,17.69,1
2025-06-05,CAM-06,transport,11.18,1
2025-06-05,CAM-07,transport,17.32,1
2025-06-05,CAM-08,transport,12.08,1
2025-06-05,CAM-09,transport,16.62,1
2025-06-05,CAM-10,transport,18.33,1
2025-06-05,CAM-11,transport,19.04,1
2025-06-05,CAM-12,transport,13.94,1
2025-06-05,GEN-01,energie,21.95,1
2025-06-05,GEN-02,energie,18.63,1
2025-06-05,GEN-03,energie,21.9,1
2025-06-06,FOR-01,forage,19.5,1
2025-06-06,FOR-02,forage,14.17,1
2025-06-06,FOR-03,forage,20.99,1
2025-06-06,FOR-04,forage,17.67,1
2025-06-06,PEL-01,chargement,13.75,1
2025-06-06,PEL-02,chargement,14.99,1
2025-06-06,PEL-03,chargement,15.95,1
2025-06-06,PEL-04,chargement,19.55,1
2025-06-06,PEL-05,chargement,16.29,1
2025-06-06,CAM-01,transport,17.07,1
2025-06-06,CAM-02,transport,16.42,1
2025-06-06,CAM-03,transport,18.02,1
2025-06-06,CAM-04,transport,15.25,1
2025-06-06,CAM-05,transport,14.34,1
2025-06-06,CAM-06,transport,16.55,1
2025-06-06,CAM-07,transport,20.73,1
2025-06-06,CAM-08,transport,19.18,1
2025-06-06,CAM-09,transport,17.56,1
2025-06-06,CAM-10,transport,24.0,1
2025-06-06,CAM-11,transport,14.94,1
2025-06-06,CAM-12,transport,13.89,1
2025-06-06,GEN-01,energie,21.73,1
2025-06-06,GEN-02,energie,19.7,1
2025-06-06,GEN-03,energie,23.42,1
2025-06-07,FOR-01,forage,21.26,1
2025-06-07,FOR-02,forage,15.9,1
2025-06-07,FOR-03,forage,20.62,1
2025-06-07,FOR-04,forage,11.94,1
2025-06-07,PEL-01,chargement,21.27,1
2025-06-07,PEL-02,chargement,22.58,1
2025-06-07,PEL-03,chargement,15.31,1
2025-06-07,PEL-04,chargement,20.05,1
2025-06-07,PEL-05,chargement,23.67,1
2025-06-07,CAM-01,transport,20.31,1
2025-06-07,CAM-02,transport,21.21,1
2025-06-07,CAM-03,transport,18.79,1
2025-06-07,CAM-04,transport,11.03,1
2025-06-07,CAM-05,transport,20.12,1
2025-06-07,CAM-06,transport,18.6,1
2025-06-07,CAM-07,transport,12.51,1
2025-06-07,CAM-08,transport,22.12,1
2025-06-07,CAM-09,transport,14.92,1
2025-06-07,CAM-10,transport,0.0,0
2025-06-07,CAM-11,transport,18.27,1
2025-06-07,CAM-12,transport,18.96,1
2025-06-07,GEN-01,energie,21.85,1
2025-06-07,GEN-02,energie,21.59,1
2025-06-07,GEN-03,energie,23.33,1
2025-06-08,FOR-01,forage,16.22,1
2025-06-08,FOR-02,forage,15.75,1
2025-06-08,FOR-03,forage,16.55,1
2025-06-08,FOR-04,forage,20.38,1
2025-06-08,PEL-01,chargement,16.85,1
2025-06-08,PEL-02,chargement,17.22,1
2025-06-08,PEL-03,chargement,14.4,1
2025-06-08,PEL-04,chargement,16.29,1
2025-06-08,PEL-05,chargement,18.09,1
2025-06-08,CAM-01,transport,18.18,1
2025-06-08,CAM-02,transport,19.19,1
2025-06-08,CAM-03,transport,17.1,1
2025-06-08,CAM-04,transport,18.32,1
2025-06-08,CAM-05,transport,19.78,1
2025-06-08,CAM-06,transport,22.38,1
2025-06-08,CAM-07,transport,15.88,1
2025-06-08,CAM-08,transport,15.03,1
2025-06-08,CAM-09,transport,16.36,1
2025-06-08,CAM-10,transport,21.15,1
2025-06-08,CAM-11,transport,13.09,1
2025-06-08,CAM-12,transport,19.56,1
2025-06-08,GEN-01,energie,23.34,1
2025-06-08,GEN-02,energie,23.92,1
2025-06-08,GEN-03,energie,24.0,1
2025-06-09,FOR-01,forage,18.87,1
2025-06-09,FOR-02,forage,18.63,1
2025-06-09,FOR-03,forage,21.82,1
2025-06-09,FOR-04,forage,18.17,1
2025-06-09,PEL-01,chargement,22.33,1
2025-06-09,PEL-02,chargement,18.34,1
2025-06-09,PEL-03,chargement,15.64,1
2025-06-09,PEL-04,chargement,24.0,1
2025-06-09,PEL-05,chargement,19.12,1
2025-06-09,CAM-01,transport,16.03,1
2025-06-09,CAM-02,transport,16.98,1
2025-06-09,CAM-03,transport,21.68,1
2025-06-09,CAM-04,transport,14.83,1
2025-06-09,CAM-05,transport,22.21,1
2025-06-09,CAM-06,transport,19.92,1
2025-06-09,CAM-07,transport,0.0,0
2025-06-09,CAM-08,transport,17.46,1
2025-06-09,CAM-09,transport,17.92,1
2025-06-09,CAM-10,transport,17.95,1
2025-06-09,CAM-11,transport,20.79,1
2025-06-09,CAM-12,transport,17.67,1
2025-06-09,GEN-01,energie,22.38,1
2025-06-09,GEN-02,energie,18.87,1
2025-06-09,GEN-03,energie,22.86,1
2025-06-10,FOR-01,forage,13.77,1
2025-06-10,FOR-02,forage,16.98,1
2025-06-10,FOR-03,forage,16.95,1
2025-06-10,FOR-04,forage,18.34,1
2025-06-10,PEL-01,chargement,19.25,1
2025-06-10,PEL-02,chargement,19.09,1
2025-06-10,PEL-03,chargement,13.22,1
2025-06-10,PEL-04,chargement,14.89,1
2025-06-10,PEL-05,chargement,0.0,0
2025-06-10,CAM-01,transport,15.26,1
2025-06-10,CAM-02,transport,18.52,1
2025-06-10,CAM-03,transport,23.51,1
2025-06-10,CAM-04,transport,20.5,1
2025-06-10,CAM-05,transport,20.26,1
2025-06-10,CAM-06,transport,18.66,1
2025-06-10,CAM-07,transport,15.05,1
2025-06-10,CAM-08,transport,14.96,1
2025-06-10,CAM-09,transport,14.52,1
2025-06-10,CAM-10,transport,16.85,1
2025-06-10,CAM-11,transport,16.89,1
2025-06-10,CAM-12,transport,0.0,0
2025-06-10,GEN-01,energie,20.94,1
2025-06-10,GEN-02,energie,23.77,1
2025-06-10,GEN-03,energie,18.74,1
2025-06-11,FOR-01,forage,15.46,1
2025-06-11,FOR-02,forage,20.34,1
2025-06-11,FOR-03,forage,19.49,1
2025-06-11,FOR-04,forage,16.46,1
2025-06-11,PEL-01,chargement,17.73,1
2025-06-11,PEL-02,chargement,19.17,1
2025-06-11,PEL-03,chargement,21.19,1
2025-06-11,PEL-04,chargement,19.43,1
2025-06-11,PEL-05,chargement,21.07,1
2025-06-11,CAM-01,transport,24.0,1
2025-06-11,CAM-02,transport,21.67,1
2025-06-11,CAM-03,transport,17.87,1
2025-06-11,CAM-04,transport,14.82,1
2025-06-11,CAM-05,transport,0.0,0
2025-06-11,CAM-06,transport,19.21,1
2025-06-11,CAM-07,transport,21.73,1
2025-06-11,CAM-08,transport,19.9,1
2025-06-11,CAM-09,transport,20.8,1
2025-06-11,CAM-10,transport,14.38,1
2025-06-11,CAM-11,transport,17.74,1
2025-06-11,CAM-12,transport,12.26,1
2025-06-11,GEN-01,energie,17.47,1
2025-06-11,GEN-02,energie,20.81,1
2025-06-11,GEN-03,energie,24.0,1
2025-06-12,FOR-01,forage,0.0,0
2025-06-12,FOR-02,forage,23.3,1
2025-06-12,FOR-03,forage,0.0,0
2025-06-12,FOR-04,forage,20.36,1
2025-06-12,PEL-01,chargement,18.53,1
2025-06-12,PEL-02,chargement,15.43,1
2025-06-12,PEL-03,chargement,18.94,1
2025-06-12,PEL-04,chargement,0.0,0
2025-06-12,PEL-05,chargement,24.0,1
2025-06-12,CAM-01,transport,20.44,1
2025-06-12,CAM-02,transport,11.26,1
2025-06-12,CAM-03,transport,20.24,1
2025-06-12,CAM-04,transport,14.85,1
2025-06-12,CAM-05,transport,19.64,1
2025-06-12,CAM-06,transport,17.86,1
2025-06-12,CAM-07,transport,16.81,1
2025-06-12,CAM-08,transport,22.03,1
2025-06-12,CAM-09,transport,14.16,1
2025-06-12,CAM-10,transport,15.88,1
2025-06-12,CAM-11,transport,14.27,1
2025-06-12,CAM-12,transport,17.11,1
2025-06-12,GEN-01,energie,22.66,1
2025-06-12,GEN-02,energie,23.57,1
2025-06-12,GEN-03,energie,21.79,1
2025-06-13,FOR-01,forage,20.87,1
2025-06-13,FOR-02,forage,16.39,1
2025-06-13,FOR-03,forage,0.0,0
2025-06-13,FOR-04,forage,19.58,1
2025-06-13,PEL-01,chargement,14.77,1
2025-06-13,PEL-02,chargement,19.92,1
2025-06-13,PEL-03,chargement,17.8,1
2025-06-13,PEL-04,chargement,17.98,1
2025-06-13,PEL-05,chargement,17.45,1
2025-06-13,CAM-01,transport,17.43,1
2025-06-13,CAM-02,transport,20.25,1
2025-06-13,CAM-03,transport,14.12,1
2025-06-13,CAM-04,transport,14.14,1
2025-06-13,CAM-05,transport,21.66,1
2025-06-13,CAM-06,transport,19.99,1
2025-06-13,CAM-07,transport,16.51,1
2025-06-13,CAM-08,transport,21.26,1
2025-06-13,CAM-09,transport,18.47,1
2025-06-13,CAM-10,transport,22.73,1
2025-06-13,CAM-11,transport,15.4,1
2025-06-13,CAM-12,transport,20.1,1
2025-06-13,GEN-01,energie,21.5,1
2025-06-13,GEN-02,energie,24.0,1
2025-06-13,GEN-03,energie,18.73,1
2025-06-14,FOR-01,forage,21.09,1
2025-06-14,FOR-02,forage,22.22,1
2025-06-14,FOR-03,forage,18.05,1
2025-06-14,FOR-04,forage,21.17,1
2025-06-14,PEL-01,chargement,16.79,1
2025-06-14,PEL-02,chargement,15.07,1
2025-06-14,PEL-03,chargement,19.09,1
2025-06-14,PEL-04,chargement,20.52,1
2025-06-14,PEL-05,chargement,20.56,1
2025-06-14,CAM-01,transport,15.05,1
2025-06-14,CAM-02,transport,20.79,1
2025-06-14,CAM-03,transport,15.44,1
2025-06-14,CAM-04,transport,0.0,0
2025-06-14,CAM-05,transport,17.59,1
2025-06-14,CAM-06,transport,16.63,1
2025-06-14,CAM-07,transport,19.19,1
2025-06-14,CAM-08,transport,21.38,1
2025-06-14,CAM-09,transport,22.08,1
2025-06-14,CAM-10,transport,20.17,1
2025-06-14,CAM-11,transport,13.77,1
2025-06-14,CAM-12,transport,16.13,1
2025-06-14,GEN-01,energie,23.44,1
2025-06-14,GEN-02,energie,21.63,1
2025-06-14,GEN-03,energie,23.14,1
2025-06-15,FOR-01,forage,18.21,1
2025-06-15,FOR-02,forage,19.24,1
2025-06-15,FOR-03,forage,15.88,1
2025-06-15,FOR-04,forage,14.17,1
2025-06-15,PEL-01,chargement,20.69,1
2025-06-15,PEL-02,chargement,21.56,1
2025-06-15,PEL-03,chargement,21.74,1
2025-06-15,PEL-04,chargement,18.62,1
2025-06-15,PEL-05,chargement,16.74,1
2025-06-15,CAM-01,transport,21.63,1
2025-06-15,CAM-02,transport,20.38,1
2025-06-15,CAM-03,transport,20.5,1
2025-06-15,CAM-04,transport,15.14,1
2025-06-15,CAM-05,transport,10.47,1
2025-06-15,CAM-06,transport,18.13,1
2025-06-15,CAM-07,transport,14.26,1
2025-06-15,CAM-08,transport,16.63,1
2025-06-15,CAM-09,transport,21.55,1
2025-06-15,CAM-10,transport,15.64,1
2025-06-15,CAM-11,transport,20.44,1
2025-06-15,CAM-12,transport,17.51,1
2025-06-15,GEN-01,energie,21.03,1
2025-06-15,GEN-02,energie,20.58,1
2025-06-15,GEN-03,energie,20.49,1
2025-06-16,FOR-01,forage,18.78,1
2025-06-16,FOR-02,forage,13.45,1
2025-06-16,FOR-03,forage,21.56,1
2025-06-16,FOR-04,forage,15.11,1
2025-06-16,PEL-01,chargement,20.46,1
2025-06-16,PEL-02,chargement,0.0,0
2025-06-16,PEL-03,chargement,16.33,1
2025-06-16,PEL-04,chargement,20.55,1
2025-06-16,PEL-05,chargement,18.63,1
2025-06-16,CAM-01,transport,17.83,1
2025-06-16,CAM-02,transport,18.68,1
2025-06-16,CAM-03,transport,18.38,1
2025-06-16,CAM-04,transport,16.99,1
2025-06-16,CAM-05,transport,10.61,1
2025-06-16,CAM-06,transport,13.64,1
2025-06-16,CAM-07,transport,16.23,1
2025-06-16,CAM-08,transport,17.39,1
2025-06-16,CAM-09,transport,16.13,1
2025-06-16,CAM-10,transport,19.49,1
2025-06-16,CAM-11,transport,17.03,1
2025-06-16,CAM-12,transport,18.34,1
2025-06-16,GEN-01,energie,23.17,1
2025-06-16,GEN-02,energie,21.62,1
2025-06-16,GEN-03,energie,20.09,1
2025-06-17,FOR-01,forage,0.0,0
2025-06-17,FOR-02,forage,20.6,1
2025-06-17,FOR-03,forage,14.2,1
2025-06-17,FOR-04,forage,15.73,1
2025-06-17,PEL-01,chargement,19.16,1
2025-06-17,PEL-02,chargement,0.0,0
2025-06-17,PEL-03,chargement,16.59,1
2025-06-17,PEL-04,chargement,22.94,1
2025-06-17,PEL-05,chargement,19.9,1
2025-06-17,CAM-01,transport,21.82,1
2025-06-17,CAM-02,transport,22.79,1
2025-06-17,CAM-03,transport,17.01,1
2025-06-17,CAM-04,transport,17.8,1
2025-06-17,CAM-05,transport,21.48,1
2025-06-17,CAM-06,transport,20.33,1
2025-06-17,CAM-07,transport,18.5,1
2025-06-17,CAM-08,transport,21.8,1
2025-06-17,CAM-09,transport,20.12,1
2025-06-17,CAM-10,transport,20.42,1
2025-06-17,CAM-11,transport,19.11,1
2025-06-17,CAM-12,transport,13.06,1
2025-06-17,GEN-01,energie,21.35,1
2025-06-17,GEN-02,energie,22.31,1
2025-06-17,GEN-03,energie,24.0,1
2025-06-18,FOR-01,forage,16.55,1
2025-06-18,FOR-02,forage,18.68,1
2025-06-18,FOR-03,forage,13.81,1
2025-06-18,FOR-04,forage,15.07,1
2025-06-18,PEL-01,chargement,13.74,1
2025-06-18,PEL-02,chargement,17.16,1
2025-06-18,PEL-03,chargement,15.91,1
2025-06-18,PEL-04,chargement,16.5,1
2025-06-18,PEL-05,chargement,16.21,1
2025-06-18,CAM-01,transport,17.68,1
2025-06-18,CAM-02,transport,12.99,1
2025-06-18,CAM-03,transport,15.39,1
2025-06-18,CAM-04,transport,18.21,1
2025-06-18,CAM-05,transport,17.45,1
2025-06-18,CAM-06,transport,19.9,1
2025-06-18,CAM-07,transport,16.78,1
2025-06-18,CAM-08,transport,9.86,1
2025-06-18,CAM-09,transport,16.22,1
2025-06-18,CAM-10,transport,14.67,1
2025-06-18,CAM-11,transport,18.93,1
2025-06-18,CAM-12,transport,13.45,1
2025-06-18,GEN-01,energie,24.0,1
2025-06-18,GEN-02,energie,23.87,1
2025-06-18,GEN-03,energie,20.29,1
2025-06-19,FOR-01,forage,17.26,1
2025-06-19,FOR-02,forage,18.09,1
2025-06-19,FOR-03,forage,20.66,1
2025-06-19,FOR-04,forage,22.11,1
2025-06-19,PEL-01,chargement,23.0,1
2025-06-19,PEL-02,chargement,17.84,1
2025-06-19,PEL-03,chargement,21.58,1
2025-06-19,PEL-04,chargement,15.41,1
2025-06-19,PEL-05,chargement,18.05,1
2025-06-19,CAM-01,transport,17.05,1
2025-06-19,CAM-02,transport,17.03,1
2025-06-19,CAM-03,transport,19.12,1
2025-06-19,CAM-04,transport,20.61,1
2025-06-19,CAM-05,transport,19.7,1
2025-06-19,CAM-06,transport,17.16,1
2025-06-19,CAM-07,transport,18.57,1
2025-06-19,CAM-08,transport,24.0,1
2025-06-19,CAM-09,transport,20.57,1
2025-06-19,CAM-10,transport,17.79,1
2025-06-19,CAM-11,transport,14.2,1
2025-06-19,CAM-12,transport,12.09,1
2025-06-19,GEN-01,energie,21.13,1
2025-06-19,GEN-02,energie,20.25,1
2025-06-19,GEN-03,energie,21.85,1
2025-06-20,FOR-01,forage,20.22,1
2025-06-20,FOR-02,forage,23.73,1
2025-06-20,FOR-03,forage,17.57,1
2025-06-20,FOR-04,forage,21.54,1
2025-06-20,PEL-01,chargement,20.43,1
2025-06-20,PEL-02,chargement,17.72,1
2025-06-20,PEL-03,chargement,20.36,1
2025-06-20,PEL-04,chargement,23.87,1
2025-06-20,PEL-05,chargement,19.6,1
2025-06-20,CAM-01,transport,23.61,1
2025-06-20,CAM-02,transport,15.07,1
2025-06-20,CAM-03,transport,15.6,1
2025-06-20,CAM-04,transport,16.99,1
2025-06-20,CAM-05,transport,18.51,1
2025-06-20,CAM-06,transport,15.9,1
2025-06-20,CAM-07,transport,15.66,1
2025-06-20,CAM-08,transport,20.88,1
2025-06-20,CAM-09,transport,15.43,1
2025-06-20,CAM-10,transport,14.66,1
2025-06-20,CAM-11,transport,22.01,1
2025-06-20,CAM-12,transport,18.72,1
2025-06-20,GEN-01,energie,23.05,1
2025-06-20,GEN-02,energie,20.81,1
2025-06-20,GEN-03,energie,18.9,1
2025-06-21,FOR-01,forage,23.15,1
2025-06-21,FOR-02,forage,24.0,1
2025-06-21,FOR-03,forage,21.2,1
2025-06-21,FOR-04,forage,18.42,1
2025-06-21,PEL-01,chargement,20.65,1
2025-06-21,PEL-02,chargement,20.9,1
2025-06-21,PEL-03,chargement,13.15,1
2025-06-21,PEL-04,chargement,13.13,1
2025-06-21,PEL-05,chargement,17.71,1
2025-06-21,CAM-01,transport,17.87,1
2025-06-21,CAM-02,transport,17.63,1
2025-06-21,CAM-03,transport,24.0,1
2025-06-21,CAM-04,transport,12.99,1
2025-06-21,CAM-05,transport,21.43,1
2025-06-21,CAM-06,transport,14.77,1
2025-06-21,CAM-07,transport,19.81,1
2025-06-21,CAM-08,transport,18.6,1
2025-06-21,CAM-09,transport,21.51,1
2025-06-21,CAM-10,transport,21.03,1
2025-06-21,CAM-11,transport,15.44,1
2025-06-21,CAM-12,transport,13.84,1
2025-06-21,GEN-01,energie,23.83,1
2025-06-21,GEN-02,energie,23.0,1
2025-06-21,GEN-03,energie,23.58,1
2025-06-22,FOR-01,forage,17.03,1
2025-06-22,FOR-02,forage,18.01,1
2025-06-22,FOR-03,forage,24.0,1
2025-06-22,FOR-04,forage,15.94,1
2025-06-22,PEL-01,chargement,21.09,1
2025-06-22,PEL-02,chargement,14.92,1
2025-06-22,PEL-03,chargement,17.82,1
2025-06-22,PEL-04,chargement,18.16,1
2025-06-22,PEL-05,chargement,13.61,1
2025-06-22,CAM-01,transport,21.61,1
2025-06-22,CAM-02,transport,22.7,1
2025-06-22,CAM-03,transport,20.75,1
2025-06-22,CAM-04,transport,17.39,1
2025-06-22,CAM-05,transport,17.67,1
2025-06-22,CAM-06,transport,14.62,1
2025-06-22,CAM-07,transport,17.05,1
2025-06-22,CAM-08,transport,21.55,1
2025-06-22,CAM-09,transport,23.78,1
2025-06-22,CAM-10,transport,16.4,1
2025-06-22,CAM-11,transport,16.93,1
2025-06-22,CAM-12,transport,16.98,1
2025-06-22,GEN-01,energie,21.21,1
2025-06-22,GEN-02,energie,22.64,1
2025-06-22,GEN-03,energie,23.12,1
2025-06-23,FOR-01,forage,16.19,1
2025-06-23,FOR-02,forage,15.99,1
2025-06-23,FOR-03,forage,19.36,1
2025-06-23,FOR-04,forage,12.63,1
2025-06-23,PEL-01,chargement,12.52,1
2025-06-23,PEL-02,chargement,21.59,1
2025-06-23,PEL-03,chargement,20.07,1
2025-06-23,PEL-04,chargement,13.58,1
2025-06-23,PEL-05,chargement,15.42,1
2025-06-23,CAM-01,transport,21.44,1
2025-06-23,CAM-02,transport,15.39,1
2025-06-23,CAM-03,transport,21.36,1
2025-06-23,CAM-04,transport,16.36,1
2025-06-23,CAM-05,transport,17.33,1
2025-06-23,CAM-06,transport,14.68,1
2025-06-23,CAM-07,transport,17.51,1
2025-06-23,CAM-08,transport,20.81,1
2025-06-23,CAM-09,transport,17.7,1
2025-06-23,CAM-10,transport,17.81,1
2025-06-23,CAM-11,transport,0.0,0
2025-06-23,CAM-12,transport,17.5,1
2025-06-23,GEN-01,energie,24.0,1
2025-06-23,GEN-02,energie,22.66,1
2025-06-23,GEN-03,energie,19.41,1
